# Collisional ionization equilibrium benchmark for the `cie_h` network.
#
# Produced with JAFF (python_solve_ivp template) + SciPy LSODA,
# rtol = 1e-12, atol = 1e-30.
#
# Fixed gas temperature Tgas = 15000 K, total hydrogen n_tot = 1 cm^-3,
# initial ionization fraction x = 0.001.
#
# Every term in the right-hand side is second order in density, so the solution
# depends on time and density only through the product t * n_tot: for another
# n_tot, rescale time by n_tot(here) / n_tot(yours). Column `tn` is that
# invariant.
#
# Analytic equilibrium: x_eq = k1(T) / (k1(T) + k2(T)) = 5.0694169446465676e-01
#   k1(T) = 5.85e-11 * sqrt(T) * exp(-157809.1 / T)   [cm^3 s^-1]
#   k2(T) = 2.6e-13 * (T / 1e4)^-0.8                  [cm^3 s^-1]
#
# Verified against the analytic solution:
#   |x(t_end) - x_eq| / x_eq        = 4.380e-16
#   max |(n_H + n_H+) / n_tot - 1|  = 1.554e-15   (nuclei conservation)
#   max |n_e - n_H+| / n_tot        = 2.776e-17   (charge conservation)
#
# Columns: time [s], t * n_tot [s cm^-3], number densities [cm^-3],
#          ionization fraction x = n_H+ / (n_H + n_H+).
# t                      tn                     n_H                    n_Hp                     n_e                       x
  0.0000000000000000e+00   0.0000000000000000e+00   9.9900000000000000e-01   1.0000000000000002e-03   1.0000000000000002e-03   1.0000000000000002e-03
  1.0000000000000000e+08   1.0000000000000000e+08   9.9899998071113216e-01   1.0000192888677626e-03   1.0000192888677626e-03   1.0000192888677628e-03
  1.0046157902783968e+08   1.0046157902783968e+08   9.9899998062209805e-01   1.0000193779019873e-03   1.0000193779019873e-03   1.0000193779019873e-03
  1.0092528860766834e+08   1.0092528860766834e+08   9.9899998053265271e-01   1.0000194673471833e-03   1.0000194673471833e-03   1.0000194673471835e-03
  1.0139113857366799e+08   1.0139113857366799e+08   9.9899998044279481e-01   1.0000195572052474e-03   1.0000195572052474e-03   1.0000195572052474e-03
  1.0185913880541149e+08   1.0185913880541149e+08   9.9899998035252180e-01   1.0000196474780857e-03   1.0000196474780857e-03   1.0000196474780859e-03
  1.0232929922807537e+08   1.0232929922807537e+08   9.9899998026183245e-01   1.0000197381676128e-03   1.0000197381676128e-03   1.0000197381676128e-03
  1.0280162981264746e+08   1.0280162981264746e+08   9.9899998017072422e-01   1.0000198292757520e-03   1.0000198292757520e-03   1.0000198292757520e-03
  1.0327614057613958e+08   1.0327614057613958e+08   9.9899998007919555e-01   1.0000199208044355e-03   1.0000199208044355e-03   1.0000199208044355e-03
  1.0375284158180127e+08   1.0375284158180127e+08   9.9899997998724432e-01   1.0000200127556046e-03   1.0000200127556046e-03   1.0000200127556049e-03
  1.0423174293933058e+08   1.0423174293933058e+08   9.9899997989486877e-01   1.0000201051312096e-03   1.0000201051312096e-03   1.0000201051312096e-03
  1.0471285480508985e+08   1.0471285480508985e+08   9.9899997980206678e-01   1.0000201979332097e-03   1.0000201979332097e-03   1.0000201979332097e-03
  1.0519618738232234e+08   1.0519618738232234e+08   9.9899997970883636e-01   1.0000202911635728e-03   1.0000202911635728e-03   1.0000202911635730e-03
  1.0568175092136563e+08   1.0568175092136563e+08   9.9899997961517573e-01   1.0000203848242765e-03   1.0000203848242765e-03   1.0000203848242765e-03
  1.0616955571987242e+08   1.0616955571987242e+08   9.9899997952108266e-01   1.0000204789173074e-03   1.0000204789173074e-03   1.0000204789173074e-03
  1.0665961212302589e+08   1.0665961212302589e+08   9.9899997942655527e-01   1.0000205734446606e-03   1.0000205734446606e-03   1.0000205734446608e-03
  1.0715193052376048e+08   1.0715193052376048e+08   9.9899997933159157e-01   1.0000206684083414e-03   1.0000206684083414e-03   1.0000206684083416e-03
  1.0764652136298349e+08   1.0764652136298349e+08   9.9899997923618966e-01   1.0000207638103636e-03   1.0000207638103636e-03   1.0000207638103636e-03
  1.0814339512979397e+08   1.0814339512979397e+08   9.9899997914034722e-01   1.0000208596527506e-03   1.0000208596527506e-03   1.0000208596527506e-03
  1.0864256236170645e+08   1.0864256236170645e+08   9.9899997904406235e-01   1.0000209559375354e-03   1.0000209559375354e-03   1.0000209559375356e-03
  1.0914403364487572e+08   1.0914403364487572e+08   9.9899997894733328e-01   1.0000210526667599e-03   1.0000210526667599e-03   1.0000210526667599e-03
  1.0964781961431828e+08   1.0964781961431828e+08   9.9899997885015746e-01   1.0000211498424755e-03   1.0000211498424755e-03   1.0000211498424757e-03
  1.1015393095414145e+08   1.1015393095414145e+08   9.9899997875253321e-01   1.0000212474667433e-03   1.0000212474667433e-03   1.0000212474667433e-03
  1.1066237839776675e+08   1.1066237839776675e+08   9.9899997865445844e-01   1.0000213455416337e-03   1.0000213455416337e-03   1.0000213455416337e-03
  1.1117317272815897e+08   1.1117317272815897e+08   9.9899997855593081e-01   1.0000214440692272e-03   1.0000214440692272e-03   1.0000214440692272e-03
  1.1168632477805611e+08   1.1168632477805611e+08   9.9899997845694832e-01   1.0000215430516130e-03   1.0000215430516130e-03   1.0000215430516133e-03
  1.1220184543019652e+08   1.1220184543019652e+08   9.9899997835750909e-01   1.0000216424908904e-03   1.0000216424908904e-03   1.0000216424908904e-03
  1.1271974561755094e+08   1.1271974561755094e+08   9.9899997825761089e-01   1.0000217423891688e-03   1.0000217423891688e-03   1.0000217423891688e-03
  1.1324003632355577e+08   1.1324003632355577e+08   9.9899997815725139e-01   1.0000218427485669e-03   1.0000218427485669e-03   1.0000218427485669e-03
  1.1376272858234286e+08   1.1376272858234286e+08   9.9899997805642871e-01   1.0000219435712127e-03   1.0000219435712127e-03   1.0000219435712129e-03
  1.1428783347897713e+08   1.1428783347897713e+08   9.9899997795514073e-01   1.0000220448592452e-03   1.0000220448592452e-03   1.0000220448592452e-03
  1.1481536214968841e+08   1.1481536214968841e+08   9.9899997785338512e-01   1.0000221466148120e-03   1.0000221466148120e-03   1.0000221466148122e-03
  1.1534532578210907e+08   1.1534532578210907e+08   9.9899997775115990e-01   1.0000222488400717e-03   1.0000222488400717e-03   1.0000222488400717e-03
  1.1587773561551262e+08   1.1587773561551262e+08   9.9899997764846282e-01   1.0000223515371923e-03   1.0000223515371923e-03   1.0000223515371923e-03
  1.1641260294104932e+08   1.1641260294104932e+08   9.9899997754529168e-01   1.0000224547083521e-03   1.0000224547083521e-03   1.0000224547083521e-03
  1.1694993910198699e+08   1.1694993910198699e+08   9.9899997744164415e-01   1.0000225583557385e-03   1.0000225583557385e-03   1.0000225583557387e-03
  1.1748975549395303e+08   1.1748975549395303e+08   9.9899997733751844e-01   1.0000226624815509e-03   1.0000226624815509e-03   1.0000226624815509e-03
  1.1803206356517275e+08   1.1803206356517275e+08   9.9899997723291190e-01   1.0000227670879968e-03   1.0000227670879968e-03   1.0000227670879970e-03
  1.1857687481671597e+08   1.1857687481671597e+08   9.9899997712782262e-01   1.0000228721772952e-03   1.0000228721772952e-03   1.0000228721772954e-03
  1.1912420080273762e+08   1.1912420080273762e+08   9.9899997702224830e-01   1.0000229777516747e-03   1.0000229777516747e-03   1.0000229777516747e-03
  1.1967405313072419e+08   1.1967405313072419e+08   9.9899997691618658e-01   1.0000230838133745e-03   1.0000230838133745e-03   1.0000230838133745e-03
  1.2022644346174131e+08   1.2022644346174131e+08   9.9899997680963526e-01   1.0000231903646445e-03   1.0000231903646445e-03   1.0000231903646447e-03
  1.2078138351067823e+08   1.2078138351067823e+08   9.9899997670259233e-01   1.0000232974077439e-03   1.0000232974077439e-03   1.0000232974077439e-03
  1.2133888504649761e+08   1.2133888504649761e+08   9.9899997659505502e-01   1.0000234049449437e-03   1.0000234049449437e-03   1.0000234049449437e-03
  1.2189895989248674e+08   1.2189895989248674e+08   9.9899997648702143e-01   1.0000235129785241e-03   1.0000235129785241e-03   1.0000235129785241e-03
  1.2246161992650464e+08   1.2246161992650464e+08   9.9899997637848925e-01   1.0000236215107765e-03   1.0000236215107765e-03   1.0000236215107765e-03
  1.2302687708123811e+08   1.2302687708123811e+08   9.9899997626945591e-01   1.0000237305440027e-03   1.0000237305440027e-03   1.0000237305440030e-03
  1.2359474334445119e+08   1.2359474334445119e+08   9.9899997615991942e-01   1.0000238400805158e-03   1.0000238400805158e-03   1.0000238400805161e-03
  1.2416523075924094e+08   1.2416523075924094e+08   9.9899997604987734e-01   1.0000239501226382e-03   1.0000239501226382e-03   1.0000239501226382e-03
  1.2473835142429432e+08   1.2473835142429432e+08   9.9899997593932732e-01   1.0000240606727042e-03   1.0000240606727042e-03   1.0000240606727042e-03
  1.2531411749414182e+08   1.2531411749414182e+08   9.9899997582826694e-01   1.0000241717330583e-03   1.0000241717330583e-03   1.0000241717330583e-03
  1.2589254117941661e+08   1.2589254117941661e+08   9.9899997571669386e-01   1.0000242833060565e-03   1.0000242833060565e-03   1.0000242833060567e-03
  1.2647363474711522e+08   1.2647363474711522e+08   9.9899997560460596e-01   1.0000243953940645e-03   1.0000243953940645e-03   1.0000243953940645e-03
  1.2705741052085394e+08   1.2705741052085394e+08   9.9899997549200048e-01   1.0000245079994597e-03   1.0000245079994597e-03   1.0000245079994600e-03
  1.2764388088113435e+08   1.2764388088113435e+08   9.9899997537887530e-01   1.0000246211246306e-03   1.0000246211246306e-03   1.0000246211246309e-03
  1.2823305826560231e+08   1.2823305826560231e+08   9.9899997526522799e-01   1.0000247347719765e-03   1.0000247347719765e-03   1.0000247347719765e-03
  1.2882495516931322e+08   1.2882495516931322e+08   9.9899997515105610e-01   1.0000248489439080e-03   1.0000248489439080e-03   1.0000248489439080e-03
  1.2941958414499864e+08   1.2941958414499864e+08   9.9899997503635718e-01   1.0000249636428458e-03   1.0000249636428458e-03   1.0000249636428458e-03
  1.3001695780332926e+08   1.3001695780332926e+08   9.9899997492112880e-01   1.0000250788712234e-03   1.0000250788712234e-03   1.0000250788712234e-03
  1.3061708881318404e+08   1.3061708881318404e+08   9.9899997480536851e-01   1.0000251946314840e-03   1.0000251946314840e-03   1.0000251946314840e-03
  1.3121998990192042e+08   1.3121998990192042e+08   9.9899997468907387e-01   1.0000253109260836e-03   1.0000253109260836e-03   1.0000253109260836e-03
  1.3182567385564047e+08   1.3182567385564047e+08   9.9899997457224254e-01   1.0000254277574879e-03   1.0000254277574879e-03   1.0000254277574879e-03
  1.3243415351946643e+08   1.3243415351946643e+08   9.9899997445487176e-01   1.0000255451281753e-03   1.0000255451281753e-03   1.0000255451281755e-03
  1.3304544179780927e+08   1.3304544179780927e+08   9.9899997433695942e-01   1.0000256630406351e-03   1.0000256630406351e-03   1.0000256630406351e-03
  1.3365955165464406e+08   1.3365955165464406e+08   9.9899997421850262e-01   1.0000257814973680e-03   1.0000257814973680e-03   1.0000257814973680e-03
  1.3427649611378643e+08   1.3427649611378643e+08   9.9899997409949914e-01   1.0000259005008864e-03   1.0000259005008864e-03   1.0000259005008864e-03
  1.3489628825916561e+08   1.3489628825916561e+08   9.9899997397994622e-01   1.0000260200537145e-03   1.0000260200537145e-03   1.0000260200537148e-03
  1.3551894123510352e+08   1.3551894123510352e+08   9.9899997385984152e-01   1.0000261401583875e-03   1.0000261401583875e-03   1.0000261401583877e-03
  1.3614446824659511e+08   1.3614446824659511e+08   9.9899997373918248e-01   1.0000262608174531e-03   1.0000262608174531e-03   1.0000262608174534e-03
  1.3677288255958468e+08   1.3677288255958468e+08   9.9899997361796644e-01   1.0000263820334704e-03   1.0000263820334704e-03   1.0000263820334706e-03
  1.3740419750125149e+08   1.3740419750125149e+08   9.9899997349619096e-01   1.0000265038090101e-03   1.0000265038090101e-03   1.0000265038090101e-03
  1.3803842646028867e+08   1.3803842646028867e+08   9.9899997337385327e-01   1.0000266261466549e-03   1.0000266261466549e-03   1.0000266261466551e-03
  1.3867558288718867e+08   1.3867558288718867e+08   9.9899997325095102e-01   1.0000267490489999e-03   1.0000267490489999e-03   1.0000267490489999e-03
  1.3931568029453036e+08   1.3931568029453036e+08   9.9899997312748123e-01   1.0000268725186513e-03   1.0000268725186513e-03   1.0000268725186515e-03
  1.3995873225726208e+08   1.3995873225726208e+08   9.9899997300344168e-01   1.0000269965582281e-03   1.0000269965582281e-03   1.0000269965582283e-03
  1.4060475241299129e+08   1.4060475241299129e+08   9.9899997287882958e-01   1.0000271211703610e-03   1.0000271211703610e-03   1.0000271211703612e-03
  1.4125375446227553e+08   1.4125375446227553e+08   9.9899997275364227e-01   1.0000272463576930e-03   1.0000272463576930e-03   1.0000272463576930e-03
  1.4190575216890898e+08   1.4190575216890898e+08   9.9899997262787710e-01   1.0000273721228793e-03   1.0000273721228793e-03   1.0000273721228793e-03
  1.4256075936021879e+08   1.4256075936021879e+08   9.9899997250153139e-01   1.0000274984685871e-03   1.0000274984685871e-03   1.0000274984685871e-03
  1.4321878992735454e+08   1.4321878992735454e+08   9.9899997237460247e-01   1.0000276253974963e-03   1.0000276253974963e-03   1.0000276253974963e-03
  1.4387985782558438e+08   1.4387985782558438e+08   9.9899997224708759e-01   1.0000277529122990e-03   1.0000277529122990e-03   1.0000277529122993e-03
  1.4454397707459280e+08   1.4454397707459280e+08   9.9899997211898428e-01   1.0000278810156998e-03   1.0000278810156998e-03   1.0000278810156998e-03
  1.4521116175877449e+08   1.4521116175877449e+08   9.9899997199028956e-01   1.0000280097104150e-03   1.0000280097104150e-03   1.0000280097104150e-03
  1.4588142602753475e+08   1.4588142602753475e+08   9.9899997186100076e-01   1.0000281389991750e-03   1.0000281389991750e-03   1.0000281389991753e-03
  1.4655478409559128e+08   1.4655478409559128e+08   9.9899997173111521e-01   1.0000282688847214e-03   1.0000282688847214e-03   1.0000282688847216e-03
  1.4723125024327165e+08   1.4723125024327165e+08   9.9899997160063025e-01   1.0000283993698094e-03   1.0000283993698094e-03   1.0000283993698094e-03
  1.4791083881682071e+08   1.4791083881682071e+08   9.9899997146954278e-01   1.0000285304572062e-03   1.0000285304572062e-03   1.0000285304572062e-03
  1.4859356422870091e+08   1.4859356422870091e+08   9.9899997133785023e-01   1.0000286621496923e-03   1.0000286621496923e-03   1.0000286621496925e-03
  1.4927944095789945e+08   1.4927944095789945e+08   9.9899997120554984e-01   1.0000287944500607e-03   1.0000287944500607e-03   1.0000287944500609e-03
  1.4996848355023742e+08   1.4996848355023742e+08   9.9899997107263883e-01   1.0000289273611176e-03   1.0000289273611176e-03   1.0000289273611178e-03
  1.5066070661867449e+08   1.5066070661867449e+08   9.9899997093911430e-01   1.0000290608856814e-03   1.0000290608856814e-03   1.0000290608856814e-03
  1.5135612484362072e+08   1.5135612484362072e+08   9.9899997080497349e-01   1.0000291950265847e-03   1.0000291950265847e-03   1.0000291950265847e-03
  1.5205475297324970e+08   1.5205475297324970e+08   9.9899997067021329e-01   1.0000293297866723e-03   1.0000293297866723e-03   1.0000293297866723e-03
  1.5275660582380700e+08   1.5275660582380700e+08   9.9899997053483114e-01   1.0000294651688027e-03   1.0000294651688027e-03   1.0000294651688029e-03
  1.5346169827992940e+08   1.5346169827992940e+08   9.9899997039882416e-01   1.0000296011758469e-03   1.0000296011758469e-03   1.0000296011758469e-03
  1.5417004529495615e+08   1.5417004529495615e+08   9.9899997026218923e-01   1.0000297378106896e-03   1.0000297378106896e-03   1.0000297378106899e-03
  1.5488166189124796e+08   1.5488166189124796e+08   9.9899997012492370e-01   1.0000298750762291e-03   1.0000298750762291e-03   1.0000298750762293e-03
  1.5559656316050750e+08   1.5559656316050750e+08   9.9899996998702456e-01   1.0000300129753763e-03   1.0000300129753763e-03   1.0000300129753765e-03
  1.5631476426409572e+08   1.5631476426409572e+08   9.9899996984848893e-01   1.0000301515110561e-03   1.0000301515110561e-03   1.0000301515110561e-03
  1.5703628043335515e+08   1.5703628043335515e+08   9.9899996970931382e-01   1.0000302906862069e-03   1.0000302906862069e-03   1.0000302906862069e-03
  1.5776112696993500e+08   1.5776112696993500e+08   9.9899996956949610e-01   1.0000304305037803e-03   1.0000304305037803e-03   1.0000304305037805e-03
  1.5848931924611109e+08   1.5848931924611109e+08   9.9899996942903324e-01   1.0000305709667420e-03   1.0000305709667420e-03   1.0000305709667420e-03
  1.5922087270511699e+08   1.5922087270511699e+08   9.9899996928792190e-01   1.0000307120780715e-03   1.0000307120780715e-03   1.0000307120780715e-03
  1.5995580286146712e+08   1.5995580286146712e+08   9.9899996914615918e-01   1.0000308538407607e-03   1.0000308538407607e-03   1.0000308538407610e-03
  1.6069412530128756e+08   1.6069412530128756e+08   9.9899996900374211e-01   1.0000309962578174e-03   1.0000309962578174e-03   1.0000309962578176e-03
  1.6143585568264869e+08   1.6143585568264869e+08   9.9899996886066778e-01   1.0000311393322616e-03   1.0000311393322616e-03   1.0000311393322616e-03
  1.6218100973589331e+08   1.6218100973589331e+08   9.9899996871693286e-01   1.0000312830671281e-03   1.0000312830671281e-03   1.0000312830671281e-03
  1.6292960326397213e+08   1.6292960326397213e+08   9.9899996857253448e-01   1.0000314274654651e-03   1.0000314274654651e-03   1.0000314274654651e-03
  1.6368165214278102e+08   1.6368165214278102e+08   9.9899996842746963e-01   1.0000315725303358e-03   1.0000315725303358e-03   1.0000315725303358e-03
  1.6443717232149291e+08   1.6443717232149291e+08   9.9899996828173521e-01   1.0000317182648165e-03   1.0000317182648165e-03   1.0000317182648165e-03
  1.6519617982290149e+08   1.6519617982290149e+08   9.9899996813532799e-01   1.0000318646719980e-03   1.0000318646719980e-03   1.0000318646719980e-03
  1.6595869074375629e+08   1.6595869074375629e+08   9.9899996798824497e-01   1.0000320117549864e-03   1.0000320117549864e-03   1.0000320117549864e-03
  1.6672472125510609e+08   1.6672472125510609e+08   9.9899996784048306e-01   1.0000321595169009e-03   1.0000321595169009e-03   1.0000321595169009e-03
  1.6749428760264382e+08   1.6749428760264382e+08   9.9899996769203914e-01   1.0000323079608748e-03   1.0000323079608748e-03   1.0000323079608748e-03
  1.6826740610704708e+08   1.6826740610704708e+08   9.9899996754290998e-01   1.0000324570900575e-03   1.0000324570900575e-03   1.0000324570900575e-03
  1.6904409316432631e+08   1.6904409316432631e+08   9.9899996739309238e-01   1.0000326069076115e-03   1.0000326069076115e-03   1.0000326069076115e-03
  1.6982436524617460e+08   1.6982436524617460e+08   9.9899996724258333e-01   1.0000327574167143e-03   1.0000327574167143e-03   1.0000327574167143e-03
  1.7060823890031210e+08   1.7060823890031210e+08   9.9899996709137939e-01   1.0000329086205584e-03   1.0000329086205584e-03   1.0000329086205584e-03
  1.7139573075084251e+08   1.7139573075084251e+08   9.9899996693947757e-01   1.0000330605223506e-03   1.0000330605223506e-03   1.0000330605223508e-03
  1.7218685749860096e+08   1.7218685749860096e+08   9.9899996678687464e-01   1.0000332131253132e-03   1.0000332131253132e-03   1.0000332131253132e-03
  1.7298163592150998e+08   1.7298163592150998e+08   9.9899996663356727e-01   1.0000333664326819e-03   1.0000333664326819e-03   1.0000333664326819e-03
  1.7378008287493762e+08   1.7378008287493762e+08   9.9899996647955225e-01   1.0000335204477094e-03   1.0000335204477094e-03   1.0000335204477094e-03
  1.7458221529205075e+08   1.7458221529205075e+08   9.9899996632482635e-01   1.0000336751736616e-03   1.0000336751736616e-03   1.0000336751736616e-03
  1.7538805018417603e+08   1.7538805018417603e+08   9.9899996616938613e-01   1.0000338306138203e-03   1.0000338306138203e-03   1.0000338306138203e-03
  1.7619760464116311e+08   1.7619760464116311e+08   9.9899996601322849e-01   1.0000339867714829e-03   1.0000339867714829e-03   1.0000339867714829e-03
  1.7701089583174184e+08   1.7701089583174184e+08   9.9899996585635009e-01   1.0000341436499605e-03   1.0000341436499605e-03   1.0000341436499605e-03
  1.7782794100389227e+08   1.7782794100389227e+08   9.9899996569874738e-01   1.0000343012525812e-03   1.0000343012525812e-03   1.0000343012525812e-03
  1.7864875748520535e+08   1.7864875748520535e+08   9.9899996554041726e-01   1.0000344595826874e-03   1.0000344595826874e-03   1.0000344595826876e-03
  1.7947336268325248e+08   1.7947336268325248e+08   9.9899996538135627e-01   1.0000346186436375e-03   1.0000346186436375e-03   1.0000346186436377e-03
  1.8030177408595699e+08   1.8030177408595699e+08   9.9899996522156120e-01   1.0000347784388049e-03   1.0000347784388049e-03   1.0000347784388049e-03
  1.8113400926195988e+08   1.8113400926195988e+08   9.9899996506102839e-01   1.0000349389715790e-03   1.0000349389715790e-03   1.0000349389715790e-03
  1.8197008586099824e+08   1.8197008586099824e+08   9.9899996489975462e-01   1.0000351002453646e-03   1.0000351002453646e-03   1.0000351002453646e-03
  1.8281002161427447e+08   1.8281002161427447e+08   9.9899996473773633e-01   1.0000352622635822e-03   1.0000352622635822e-03   1.0000352622635824e-03
  1.8365383433483437e+08   1.8365383433483437e+08   9.9899996457497031e-01   1.0000354250296686e-03   1.0000354250296686e-03   1.0000354250296686e-03
  1.8450154191794738e+08   1.8450154191794738e+08   9.9899996441145289e-01   1.0000355885470755e-03   1.0000355885470755e-03   1.0000355885470755e-03
  1.8535316234148142e+08   1.8535316234148142e+08   9.9899996424718063e-01   1.0000357528192714e-03   1.0000357528192714e-03   1.0000357528192716e-03
  1.8620871366628656e+08   1.8620871366628656e+08   9.9899996408215019e-01   1.0000359178497405e-03   1.0000359178497405e-03   1.0000359178497407e-03
  1.8706821403658015e+08   1.8706821403658015e+08   9.9899996391635804e-01   1.0000360836419828e-03   1.0000360836419828e-03   1.0000360836419828e-03
  1.8793168168032724e+08   1.8793168168032724e+08   9.9899996374980038e-01   1.0000362501995151e-03   1.0000362501995151e-03   1.0000362501995153e-03
  1.8879913490962926e+08   1.8879913490962926e+08   9.9899996358247412e-01   1.0000364175258699e-03   1.0000364175258699e-03   1.0000364175258699e-03
  1.8967059212111482e+08   1.8967059212111482e+08   9.9899996341437536e-01   1.0000365856245963e-03   1.0000365856245963e-03   1.0000365856245963e-03
  1.9054607179632443e+08   1.9054607179632443e+08   9.9899996324550067e-01   1.0000367544992592e-03   1.0000367544992592e-03   1.0000367544992594e-03
  1.9142559250210860e+08   1.9142559250210860e+08   9.9899996307584649e-01   1.0000369241534410e-03   1.0000369241534410e-03   1.0000369241534412e-03
  1.9230917289101616e+08   1.9230917289101616e+08   9.9899996290540927e-01   1.0000370945907398e-03   1.0000370945907398e-03   1.0000370945907398e-03
  1.9319683170169222e+08   1.9319683170169222e+08   9.9899996273418523e-01   1.0000372658147709e-03   1.0000372658147709e-03   1.0000372658147709e-03
  1.9408858775927794e+08   1.9408858775927794e+08   9.9899996256217083e-01   1.0000374378291656e-03   1.0000374378291656e-03   1.0000374378291656e-03
  1.9498445997580415e+08   1.9498445997580415e+08   9.9899996238936239e-01   1.0000376106375720e-03   1.0000376106375720e-03   1.0000376106375720e-03
  1.9588446735059890e+08   1.9588446735059890e+08   9.9899996221575627e-01   1.0000377842436562e-03   1.0000377842436562e-03   1.0000377842436564e-03
  1.9678862897068471e+08   1.9678862897068471e+08   9.9899996204134889e-01   1.0000379586510998e-03   1.0000379586510998e-03   1.0000379586510998e-03
  1.9769696401118580e+08   1.9769696401118580e+08   9.9899996186613638e-01   1.0000381338636022e-03   1.0000381338636022e-03   1.0000381338636022e-03
  1.9860949173573717e+08   1.9860949173573717e+08   9.9899996169011518e-01   1.0000383098848794e-03   1.0000383098848794e-03   1.0000383098848794e-03
  1.9952623149688828e+08   1.9952623149688828e+08   9.9899996151328130e-01   1.0000384867186653e-03   1.0000384867186653e-03   1.0000384867186653e-03
  2.0044720273651594e+08   2.0044720273651594e+08   9.9899996133563129e-01   1.0000386643687102e-03   1.0000386643687102e-03   1.0000386643687102e-03
  2.0137242498623896e+08   2.0137242498623896e+08   9.9899996115716128e-01   1.0000388428387822e-03   1.0000388428387822e-03   1.0000388428387822e-03
  2.0230191786782676e+08   2.0230191786782676e+08   9.9899996097786725e-01   1.0000390221326669e-03   1.0000390221326669e-03   1.0000390221326671e-03
  2.0323570109362209e+08   2.0323570109362209e+08   9.9899996079774589e-01   1.0000392022541664e-03   1.0000392022541664e-03   1.0000392022541664e-03
  2.0417379446695316e+08   2.0417379446695316e+08   9.9899996061679286e-01   1.0000393832071018e-03   1.0000393832071018e-03   1.0000393832071018e-03
  2.0511621788255626e+08   2.0511621788255626e+08   9.9899996043500461e-01   1.0000395649953108e-03   1.0000395649953108e-03   1.0000395649953110e-03
  2.0606299132700005e+08   2.0606299132700005e+08   9.9899996025237736e-01   1.0000397476226494e-03   1.0000397476226494e-03   1.0000397476226494e-03
  2.0701413487910455e+08   2.0701413487910455e+08   9.9899996006890701e-01   1.0000399310929908e-03   1.0000399310929908e-03   1.0000399310929908e-03
  2.0796966871036938e+08   2.0796966871036938e+08   9.9899995988458967e-01   1.0000401154102269e-03   1.0000401154102269e-03   1.0000401154102272e-03
  2.0892961308540410e+08   2.0892961308540410e+08   9.9899995969942179e-01   1.0000403005782667e-03   1.0000403005782667e-03   1.0000403005782667e-03
  2.0989398836235201e+08   2.0989398836235201e+08   9.9899995951339904e-01   1.0000404866010379e-03   1.0000404866010379e-03   1.0000404866010379e-03
  2.1086281499332887e+08   2.1086281499332887e+08   9.9899995932651742e-01   1.0000406734824857e-03   1.0000406734824857e-03   1.0000406734824859e-03
  2.1183611352485043e+08   2.1183611352485043e+08   9.9899995913877337e-01   1.0000408612265746e-03   1.0000408612265746e-03   1.0000408612265746e-03
  2.1281390459827089e+08   2.1281390459827089e+08   9.9899995895016269e-01   1.0000410498372859e-03   1.0000410498372859e-03   1.0000410498372859e-03
  2.1379620895022324e+08   2.1379620895022324e+08   9.9899995876068137e-01   1.0000412393186206e-03   1.0000412393186206e-03   1.0000412393186206e-03
  2.1478304741305375e+08   2.1478304741305375e+08   9.9899995857032542e-01   1.0000414296745975e-03   1.0000414296745975e-03   1.0000414296745975e-03
  2.1577444091526645e+08   2.1577444091526645e+08   9.9899995837909072e-01   1.0000416209092540e-03   1.0000416209092540e-03   1.0000416209092540e-03
  2.1677041048196962e+08   2.1677041048196962e+08   9.9899995818697329e-01   1.0000418130266461e-03   1.0000418130266461e-03   1.0000418130266463e-03
  2.1777097723531547e+08   2.1777097723531547e+08   9.9899995799396912e-01   1.0000420060308492e-03   1.0000420060308492e-03   1.0000420060308492e-03
  2.1877616239495519e+08   2.1877616239495519e+08   9.9899995780007411e-01   1.0000421999259567e-03   1.0000421999259567e-03   1.0000421999259567e-03
  2.1978598727848276e+08   2.1978598727848276e+08   9.9899995760528393e-01   1.0000423947160810e-03   1.0000423947160810e-03   1.0000423947160810e-03
  2.2080047330188969e+08   2.2080047330188969e+08   9.9899995740959457e-01   1.0000425904053540e-03   1.0000425904053540e-03   1.0000425904053542e-03
  2.2181964198002195e+08   2.2181964198002195e+08   9.9899995721300205e-01   1.0000427869979258e-03   1.0000427869979258e-03   1.0000427869979258e-03
  2.2284351492703077e+08   2.2284351492703077e+08   9.9899995701550193e-01   1.0000429844979667e-03   1.0000429844979667e-03   1.0000429844979669e-03
  2.2387211385683379e+08   2.2387211385683379e+08   9.9899995681709031e-01   1.0000431829096657e-03   1.0000431829096657e-03   1.0000431829096657e-03
  2.2490546058357826e+08   2.2490546058357826e+08   9.9899995661776275e-01   1.0000433822372310e-03   1.0000433822372310e-03   1.0000433822372310e-03
  2.2594357702209735e+08   2.2594357702209735e+08   9.9899995641751516e-01   1.0000435824848901e-03   1.0000435824848901e-03   1.0000435824848901e-03
  2.2698648518838212e+08   2.2698648518838212e+08   9.9899995621634308e-01   1.0000437836568911e-03   1.0000437836568911e-03   1.0000437836568911e-03
  2.2803420720004210e+08   2.2803420720004210e+08   9.9899995601424252e-01   1.0000439857575003e-03   1.0000439857575003e-03   1.0000439857575003e-03
  2.2908676527677700e+08   2.2908676527677700e+08   9.9899995581120893e-01   1.0000441887910048e-03   1.0000441887910048e-03   1.0000441887910050e-03
  2.3014418174085090e+08   2.3014418174085090e+08   9.9899995560723831e-01   1.0000443927617106e-03   1.0000443927617106e-03   1.0000443927617106e-03
  2.3120647901755989e+08   2.3120647901755989e+08   9.9899995540232600e-01   1.0000445976739440e-03   1.0000445976739440e-03   1.0000445976739440e-03
  2.3227367963571051e+08   2.3227367963571051e+08   9.9899995519646789e-01   1.0000448035320519e-03   1.0000448035320519e-03   1.0000448035320519e-03
  2.3334580622810045e+08   2.3334580622810045e+08   9.9899995498965954e-01   1.0000450103404002e-03   1.0000450103404002e-03   1.0000450103404002e-03
  2.3442288153199178e+08   2.3442288153199178e+08   9.9899995478189663e-01   1.0000452181033752e-03   1.0000452181033752e-03   1.0000452181033752e-03
  2.3550492838960090e+08   2.3550492838960090e+08   9.9899995457317459e-01   1.0000454268253840e-03   1.0000454268253840e-03   1.0000454268253840e-03
  2.3659196974857613e+08   2.3659196974857613e+08   9.9899995436348910e-01   1.0000456365108538e-03   1.0000456365108538e-03   1.0000456365108538e-03
  2.3768402866248736e+08   2.3768402866248736e+08   9.9899995415283582e-01   1.0000458471642317e-03   1.0000458471642317e-03   1.0000458471642317e-03
  2.3878112829131782e+08   2.3878112829131782e+08   9.9899995394120999e-01   1.0000460587899862e-03   1.0000460587899862e-03   1.0000460587899862e-03
  2.3988329190194947e+08   2.3988329190194947e+08   9.9899995372860739e-01   1.0000462713926055e-03   1.0000462713926055e-03   1.0000462713926055e-03
  2.4099054286865932e+08   2.4099054286865932e+08   9.9899995351502335e-01   1.0000464849765998e-03   1.0000464849765998e-03   1.0000464849765998e-03
  2.4210290467361799e+08   2.4210290467361799e+08   9.9899995330045355e-01   1.0000466995464985e-03   1.0000466995464985e-03   1.0000466995464985e-03
  2.4322040090738109e+08   2.4322040090738109e+08   9.9899995308489309e-01   1.0000469151068530e-03   1.0000469151068530e-03   1.0000469151068532e-03
  2.4434305526939714e+08   2.4434305526939714e+08   9.9899995286833776e-01   1.0000471316622360e-03   1.0000471316622360e-03   1.0000471316622360e-03
  2.4547089156850335e+08   2.4547089156850335e+08   9.9899995265078279e-01   1.0000473492172402e-03   1.0000473492172402e-03   1.0000473492172402e-03
  2.4660393372343361e+08   2.4660393372343361e+08   9.9899995243222350e-01   1.0000475677764801e-03   1.0000475677764801e-03   1.0000475677764801e-03
  2.4774220576332861e+08   2.4774220576332861e+08   9.9899995221265536e-01   1.0000477873445917e-03   1.0000477873445917e-03   1.0000477873445917e-03
  2.4888573182823953e+08   2.4888573182823953e+08   9.9899995199207370e-01   1.0000480079262323e-03   1.0000480079262323e-03   1.0000480079262325e-03
  2.5003453616964296e+08   2.5003453616964296e+08   9.9899995177047385e-01   1.0000482295260801e-03   1.0000482295260801e-03   1.0000482295260803e-03
  2.5118864315095821e+08   2.5118864315095821e+08   9.9899995154785115e-01   1.0000484521488356e-03   1.0000484521488356e-03   1.0000484521488356e-03
  2.5234807724805704e+08   2.5234807724805704e+08   9.9899995132420072e-01   1.0000486757992212e-03   1.0000486757992212e-03   1.0000486757992214e-03
  2.5351286304979071e+08   2.5351286304979071e+08   9.9899995109951800e-01   1.0000489004819803e-03   1.0000489004819803e-03   1.0000489004819803e-03
  2.5468302525850445e+08   2.5468302525850445e+08   9.9899995087379811e-01   1.0000491262018784e-03   1.0000491262018784e-03   1.0000491262018784e-03
  2.5585858869056427e+08   2.5585858869056427e+08   9.9899995064703628e-01   1.0000493529637034e-03   1.0000493529637034e-03   1.0000493529637034e-03
  2.5703957827688646e+08   2.5703957827688646e+08   9.9899995041922773e-01   1.0000495807722654e-03   1.0000495807722654e-03   1.0000495807722654e-03
  2.5822601906346011e+08   2.5822601906346011e+08   9.9899995019036758e-01   1.0000498096323959e-03   1.0000498096323959e-03   1.0000498096323959e-03
  2.5941793621188125e+08   2.5941793621188125e+08   9.9899994996045094e-01   1.0000500395489496e-03   1.0000500395489496e-03   1.0000500395489498e-03
  2.6061535499988976e+08   2.6061535499988976e+08   9.9899994972947315e-01   1.0000502705268025e-03   1.0000502705268025e-03   1.0000502705268025e-03
  2.6181830082189810e+08   2.6181830082189810e+08   9.9899994949742910e-01   1.0000505025708547e-03   1.0000505025708547e-03   1.0000505025708547e-03
  2.6302679918953815e+08   2.6302679918953815e+08   9.9899994926431401e-01   1.0000507356860277e-03   1.0000507356860277e-03   1.0000507356860277e-03
  2.6424087573219502e+08   2.6424087573219502e+08   9.9899994903012268e-01   1.0000509698772661e-03   1.0000509698772661e-03   1.0000509698772661e-03
  2.6546055619755363e+08   2.6546055619755363e+08   9.9899994879485043e-01   1.0000512051495372e-03   1.0000512051495372e-03   1.0000512051495372e-03
  2.6668586645214808e+08   2.6668586645214808e+08   9.9899994855849217e-01   1.0000514415078312e-03   1.0000514415078312e-03   1.0000514415078312e-03
  2.6791683248190370e+08   2.6791683248190370e+08   9.9899994832104277e-01   1.0000516789571620e-03   1.0000516789571620e-03   1.0000516789571623e-03
  2.6915348039269137e+08   2.6915348039269137e+08   9.9899994808249737e-01   1.0000519175025655e-03   1.0000519175025655e-03   1.0000519175025657e-03
  2.7039583641088462e+08   2.7039583641088462e+08   9.9899994784285095e-01   1.0000521571491019e-03   1.0000521571491019e-03   1.0000521571491019e-03
  2.7164392688390779e+08   2.7164392688390779e+08   9.9899994760209820e-01   1.0000523979018540e-03   1.0000523979018540e-03   1.0000523979018540e-03
  2.7289777828080404e+08   2.7289777828080404e+08   9.9899994736023401e-01   1.0000526397659286e-03   1.0000526397659286e-03   1.0000526397659288e-03
  2.7415741719278866e+08   2.7415741719278866e+08   9.9899994711725348e-01   1.0000528827464560e-03   1.0000528827464560e-03   1.0000528827464562e-03
  2.7542287033381635e+08   2.7542287033381635e+08   9.9899994687315141e-01   1.0000531268485899e-03   1.0000531268485899e-03   1.0000531268485899e-03
  2.7669416454115129e+08   2.7669416454115129e+08   9.9899994662792246e-01   1.0000533720775078e-03   1.0000533720775078e-03   1.0000533720775078e-03
  2.7797132677592939e+08   2.7797132677592939e+08   9.9899994638156164e-01   1.0000536184384115e-03   1.0000536184384115e-03   1.0000536184384115e-03
  2.7925438412373364e+08   2.7925438412373364e+08   9.9899994613406340e-01   1.0000538659365261e-03   1.0000538659365261e-03   1.0000538659365264e-03
  2.8054336379517162e+08   2.8054336379517162e+08   9.9899994588542285e-01   1.0000541145771019e-03   1.0000541145771019e-03   1.0000541145771019e-03
  2.8183829312644494e+08   2.8183829312644494e+08   9.9899994563563455e-01   1.0000543643654126e-03   1.0000543643654126e-03   1.0000543643654126e-03
  2.8313919957993788e+08   2.8313919957993788e+08   9.9899994538469328e-01   1.0000546153067565e-03   1.0000546153067565e-03   1.0000546153067565e-03
  2.8444611074479198e+08   2.8444611074479198e+08   9.9899994513259360e-01   1.0000548674064563e-03   1.0000548674064563e-03   1.0000548674064563e-03
  2.8575905433749437e+08   2.8575905433749437e+08   9.9899994487933008e-01   1.0000551206698592e-03   1.0000551206698592e-03   1.0000551206698594e-03
  2.8707805820246923e+08   2.8707805820246923e+08   9.9899994462489761e-01   1.0000553751023373e-03   1.0000553751023373e-03   1.0000553751023376e-03
  2.8840315031266117e+08   2.8840315031266117e+08   9.9899994436929063e-01   1.0000556307092874e-03   1.0000556307092874e-03   1.0000556307092877e-03
  2.8973435877013212e+08   2.8973435877013212e+08   9.9899994411250381e-01   1.0000558874961314e-03   1.0000558874961314e-03   1.0000558874961316e-03
  2.9107171180666083e+08   2.9107171180666083e+08   9.9899994385453161e-01   1.0000561454683158e-03   1.0000561454683158e-03   1.0000561454683160e-03
  2.9241523778433311e+08   2.9241523778433311e+08   9.9899994359536870e-01   1.0000564046313124e-03   1.0000564046313124e-03   1.0000564046313124e-03
  2.9376496519615304e+08   2.9376496519615304e+08   9.9899994333500941e-01   1.0000566649906188e-03   1.0000566649906188e-03   1.0000566649906188e-03
  2.9512092266663903e+08   2.9512092266663903e+08   9.9899994307344819e-01   1.0000569265517572e-03   1.0000569265517572e-03   1.0000569265517572e-03
  2.9648313895243394e+08   2.9648313895243394e+08   9.9899994281067972e-01   1.0000571893202755e-03   1.0000571893202755e-03   1.0000571893202755e-03
  2.9785164294291908e+08   2.9785164294291908e+08   9.9899994254669822e-01   1.0000574533017479e-03   1.0000574533017479e-03   1.0000574533017479e-03
  2.9922646366081953e+08   2.9922646366081953e+08   9.9899994228149824e-01   1.0000577185017734e-03   1.0000577185017734e-03   1.0000577185017734e-03
  3.0060763026282293e+08   3.0060763026282293e+08   9.9899994201507403e-01   1.0000579849259771e-03   1.0000579849259771e-03   1.0000579849259771e-03
  3.0199517204020190e+08   3.0199517204020190e+08   9.9899994174742002e-01   1.0000582525800104e-03   1.0000582525800104e-03   1.0000582525800104e-03
  3.0338911841942656e+08   3.0338911841942656e+08   9.9899994147853044e-01   1.0000585214695506e-03   1.0000585214695506e-03   1.0000585214695506e-03
  3.0478949896279830e+08   3.0478949896279830e+08   9.9899994120839963e-01   1.0000587916003012e-03   1.0000587916003012e-03   1.0000587916003014e-03
  3.0619634336906821e+08   3.0619634336906821e+08   9.9899994093702205e-01   1.0000590629779919e-03   1.0000590629779919e-03   1.0000590629779919e-03
  3.0760968147407049e+08   3.0760968147407049e+08   9.9899994066439157e-01   1.0000593356083794e-03   1.0000593356083794e-03   1.0000593356083794e-03
  3.0902954325135922e+08   3.0902954325135922e+08   9.9899994039050266e-01   1.0000596094972461e-03   1.0000596094972461e-03   1.0000596094972463e-03
  3.1045595881283617e+08   3.1045595881283617e+08   9.9899994011534954e-01   1.0000598846504017e-03   1.0000598846504017e-03   1.0000598846504020e-03
  3.1188895840939355e+08   3.1188895840939355e+08   9.9899993983892632e-01   1.0000601610736827e-03   1.0000601610736827e-03   1.0000601610736827e-03
  3.1332857243155891e+08   3.1332857243155891e+08   9.9899993956122701e-01   1.0000604387729525e-03   1.0000604387729525e-03   1.0000604387729525e-03
  3.1477483141013110e+08   3.1477483141013110e+08   9.9899993928224584e-01   1.0000607177541013e-03   1.0000607177541013e-03   1.0000607177541015e-03
  3.1622776601683795e+08   3.1622776601683795e+08   9.9899993900197692e-01   1.0000609980230467e-03   1.0000609980230467e-03   1.0000609980230467e-03
  3.1768740706497753e+08   3.1768740706497753e+08   9.9899993872041426e-01   1.0000612795857337e-03   1.0000612795857337e-03   1.0000612795857337e-03
  3.1915378551007581e+08   3.1915378551007581e+08   9.9899993843755186e-01   1.0000615624481347e-03   1.0000615624481347e-03   1.0000615624481347e-03
  3.2062693245054674e+08   3.2062693245054674e+08   9.9899993815338373e-01   1.0000618466162500e-03   1.0000618466162500e-03   1.0000618466162500e-03
  3.2210687912834281e+08   3.2210687912834281e+08   9.9899993786790386e-01   1.0000621320961063e-03   1.0000621320961063e-03   1.0000621320961063e-03
  3.2359365692962807e+08   3.2359365692962807e+08   9.9899993758110617e-01   1.0000624188937601e-03   1.0000624188937601e-03   1.0000624188937603e-03
  3.2508729738543469e+08   3.2508729738543469e+08   9.9899993729298475e-01   1.0000627070152941e-03   1.0000627070152941e-03   1.0000627070152941e-03
  3.2658783217233533e+08   3.2658783217233533e+08   9.9899993700353318e-01   1.0000629964668202e-03   1.0000629964668202e-03   1.0000629964668202e-03
  3.2809529311311901e+08   3.2809529311311901e+08   9.9899993671274556e-01   1.0000632872544778e-03   1.0000632872544778e-03   1.0000632872544778e-03
  3.2960971217745829e+08   3.2960971217745829e+08   9.9899993642061558e-01   1.0000635793844356e-03   1.0000635793844356e-03   1.0000635793844356e-03
  3.3113112148259079e+08   3.3113112148259079e+08   9.9899993612713700e-01   1.0000638728628896e-03   1.0000638728628896e-03   1.0000638728628899e-03
  3.3265955329400468e+08   3.3265955329400468e+08   9.9899993583230395e-01   1.0000641676960651e-03   1.0000641676960651e-03   1.0000641676960651e-03
  3.3419504002611494e+08   3.3419504002611494e+08   9.9899993553610977e-01   1.0000644638902161e-03   1.0000644638902161e-03   1.0000644638902161e-03
  3.3573761424295449e+08   3.3573761424295449e+08   9.9899993523854835e-01   1.0000647614516252e-03   1.0000647614516252e-03   1.0000647614516252e-03
  3.3728730865886927e+08   3.3728730865886927e+08   9.9899993493961337e-01   1.0000650603866044e-03   1.0000650603866044e-03   1.0000650603866044e-03
  3.3884415613920206e+08   3.3884415613920206e+08   9.9899993463929848e-01   1.0000653607014948e-03   1.0000653607014948e-03   1.0000653607014948e-03
  3.4040818970100093e+08   3.4040818970100093e+08   9.9899993433759726e-01   1.0000656624026662e-03   1.0000656624026662e-03   1.0000656624026664e-03
  3.4197944251370943e+08   3.4197944251370943e+08   9.9899993403450349e-01   1.0000659654965185e-03   1.0000659654965185e-03   1.0000659654965185e-03
  3.4355794789987427e+08   3.4355794789987427e+08   9.9899993373001050e-01   1.0000662699894808e-03   1.0000662699894808e-03   1.0000662699894808e-03
  3.4514373933585644e+08   3.4514373933585644e+08   9.9899993342411197e-01   1.0000665758880117e-03   1.0000665758880117e-03   1.0000665758880117e-03
  3.4673685045253098e+08   3.4673685045253098e+08   9.9899993311680146e-01   1.0000668831986002e-03   1.0000668831986002e-03   1.0000668831986002e-03
  3.4833731503601164e+08   3.4833731503601164e+08   9.9899993280807220e-01   1.0000671919277648e-03   1.0000671919277648e-03   1.0000671919277648e-03
  3.4994516702835768e+08   3.4994516702835768e+08   9.9899993249791796e-01   1.0000675020820546e-03   1.0000675020820546e-03   1.0000675020820546e-03
  3.5156044052829760e+08   3.5156044052829760e+08   9.9899993218633187e-01   1.0000678136680478e-03   1.0000678136680478e-03   1.0000678136680480e-03
  3.5318316979195702e+08   3.5318316979195702e+08   9.9899993187330760e-01   1.0000681266923543e-03   1.0000681266923543e-03   1.0000681266923543e-03
  3.5481338923357606e+08   3.5481338923357606e+08   9.9899993155883837e-01   1.0000684411616138e-03   1.0000684411616138e-03   1.0000684411616138e-03
  3.5645113342624390e+08   3.5645113342624390e+08   9.9899993124291742e-01   1.0000687570824967e-03   1.0000687570824967e-03   1.0000687570824970e-03
  3.5809643710263622e+08   3.5809643710263622e+08   9.9899993092553829e-01   1.0000690744617047e-03   1.0000690744617047e-03   1.0000690744617047e-03
  3.5974933515574306e+08   3.5974933515574306e+08   9.9899993060669401e-01   1.0000693933059695e-03   1.0000693933059695e-03   1.0000693933059695e-03
  3.6140986263961315e+08   3.6140986263961315e+08   9.9899993028637790e-01   1.0000697136220548e-03   1.0000697136220548e-03   1.0000697136220548e-03
  3.6307805477010179e+08   3.6307805477010179e+08   9.9899992996458320e-01   1.0000700354167553e-03   1.0000700354167553e-03   1.0000700354167553e-03
  3.6475394692560726e+08   3.6475394692560726e+08   9.9899992964130302e-01   1.0000703586968964e-03   1.0000703586968964e-03   1.0000703586968967e-03
  3.6643757464783335e+08   3.6643757464783335e+08   9.9899992931653070e-01   1.0000706834693361e-03   1.0000706834693361e-03   1.0000706834693361e-03
  3.6812897364253205e+08   3.6812897364253205e+08   9.9899992899025891e-01   1.0000710097409634e-03   1.0000710097409634e-03   1.0000710097409636e-03
  3.6982817978026587e+08   3.6982817978026587e+08   9.9899992866248133e-01   1.0000713375186987e-03   1.0000713375186987e-03   1.0000713375186987e-03
  3.7153522909717280e+08   3.7153522909717280e+08   9.9899992833319040e-01   1.0000716668094956e-03   1.0000716668094956e-03   1.0000716668094958e-03
  3.7325015779571986e+08   3.7325015779571986e+08   9.9899992800237958e-01   1.0000719976203383e-03   1.0000719976203383e-03   1.0000719976203385e-03
  3.7497300224548340e+08   3.7497300224548340e+08   9.9899992767004175e-01   1.0000723299582446e-03   1.0000723299582446e-03   1.0000723299582446e-03
  3.7670379898390931e+08   3.7670379898390931e+08   9.9899992733616971e-01   1.0000726638302640e-03   1.0000726638302640e-03   1.0000726638302640e-03
  3.7844258471709281e+08   3.7844258471709281e+08   9.9899992700075646e-01   1.0000729992434786e-03   1.0000729992434786e-03   1.0000729992434788e-03
  3.8018939632056123e+08   3.8018939632056123e+08   9.9899992666379489e-01   1.0000733362050035e-03   1.0000733362050035e-03   1.0000733362050037e-03
  3.8194427084004718e+08   3.8194427084004718e+08   9.9899992632527801e-01   1.0000736747219862e-03   1.0000736747219862e-03   1.0000736747219862e-03
  3.8370724549227846e+08   3.8370724549227846e+08   9.9899992598519838e-01   1.0000740148016073e-03   1.0000740148016073e-03   1.0000740148016073e-03
  3.8547835766577208e+08   3.8547835766577208e+08   9.9899992564354889e-01   1.0000743564510808e-03   1.0000743564510808e-03   1.0000743564510808e-03
  3.8725764492161649e+08   3.8725764492161649e+08   9.9899992530032233e-01   1.0000746996776540e-03   1.0000746996776540e-03   1.0000746996776540e-03
  3.8904514499428046e+08   3.8904514499428046e+08   9.9899992495551138e-01   1.0000750444886075e-03   1.0000750444886075e-03   1.0000750444886075e-03
  3.9084089579240251e+08   3.9084089579240251e+08   9.9899992460910869e-01   1.0000753908912554e-03   1.0000753908912554e-03   1.0000753908912554e-03
  3.9264493539959931e+08   3.9264493539959931e+08   9.9899992426110695e-01   1.0000757388929460e-03   1.0000757388929460e-03   1.0000757388929462e-03
  3.9445730207527846e+08   3.9445730207527846e+08   9.9899992391149883e-01   1.0000760885010610e-03   1.0000760885010610e-03   1.0000760885010612e-03
  3.9627803425544012e+08   3.9627803425544012e+08   9.9899992356027700e-01   1.0000764397230166e-03   1.0000764397230166e-03   1.0000764397230166e-03
  3.9810717055349690e+08   3.9810717055349690e+08   9.9899992320743369e-01   1.0000767925662630e-03   1.0000767925662630e-03   1.0000767925662630e-03
  3.9994474976109779e+08   3.9994474976109779e+08   9.9899992285296169e-01   1.0000771470382850e-03   1.0000771470382850e-03   1.0000771470382850e-03
  4.0179081084893918e+08   4.0179081084893918e+08   9.9899992249685343e-01   1.0000775031466019e-03   1.0000775031466019e-03   1.0000775031466019e-03
  4.0364539296760488e+08   4.0364539296760488e+08   9.9899992213910127e-01   1.0000778608987672e-03   1.0000778608987672e-03   1.0000778608987672e-03
  4.0550853544838434e+08   4.0550853544838434e+08   9.9899992177969765e-01   1.0000782203023705e-03   1.0000782203023705e-03   1.0000782203023705e-03
  4.0738027780411220e+08   4.0738027780411220e+08   9.9899992141863492e-01   1.0000785813650348e-03   1.0000785813650348e-03   1.0000785813650348e-03
  4.0926065973001099e+08   4.0926065973001099e+08   9.9899992105590552e-01   1.0000789440944198e-03   1.0000789440944198e-03   1.0000789440944200e-03
  4.1114972110452294e+08   4.1114972110452294e+08   9.9899992069150167e-01   1.0000793084982199e-03   1.0000793084982199e-03   1.0000793084982201e-03
  4.1304750199016106e+08   4.1304750199016106e+08   9.9899992032541585e-01   1.0000796745841649e-03   1.0000796745841649e-03   1.0000796745841649e-03
  4.1495404263436323e+08   4.1495404263436323e+08   9.9899991995764004e-01   1.0000800423600206e-03   1.0000800423600206e-03   1.0000800423600206e-03
  4.1686938347033465e+08   4.1686938347033465e+08   9.9899991958816636e-01   1.0000804118335883e-03   1.0000804118335883e-03   1.0000804118335883e-03
  4.1879356511791825e+08   4.1879356511791825e+08   9.9899991921698728e-01   1.0000807830127059e-03   1.0000807830127059e-03   1.0000807830127059e-03
  4.2072662838444459e+08   4.2072662838444459e+08   9.9899991884409478e-01   1.0000811559052465e-03   1.0000811559052465e-03   1.0000811559052465e-03
  4.2266861426560241e+08   4.2266861426560241e+08   9.9899991846948089e-01   1.0000815305191209e-03   1.0000815305191209e-03   1.0000815305191209e-03
  4.2461956394631296e+08   4.2461956394631296e+08   9.9899991809313771e-01   1.0000819068622755e-03   1.0000819068622755e-03   1.0000819068622755e-03
  4.2657951880159342e+08   4.2657951880159342e+08   9.9899991771505725e-01   1.0000822849426931e-03   1.0000822849426931e-03   1.0000822849426934e-03
  4.2854852039743918e+08   4.2854852039743918e+08   9.9899991733523152e-01   1.0000826647683944e-03   1.0000826647683944e-03   1.0000826647683946e-03
  4.3052661049171096e+08   4.3052661049171096e+08   9.9899991695365253e-01   1.0000830463474367e-03   1.0000830463474367e-03   1.0000830463474367e-03
  4.3251383103500795e+08   4.3251383103500795e+08   9.9899991657031206e-01   1.0000834296879141e-03   1.0000834296879141e-03   1.0000834296879141e-03
  4.3451022417157143e+08   4.3451022417157143e+08   9.9899991618520201e-01   1.0000838147979580e-03   1.0000838147979580e-03   1.0000838147979580e-03
  4.3651583224016654e+08   4.3651583224016654e+08   9.9899991579831415e-01   1.0000842016857385e-03   1.0000842016857385e-03   1.0000842016857387e-03
  4.3853069777498513e+08   4.3853069777498513e+08   9.9899991540964050e-01   1.0000845903594623e-03   1.0000845903594623e-03   1.0000845903594623e-03
  4.4055486350655341e+08   4.4055486350655341e+08   9.9899991501917262e-01   1.0000849808273740e-03   1.0000849808273740e-03   1.0000849808273740e-03
  4.4258837236262739e+08   4.4258837236262739e+08   9.9899991462690219e-01   1.0000853730977571e-03   1.0000853730977571e-03   1.0000853730977573e-03
  4.4463126746910840e+08   4.4463126746910840e+08   9.9899991423282097e-01   1.0000857671789325e-03   1.0000857671789325e-03   1.0000857671789327e-03
  4.4668359215096349e+08   4.4668359215096349e+08   9.9899991383692066e-01   1.0000861630792602e-03   1.0000861630792602e-03   1.0000861630792605e-03
  4.4874538993313140e+08   4.4874538993313140e+08   9.9899991343919292e-01   1.0000865608071382e-03   1.0000865608071382e-03   1.0000865608071382e-03
  4.5081670454146004e+08   4.5081670454146004e+08   9.9899991303962898e-01   1.0000869603710037e-03   1.0000869603710037e-03   1.0000869603710037e-03
  4.5289757990362138e+08   4.5289757990362138e+08   9.9899991263822063e-01   1.0000873617793326e-03   1.0000873617793326e-03   1.0000873617793326e-03
  4.5498806015004802e+08   4.5498806015004802e+08   9.9899991223495932e-01   1.0000877650406400e-03   1.0000877650406400e-03   1.0000877650406400e-03
  4.5708818961487520e+08   4.5708818961487520e+08   9.9899991182983650e-01   1.0000881701634806e-03   1.0000881701634806e-03   1.0000881701634806e-03
  4.5919801283686948e+08   4.5919801283686948e+08   9.9899991142284350e-01   1.0000885771564480e-03   1.0000885771564480e-03   1.0000885771564480e-03
  4.6131757456037909e+08   4.6131757456037909e+08   9.9899991101397179e-01   1.0000889860281761e-03   1.0000889860281761e-03   1.0000889860281761e-03
  4.6344691973628843e+08   4.6344691973628843e+08   9.9899991060321258e-01   1.0000893967873382e-03   1.0000893967873382e-03   1.0000893967873385e-03
  4.6558609352295816e+08   4.6558609352295816e+08   9.9899991019055734e-01   1.0000898094426483e-03   1.0000898094426483e-03   1.0000898094426483e-03
  4.6773514128719813e+08   4.6773514128719813e+08   9.9899990977599706e-01   1.0000902240028596e-03   1.0000902240028596e-03   1.0000902240028598e-03
  4.6989410860521609e+08   4.6989410860521609e+08   9.9899990935952321e-01   1.0000906404767666e-03   1.0000906404767666e-03   1.0000906404767666e-03
  4.7206304126358998e+08   4.7206304126358998e+08   9.9899990894112678e-01   1.0000910588732043e-03   1.0000910588732043e-03   1.0000910588732043e-03
  4.7424198526024485e+08   4.7424198526024485e+08   9.9899990852079890e-01   1.0000914792010478e-03   1.0000914792010478e-03   1.0000914792010480e-03
  4.7643098680541658e+08   4.7643098680541658e+08   9.9899990809853079e-01   1.0000919014692144e-03   1.0000919014692144e-03   1.0000919014692144e-03
  4.7863009232263803e+08   4.7863009232263803e+08   9.9899990767431335e-01   1.0000923256866612e-03   1.0000923256866612e-03   1.0000923256866612e-03
  4.8083934844972897e+08   4.8083934844972897e+08   9.9899990724813759e-01   1.0000927518623878e-03   1.0000927518623878e-03   1.0000927518623878e-03
  4.8305880203977185e+08   4.8305880203977185e+08   9.9899990681999462e-01   1.0000931800054345e-03   1.0000931800054345e-03   1.0000931800054345e-03
  4.8528850016212100e+08   4.8528850016212100e+08   9.9899990638987513e-01   1.0000936101248841e-03   1.0000936101248841e-03   1.0000936101248841e-03
  4.8752849010338700e+08   4.8752849010338700e+08   9.9899990595777011e-01   1.0000940422298604e-03   1.0000940422298604e-03   1.0000940422298604e-03
  4.8977881936844563e+08   4.8977881936844563e+08   9.9899990552367046e-01   1.0000944763295307e-03   1.0000944763295307e-03   1.0000944763295307e-03
  4.9203953568145114e+08   4.9203953568145114e+08   9.9899990508756686e-01   1.0000949124331030e-03   1.0000949124331030e-03   1.0000949124331030e-03
  4.9431068698683637e+08   4.9431068698683637e+08   9.9899990464945010e-01   1.0000953505498293e-03   1.0000953505498293e-03   1.0000953505498295e-03
  4.9659232145033580e+08   4.9659232145033580e+08   9.9899990420931095e-01   1.0000957906890033e-03   1.0000957906890033e-03   1.0000957906890033e-03
  4.9888448746001267e+08   4.9888448746001267e+08   9.9899990376713999e-01   1.0000962328599620e-03   1.0000962328599620e-03   1.0000962328599620e-03
  5.0118723362727147e+08   5.0118723362727147e+08   9.9899990332292787e-01   1.0000966770720859e-03   1.0000966770720859e-03   1.0000966770720859e-03
  5.0350060878790474e+08   5.0350060878790474e+08   9.9899990287666518e-01   1.0000971233347976e-03   1.0000971233347976e-03   1.0000971233347976e-03
  5.0582466200311476e+08   5.0582466200311476e+08   9.9899990242834236e-01   1.0000975716575647e-03   1.0000975716575647e-03   1.0000975716575650e-03
  5.0815944256055999e+08   5.0815944256055999e+08   9.9899990197795008e-01   1.0000980220498980e-03   1.0000980220498980e-03   1.0000980220498980e-03
  5.1050499997540647e+08   5.1050499997540647e+08   9.9899990152547857e-01   1.0000984745213513e-03   1.0000984745213513e-03   1.0000984745213515e-03
  5.1286138399136585e+08   5.1286138399136585e+08   9.9899990107091841e-01   1.0000989290815236e-03   1.0000989290815236e-03   1.0000989290815238e-03
  5.1522864458175617e+08   5.1522864458175617e+08   9.9899990061425992e-01   1.0000993857400581e-03   1.0000993857400581e-03   1.0000993857400581e-03
  5.1760683195056814e+08   5.1760683195056814e+08   9.9899990015549334e-01   1.0000998445066423e-03   1.0000998445066423e-03   1.0000998445066423e-03
  5.1999599653351516e+08   5.1999599653351516e+08   9.9899989969460901e-01   1.0001003053910081e-03   1.0001003053910081e-03   1.0001003053910081e-03
  5.2239618899911976e+08   5.2239618899911976e+08   9.9899989923159704e-01   1.0001007684029329e-03   1.0001007684029329e-03   1.0001007684029329e-03
  5.2480746024977338e+08   5.2480746024977338e+08   9.9899989876644768e-01   1.0001012335522392e-03   1.0001012335522392e-03   1.0001012335522394e-03
  5.2722986142282218e+08   5.2722986142282218e+08   9.9899989829915115e-01   1.0001017008487946e-03   1.0001017008487946e-03   1.0001017008487948e-03
  5.2966344389165807e+08   5.2966344389165807e+08   9.9899989782969745e-01   1.0001021703025122e-03   1.0001021703025122e-03   1.0001021703025122e-03
  5.3210825926679313e+08   5.3210825926679313e+08   9.9899989735807670e-01   1.0001026419233510e-03   1.0001026419233510e-03   1.0001026419233510e-03
  5.3456435939697134e+08   5.3456435939697134e+08   9.9899989688427859e-01   1.0001031157213164e-03   1.0001031157213164e-03   1.0001031157213167e-03
  5.3703179637025321e+08   5.3703179637025321e+08   9.9899989640829356e-01   1.0001035917064595e-03   1.0001035917064595e-03   1.0001035917064595e-03
  5.3951062251512682e+08   5.3951062251512682e+08   9.9899989593011107e-01   1.0001040698888776e-03   1.0001040698888776e-03   1.0001040698888776e-03
  5.4200089040162385e+08   5.4200089040162385e+08   9.9899989544972123e-01   1.0001045502787153e-03   1.0001045502787153e-03   1.0001045502787153e-03
  5.4450265284242201e+08   5.4450265284242201e+08   9.9899989496711372e-01   1.0001050328861637e-03   1.0001050328861637e-03   1.0001050328861639e-03
  5.4701596289397109e+08   5.4701596289397109e+08   9.9899989448227855e-01   1.0001055177214610e-03   1.0001055177214610e-03   1.0001055177214610e-03
  5.4954087385762477e+08   5.4954087385762477e+08   9.9899989399520506e-01   1.0001060047948923e-03   1.0001060047948923e-03   1.0001060047948923e-03
  5.5207743928075850e+08   5.5207743928075850e+08   9.9899989350588325e-01   1.0001064941167911e-03   1.0001064941167911e-03   1.0001064941167911e-03
  5.5462571295791042e+08   5.5462571295791042e+08   9.9899989301430236e-01   1.0001069856975374e-03   1.0001069856975374e-03   1.0001069856975377e-03
  5.5718574893193042e+08   5.5718574893193042e+08   9.9899989252045240e-01   1.0001074795475602e-03   1.0001074795475602e-03   1.0001074795475602e-03
  5.5975760149510932e+08   5.5975760149510932e+08   9.9899989202432271e-01   1.0001079756773365e-03   1.0001079756773365e-03   1.0001079756773365e-03
  5.6234132519034910e+08   5.6234132519034910e+08   9.9899989152590263e-01   1.0001084740973909e-03   1.0001084740973909e-03   1.0001084740973909e-03
  5.6493697481230342e+08   5.6493697481230342e+08   9.9899989102518172e-01   1.0001089748182975e-03   1.0001089748182975e-03   1.0001089748182975e-03
  5.6754460540854657e+08   5.6754460540854657e+08   9.9899989052214933e-01   1.0001094778506784e-03   1.0001094778506784e-03   1.0001094778506784e-03
  5.7016427228074777e+08   5.7016427228074777e+08   9.9899989001679468e-01   1.0001099832052057e-03   1.0001099832052057e-03   1.0001099832052059e-03
  5.7279603098582804e+08   5.7279603098582804e+08   9.9899988950910745e-01   1.0001104908926002e-03   1.0001104908926002e-03   1.0001104908926002e-03
  5.7543993733715665e+08   5.7543993733715665e+08   9.9899988899907644e-01   1.0001110009236322e-03   1.0001110009236322e-03   1.0001110009236322e-03
  5.7809604740571868e+08   5.7809604740571868e+08   9.9899988848669075e-01   1.0001115133091219e-03   1.0001115133091219e-03   1.0001115133091221e-03
  5.8076441752131116e+08   5.8076441752131116e+08   9.9899988797194006e-01   1.0001120280599394e-03   1.0001120280599394e-03   1.0001120280599394e-03
  5.8344510427374482e+08   5.8344510427374482e+08   9.9899988745481305e-01   1.0001125451870047e-03   1.0001125451870047e-03   1.0001125451870047e-03
  5.8613816451402962e+08   5.8613816451402962e+08   9.9899988693529873e-01   1.0001130647012890e-03   1.0001130647012890e-03   1.0001130647012890e-03
  5.8884365535558844e+08   5.8884365535558844e+08   9.9899988641338611e-01   1.0001135866138135e-03   1.0001135866138135e-03   1.0001135866138137e-03
  5.9156163417547429e+08   5.9156163417547429e+08   9.9899988588906430e-01   1.0001141109356503e-03   1.0001141109356503e-03   1.0001141109356503e-03
  5.9429215861557388e+08   5.9429215861557388e+08   9.9899988536232198e-01   1.0001146376779231e-03   1.0001146376779231e-03   1.0001146376779234e-03
  5.9703528658383656e+08   5.9703528658383656e+08   9.9899988483314817e-01   1.0001151668518064e-03   1.0001151668518064e-03   1.0001151668518064e-03
  5.9979107625551009e+08   5.9979107625551009e+08   9.9899988430153142e-01   1.0001156984685267e-03   1.0001156984685267e-03   1.0001156984685269e-03
  6.0255958607435691e+08   6.0255958607435691e+08   9.9899988376746063e-01   1.0001162325393627e-03   1.0001162325393627e-03   1.0001162325393627e-03
  6.0534087475391364e+08   6.0534087475391364e+08   9.9899988323092437e-01   1.0001167690756440e-03   1.0001167690756440e-03   1.0001167690756440e-03
  6.0813500127871883e+08   6.0813500127871883e+08   9.9899988269191131e-01   1.0001173080887535e-03   1.0001173080887535e-03   1.0001173080887535e-03
  6.1094202490557146e+08   6.1094202490557146e+08   9.9899988215040980e-01   1.0001178495901264e-03   1.0001178495901264e-03   1.0001178495901266e-03
  6.1376200516479456e+08   6.1376200516479456e+08   9.9899988160640874e-01   1.0001183935912507e-03   1.0001183935912507e-03   1.0001183935912507e-03
  6.1659500186148095e+08   6.1659500186148095e+08   9.9899988105989634e-01   1.0001189401036671e-03   1.0001189401036671e-03   1.0001189401036671e-03
  6.1944107507678115e+08   6.1944107507678115e+08   9.9899988051086108e-01   1.0001194891389709e-03   1.0001194891389709e-03   1.0001194891389709e-03
  6.2230028516916013e+08   6.2230028516916013e+08   9.9899987995929118e-01   1.0001200407088089e-03   1.0001200407088089e-03   1.0001200407088089e-03
  6.2517269277568495e+08   6.2517269277568495e+08   9.9899987940517510e-01   1.0001205948248835e-03   1.0001205948248835e-03   1.0001205948248835e-03
  6.2805835881331801e+08   6.2805835881331801e+08   9.9899987884850094e-01   1.0001211514989504e-03   1.0001211514989504e-03   1.0001211514989506e-03
  6.3095734448019433e+08   6.3095734448019433e+08   9.9899987828925718e-01   1.0001217107428193e-03   1.0001217107428193e-03   1.0001217107428193e-03
  6.3386971125692642e+08   6.3386971125692642e+08   9.9899987772743160e-01   1.0001222725683546e-03   1.0001222725683546e-03   1.0001222725683546e-03
  6.3679552090791619e+08   6.3679552090791619e+08   9.9899987716301253e-01   1.0001228369874763e-03   1.0001228369874763e-03   1.0001228369874763e-03
  6.3973483548264956e+08   6.3973483548264956e+08   9.9899987659598777e-01   1.0001234040121580e-03   1.0001234040121580e-03   1.0001234040121583e-03
  6.4268771731701934e+08   6.4268771731701934e+08   9.9899987602634555e-01   1.0001239736544302e-03   1.0001239736544302e-03   1.0001239736544302e-03
  6.4565422903465629e+08   6.4565422903465629e+08   9.9899987545407354e-01   1.0001245459263773e-03   1.0001245459263773e-03   1.0001245459263775e-03
  6.4863443354823744e+08   6.4863443354823744e+08   9.9899987487915975e-01   1.0001251208401410e-03   1.0001251208401410e-03   1.0001251208401412e-03
  6.5162839406084275e+08   6.5162839406084275e+08   9.9899987430159209e-01   1.0001256984079180e-03   1.0001256984079180e-03   1.0001256984079180e-03
  6.5463617406727600e+08   6.5463617406727600e+08   9.9899987372135801e-01   1.0001262786419622e-03   1.0001262786419622e-03   1.0001262786419622e-03
  6.5765783735541987e+08   6.5765783735541987e+08   9.9899987313844540e-01   1.0001268615545829e-03   1.0001268615545829e-03   1.0001268615545829e-03
  6.6069344800759649e+08   6.6069344800759649e+08   9.9899987255284184e-01   1.0001274471581477e-03   1.0001274471581477e-03   1.0001274471581477e-03
  6.6374307040190756e+08   6.6374307040190756e+08   9.9899987196453488e-01   1.0001280354650804e-03   1.0001280354650804e-03   1.0001280354650804e-03
  6.6680676921362185e+08   6.6680676921362185e+08   9.9899987137351220e-01   1.0001286264878621e-03   1.0001286264878621e-03   1.0001286264878621e-03
  6.6988460941652715e+08   6.6988460941652715e+08   9.9899987077976093e-01   1.0001292202390319e-03   1.0001292202390319e-03   1.0001292202390319e-03
  6.7297665628431678e+08   6.7297665628431678e+08   9.9899987018326875e-01   1.0001298167311870e-03   1.0001298167311870e-03   1.0001298167311872e-03
  6.7608297539198184e+08   6.7608297539198184e+08   9.9899986958402298e-01   1.0001304159769821e-03   1.0001304159769821e-03   1.0001304159769821e-03
  6.7920363261718571e+08   6.7920363261718571e+08   9.9899986898201087e-01   1.0001310179891310e-03   1.0001310179891310e-03   1.0001310179891310e-03
  6.8233869414166903e+08   6.8233869414166903e+08   9.9899986837721955e-01   1.0001316227804060e-03   1.0001316227804060e-03   1.0001316227804060e-03
  6.8548822645266199e+08   6.8548822645266199e+08   9.9899986776963634e-01   1.0001322303636380e-03   1.0001322303636380e-03   1.0001322303636380e-03
  6.8865229634427476e+08   6.8865229634427476e+08   9.9899986715924827e-01   1.0001328407517180e-03   1.0001328407517180e-03   1.0001328407517180e-03
  6.9183097091893625e+08   6.9183097091893625e+08   9.9899986654604234e-01   1.0001334539575955e-03   1.0001334539575955e-03   1.0001334539575957e-03
  6.9502431758879757e+08   6.9502431758879757e+08   9.9899986593000567e-01   1.0001340699942805e-03   1.0001340699942805e-03   1.0001340699942805e-03
  6.9823240407717049e+08   6.9823240407717049e+08   9.9899986531112517e-01   1.0001346888748430e-03   1.0001346888748430e-03   1.0001346888748430e-03
  7.0145529841997135e+08   7.0145529841997135e+08   9.9899986468938762e-01   1.0001353106124133e-03   1.0001353106124133e-03   1.0001353106124133e-03
  7.0469306896714818e+08   7.0469306896714818e+08   9.9899986406477981e-01   1.0001359352201820e-03   1.0001359352201820e-03   1.0001359352201820e-03
  7.0794578438413727e+08   7.0794578438413727e+08   9.9899986343728853e-01   1.0001365627114016e-03   1.0001365627114016e-03   1.0001365627114018e-03
  7.1121351365332949e+08   7.1121351365332949e+08   9.9899986280690056e-01   1.0001371930993840e-03   1.0001371930993840e-03   1.0001371930993840e-03
  7.1449632607551205e+08   7.1449632607551205e+08   9.9899986217360248e-01   1.0001378263975050e-03   1.0001378263975050e-03   1.0001378263975050e-03
  7.1779429127136147e+08   7.1779429127136147e+08   9.9899986153738074e-01   1.0001384626192001e-03   1.0001384626192001e-03   1.0001384626192004e-03
  7.2110747918290055e+08   7.2110747918290055e+08   9.9899986089822201e-01   1.0001391017779679e-03   1.0001391017779679e-03   1.0001391017779679e-03
  7.2443596007498908e+08   7.2443596007498908e+08   9.9899986025611265e-01   1.0001397438873687e-03   1.0001397438873687e-03   1.0001397438873687e-03
  7.2777980453682423e+08   7.2777980453682423e+08   9.9899985961103899e-01   1.0001403889610262e-03   1.0001403889610262e-03   1.0001403889610262e-03
  7.3113908348341870e+08   7.3113908348341870e+08   9.9899985896298737e-01   1.0001410370126267e-03   1.0001410370126267e-03   1.0001410370126267e-03
  7.3451386815711439e+08   7.3451386815711439e+08   9.9899985831194404e-01   1.0001416880559193e-03   1.0001416880559193e-03   1.0001416880559193e-03
  7.3790423012910151e+08   7.3790423012910151e+08   9.9899985765789534e-01   1.0001423421047170e-03   1.0001423421047170e-03   1.0001423421047170e-03
  7.4131024130091619e+08   7.4131024130091619e+08   9.9899985700082705e-01   1.0001429991728969e-03   1.0001429991728969e-03   1.0001429991728969e-03
  7.4473197390598881e+08   7.4473197390598881e+08   9.9899985634072552e-01   1.0001436592743992e-03   1.0001436592743992e-03   1.0001436592743994e-03
  7.4816950051115525e+08   7.4816950051115525e+08   9.9899985567757676e-01   1.0001443224232295e-03   1.0001443224232295e-03   1.0001443224232295e-03
  7.5162289401820457e+08   7.5162289401820457e+08   9.9899985501136646e-01   1.0001449886334576e-03   1.0001449886334576e-03   1.0001449886334578e-03
  7.5509222766543412e+08   7.5509222766543412e+08   9.9899985434208072e-01   1.0001456579192183e-03   1.0001456579192183e-03   1.0001456579192185e-03
  7.5857757502918518e+08   7.5857757502918518e+08   9.9899985366970523e-01   1.0001463302947117e-03   1.0001463302947117e-03   1.0001463302947119e-03
  7.6207901002541149e+08   7.6207901002541149e+08   9.9899985299422578e-01   1.0001470057742037e-03   1.0001470057742037e-03   1.0001470057742037e-03
  7.6559660691125691e+08   7.6559660691125691e+08   9.9899985231562805e-01   1.0001476843720257e-03   1.0001476843720257e-03   1.0001476843720257e-03
  7.6913044028660822e+08   7.6913044028660822e+08   9.9899985163389737e-01   1.0001483661025757e-03   1.0001483661025757e-03   1.0001483661025757e-03
  7.7268058509570217e+08   7.7268058509570217e+08   9.9899985094901966e-01   1.0001490509803177e-03   1.0001490509803177e-03   1.0001490509803177e-03
  7.7624711662869275e+08   7.7624711662869275e+08   9.9899985026098026e-01   1.0001497390197834e-03   1.0001497390197834e-03   1.0001497390197834e-03
  7.7983011052325773e+08   7.7983011052325773e+08   9.9899984956976440e-01   1.0001504302355705e-03   1.0001504302355705e-03   1.0001504302355705e-03
  7.8342964276621199e+08   7.8342964276621199e+08   9.9899984887535764e-01   1.0001511246423445e-03   1.0001511246423445e-03   1.0001511246423445e-03
  7.8704578969510007e+08   7.8704578969510007e+08   9.9899984817774512e-01   1.0001518222548392e-03   1.0001518222548392e-03   1.0001518222548392e-03
  7.9067862799982452e+08   7.9067862799982452e+08   9.9899984747691206e-01   1.0001525230878556e-03   1.0001525230878556e-03   1.0001525230878558e-03
  7.9432823472428215e+08   7.9432823472428215e+08   9.9899984677284370e-01   1.0001532271562640e-03   1.0001532271562640e-03   1.0001532271562640e-03
  7.9799468726797521e+08   7.9799468726797521e+08   9.9899984606552505e-01   1.0001539344750025e-03   1.0001539344750025e-03   1.0001539344750025e-03
  8.0167806338767898e+08   8.0167806338767898e+08   9.9899984535494091e-01   1.0001546450590785e-03   1.0001546450590785e-03   1.0001546450590785e-03
  8.0537844119906771e+08   8.0537844119906771e+08   9.9899984464107638e-01   1.0001553589235690e-03   1.0001553589235690e-03   1.0001553589235690e-03
  8.0909589917838132e+08   8.0909589917838132e+08   9.9899984392391628e-01   1.0001560760836202e-03   1.0001560760836202e-03   1.0001560760836204e-03
  8.1283051616409945e+08   8.1283051616409945e+08   9.9899984320344559e-01   1.0001567965544488e-03   1.0001567965544488e-03   1.0001567965544488e-03
  8.1658237135859394e+08   8.1658237135859394e+08   9.9899984247964868e-01   1.0001575203513408e-03   1.0001575203513408e-03   1.0001575203513408e-03
  8.2035154432981765e+08   8.2035154432981765e+08   9.9899984175251033e-01   1.0001582474896539e-03   1.0001582474896539e-03   1.0001582474896539e-03
  8.2413811501300299e+08   8.2413811501300299e+08   9.9899984102201522e-01   1.0001589779848163e-03   1.0001589779848163e-03   1.0001589779848163e-03
  8.2794216371233273e+08   8.2794216371233273e+08   9.9899984028814759e-01   1.0001597118523273e-03   1.0001597118523273e-03   1.0001597118523275e-03
  8.3176377110267091e+08   8.3176377110267091e+08   9.9899983955089222e-01   1.0001604491077576e-03   1.0001604491077576e-03   1.0001604491077576e-03
  8.3560301823124909e+08   8.3560301823124909e+08   9.9899983881023313e-01   1.0001611897667510e-03   1.0001611897667510e-03   1.0001611897667512e-03
  8.3945998651939642e+08   8.3945998651939642e+08   9.9899983806615500e-01   1.0001619338450218e-03   1.0001619338450218e-03   1.0001619338450218e-03
  8.4333475776427567e+08   8.4333475776427567e+08   9.9899983731864161e-01   1.0001626813583579e-03   1.0001626813583579e-03   1.0001626813583579e-03
  8.4722741414059806e+08   8.4722741414059806e+08   9.9899983656767744e-01   1.0001634323226207e-03   1.0001634323226207e-03   1.0001634323226207e-03
  8.5113803820237589e+08   8.5113803820237589e+08   9.9899983581324625e-01   1.0001641867537435e-03   1.0001641867537435e-03   1.0001641867537435e-03
  8.5506671288468409e+08   8.5506671288468409e+08   9.9899983505533230e-01   1.0001649446677338e-03   1.0001649446677338e-03   1.0001649446677338e-03
  8.5901352150539434e+08   8.5901352150539434e+08   9.9899983429391936e-01   1.0001657060806734e-03   1.0001657060806734e-03   1.0001657060806734e-03
  8.6297854776697016e+08   8.6297854776697016e+08   9.9899983352899124e-01   1.0001664710087180e-03   1.0001664710087180e-03   1.0001664710087180e-03
  8.6696187575821781e+08   8.6696187575821781e+08   9.9899983276053184e-01   1.0001672394680976e-03   1.0001672394680976e-03   1.0001672394680979e-03
  8.7096358995607960e+08   8.7096358995607960e+08   9.9899983198852482e-01   1.0001680114751184e-03   1.0001680114751184e-03   1.0001680114751187e-03
  8.7498377522743642e+08   8.7498377522743642e+08   9.9899983121295377e-01   1.0001687870461603e-03   1.0001687870461603e-03   1.0001687870461605e-03
  8.7902251683088601e+08   8.7902251683088601e+08   9.9899983043380225e-01   1.0001695661976801e-03   1.0001695661976801e-03   1.0001695661976803e-03
  8.8307990041856217e+08   8.8307990041856217e+08   9.9899982965105372e-01   1.0001703489462097e-03   1.0001703489462097e-03   1.0001703489462099e-03
  8.8715601203796172e+08   8.8715601203796172e+08   9.9899982886469152e-01   1.0001711353083583e-03   1.0001711353083583e-03   1.0001711353083585e-03
  8.9125093813374412e+08   8.9125093813374412e+08   9.9899982807469911e-01   1.0001719253008108e-03   1.0001719253008108e-03   1.0001719253008110e-03
  8.9536476554959369e+08   8.9536476554959369e+08   9.9899982728105963e-01   1.0001727189403299e-03   1.0001727189403299e-03   1.0001727189403299e-03
  8.9949758153003645e+08   8.9949758153003645e+08   9.9899982648375629e-01   1.0001735162437557e-03   1.0001735162437557e-03   1.0001735162437557e-03
  9.0364947372230041e+08   9.0364947372230041e+08   9.9899982568277201e-01   1.0001743172280055e-03   1.0001743172280055e-03   1.0001743172280055e-03
  9.0782053017818618e+08   9.0782053017818618e+08   9.9899982487808991e-01   1.0001751219100752e-03   1.0001751219100752e-03   1.0001751219100752e-03
  9.1201083935591149e+08   9.1201083935591149e+08   9.9899982406969290e-01   1.0001759303070394e-03   1.0001759303070394e-03   1.0001759303070396e-03
  9.1622049012199926e+08   9.1622049012199926e+08   9.9899982325756387e-01   1.0001767424360510e-03   1.0001767424360510e-03   1.0001767424360512e-03
  9.2044957175317216e+08   9.2044957175317216e+08   9.9899982244168561e-01   1.0001775583143428e-03   1.0001775583143428e-03   1.0001775583143428e-03
  9.2469817393822110e+08   9.2469817393822110e+08   9.9899982162204082e-01   1.0001783779592262e-03   1.0001783779592262e-03   1.0001783779592262e-03
  9.2896638677993631e+08   9.2896638677993631e+08   9.9899982079861183e-01   1.0001792013880938e-03   1.0001792013880938e-03   1.0001792013880940e-03
  9.3325430079699242e+08   9.3325430079699242e+08   9.9899981997138143e-01   1.0001800286184178e-03   1.0001800286184178e-03   1.0001800286184180e-03
  9.3756200692587924e+08   9.3756200692587924e+08   9.9899981914033220e-01   1.0001808596677507e-03   1.0001808596677507e-03   1.0001808596677507e-03
  9.4188959652284181e+08   9.4188959652284181e+08   9.9899981830544615e-01   1.0001816945537272e-03   1.0001816945537272e-03   1.0001816945537274e-03
  9.4623716136579108e+08   9.4623716136579108e+08   9.9899981746670585e-01   1.0001825332940628e-03   1.0001825332940628e-03   1.0001825332940631e-03
  9.5060479365628099e+08   9.5060479365628099e+08   9.9899981662409332e-01   1.0001833759065548e-03   1.0001833759065548e-03   1.0001833759065550e-03
  9.5499258602143693e+08   9.5499258602143693e+08   9.9899981577759089e-01   1.0001842224090824e-03   1.0001842224090824e-03   1.0001842224090824e-03
  9.5940063151593161e+08   9.5940063151593161e+08   9.9899981492718026e-01   1.0001850728196084e-03   1.0001850728196084e-03   1.0001850728196086e-03
  9.6382902362397051e+08   9.6382902362397051e+08   9.9899981407284377e-01   1.0001859271561778e-03   1.0001859271561778e-03   1.0001859271561778e-03
  9.6827785626125062e+08   9.6827785626125062e+08   9.9899981321456310e-01   1.0001867854369188e-03   1.0001867854369188e-03   1.0001867854369188e-03
  9.7274722377696407e+08   9.7274722377696407e+08   9.9899981235231994e-01   1.0001876476800440e-03   1.0001876476800440e-03   1.0001876476800440e-03
  9.7723722095581114e+08   9.7723722095581114e+08   9.9899981148609607e-01   1.0001885139038498e-03   1.0001885139038498e-03   1.0001885139038500e-03
  9.8174794301998639e+08   9.8174794301998639e+08   9.9899981061587317e-01   1.0001893841267170e-03   1.0001893841267170e-03   1.0001893841267173e-03
  9.8627948563120997e+08   9.8627948563120997e+08   9.9899980974163283e-01   1.0001902583671113e-03   1.0001902583671113e-03   1.0001902583671115e-03
  9.9083194489276862e+08   9.9083194489276862e+08   9.9899980886335638e-01   1.0001911366435837e-03   1.0001911366435837e-03   1.0001911366435837e-03
  9.9540541735152543e+08   9.9540541735152543e+08   9.9899980798102517e-01   1.0001920189747716e-03   1.0001920189747716e-03   1.0001920189747718e-03
  1.0000000000000000e+09   1.0000000000000000e+09   9.9899980709462055e-01   1.0001929053793971e-03   1.0001929053793971e-03   1.0001929053793971e-03
  1.0046157902783967e+09   1.0046157902783967e+09   9.9899980620412365e-01   1.0001937958762700e-03   1.0001937958762700e-03   1.0001937958762702e-03
  1.0092528860766834e+09   1.0092528860766834e+09   9.9899980530951571e-01   1.0001946904842865e-03   1.0001946904842865e-03   1.0001946904842865e-03
  1.0139113857366799e+09   1.0139113857366799e+09   9.9899980441077751e-01   1.0001955892224303e-03   1.0001955892224303e-03   1.0001955892224303e-03
  1.0185913880541148e+09   1.0185913880541148e+09   9.9899980350789019e-01   1.0001964921097725e-03   1.0001964921097725e-03   1.0001964921097725e-03
  1.0232929922807536e+09   1.0232929922807536e+09   9.9899980260083443e-01   1.0001973991654724e-03   1.0001973991654724e-03   1.0001973991654726e-03
  1.0280162981264746e+09   1.0280162981264746e+09   9.9899980168959124e-01   1.0001983104087778e-03   1.0001983104087778e-03   1.0001983104087778e-03
  1.0327614057613959e+09   1.0327614057613959e+09   9.9899980077414097e-01   1.0001992258590255e-03   1.0001992258590255e-03   1.0001992258590255e-03
  1.0375284158180126e+09   1.0375284158180126e+09   9.9899979985446430e-01   1.0002001455356416e-03   1.0002001455356416e-03   1.0002001455356418e-03
  1.0423174293933058e+09   1.0423174293933058e+09   9.9899979893054180e-01   1.0002010694581422e-03   1.0002010694581422e-03   1.0002010694581422e-03
  1.0471285480508986e+09   1.0471285480508986e+09   9.9899979800235383e-01   1.0002019976461326e-03   1.0002019976461326e-03   1.0002019976461326e-03
  1.0519618738232235e+09   1.0519618738232235e+09   9.9899979706988062e-01   1.0002029301193103e-03   1.0002029301193103e-03   1.0002029301193105e-03
  1.0568175092136607e+09   1.0568175092136607e+09   9.9899979613310252e-01   1.0002038668974619e-03   1.0002038668974619e-03   1.0002038668974619e-03
  1.0616955571987242e+09   1.0616955571987242e+09   9.9899979519199944e-01   1.0002048080004669e-03   1.0002048080004669e-03   1.0002048080004671e-03
  1.0665961212302589e+09   1.0665961212302589e+09   9.9899979424655161e-01   1.0002057534482958e-03   1.0002057534482958e-03   1.0002057534482960e-03
  1.0715193052376049e+09   1.0715193052376049e+09   9.9899979329673894e-01   1.0002067032610117e-03   1.0002067032610117e-03   1.0002067032610117e-03
  1.0764652136298349e+09   1.0764652136298349e+09   9.9899979234254122e-01   1.0002076574587703e-03   1.0002076574587703e-03   1.0002076574587703e-03
  1.0814339512979398e+09   1.0814339512979398e+09   9.9899979138393813e-01   1.0002086160618207e-03   1.0002086160618207e-03   1.0002086160618207e-03
  1.0864256236170645e+09   1.0864256236170645e+09   9.9899979042090947e-01   1.0002095790905051e-03   1.0002095790905051e-03   1.0002095790905051e-03
  1.0914403364487572e+09   1.0914403364487572e+09   9.9899978945343471e-01   1.0002105465652597e-03   1.0002105465652597e-03   1.0002105465652597e-03
  1.0964781961431828e+09   1.0964781961431828e+09   9.9899978848149329e-01   1.0002115185066152e-03   1.0002115185066152e-03   1.0002115185066154e-03
  1.1015393095414145e+09   1.1015393095414145e+09   9.9899978750506480e-01   1.0002124949351973e-03   1.0002124949351973e-03   1.0002124949351973e-03
  1.1066237839776676e+09   1.1066237839776676e+09   9.9899978652412824e-01   1.0002134758717272e-03   1.0002134758717272e-03   1.0002134758717272e-03
  1.1117317272815897e+09   1.1117317272815897e+09   9.9899978553866298e-01   1.0002144613370210e-03   1.0002144613370210e-03   1.0002144613370210e-03
  1.1168632477805612e+09   1.1168632477805612e+09   9.9899978454864802e-01   1.0002154513519919e-03   1.0002154513519919e-03   1.0002154513519919e-03
  1.1220184543019652e+09   1.1220184543019652e+09   9.9899978355406227e-01   1.0002164459376487e-03   1.0002164459376487e-03   1.0002164459376490e-03
  1.1271974561755095e+09   1.1271974561755095e+09   9.9899978255488486e-01   1.0002174451150985e-03   1.0002174451150985e-03   1.0002174451150985e-03
  1.1324003632355578e+09   1.1324003632355578e+09   9.9899978155109437e-01   1.0002184489055451e-03   1.0002184489055451e-03   1.0002184489055453e-03
  1.1376272858234334e+09   1.1376272858234334e+09   9.9899978054266969e-01   1.0002194573302901e-03   1.0002194573302901e-03   1.0002194573302901e-03
  1.1428783347897713e+09   1.1428783347897713e+09   9.9899977952958929e-01   1.0002204704107340e-03   1.0002204704107340e-03   1.0002204704107340e-03
  1.1481536214968841e+09   1.1481536214968841e+09   9.9899977851183153e-01   1.0002214881683759e-03   1.0002214881683759e-03   1.0002214881683761e-03
  1.1534532578210907e+09   1.1534532578210907e+09   9.9899977748937518e-01   1.0002225106248144e-03   1.0002225106248144e-03   1.0002225106248144e-03
  1.1587773561551261e+09   1.1587773561551261e+09   9.9899977646219829e-01   1.0002235378017475e-03   1.0002235378017475e-03   1.0002235378017475e-03
  1.1641260294104931e+09   1.1641260294104931e+09   9.9899977543027896e-01   1.0002245697209745e-03   1.0002245697209745e-03   1.0002245697209747e-03
  1.1694993910198700e+09   1.1694993910198700e+09   9.9899977439359555e-01   1.0002256064043939e-03   1.0002256064043939e-03   1.0002256064043939e-03
  1.1748975549395304e+09   1.1748975549395304e+09   9.9899977335212597e-01   1.0002266478740065e-03   1.0002266478740065e-03   1.0002266478740065e-03
  1.1803206356517274e+09   1.1803206356517274e+09   9.9899977230584813e-01   1.0002276941519139e-03   1.0002276941519139e-03   1.0002276941519139e-03
  1.1857687481671596e+09   1.1857687481671596e+09   9.9899977125473960e-01   1.0002287452603208e-03   1.0002287452603208e-03   1.0002287452603210e-03
  1.1912420080273762e+09   1.1912420080273762e+09   9.9899977019877839e-01   1.0002298012215338e-03   1.0002298012215338e-03   1.0002298012215340e-03
  1.1967405313072419e+09   1.1967405313072419e+09   9.9899976913794197e-01   1.0002308620579625e-03   1.0002308620579625e-03   1.0002308620579627e-03
  1.2022644346174130e+09   1.2022644346174130e+09   9.9899976807220781e-01   1.0002319277921206e-03   1.0002319277921206e-03   1.0002319277921208e-03
  1.2078138351067822e+09   1.2078138351067822e+09   9.9899976700155335e-01   1.0002329984466248e-03   1.0002329984466248e-03   1.0002329984466248e-03
  1.2133888504649761e+09   1.2133888504649761e+09   9.9899976592595574e-01   1.0002340740441977e-03   1.0002340740441977e-03   1.0002340740441979e-03
  1.2189895989248674e+09   1.2189895989248674e+09   9.9899976484539221e-01   1.0002351546076656e-03   1.0002351546076656e-03   1.0002351546076658e-03
  1.2246161992650514e+09   1.2246161992650514e+09   9.9899976375984001e-01   1.0002362401599610e-03   1.0002362401599610e-03   1.0002362401599610e-03
  1.2302687708123810e+09   1.2302687708123810e+09   9.9899976266927581e-01   1.0002373307241223e-03   1.0002373307241223e-03   1.0002373307241225e-03
  1.2359474334445119e+09   1.2359474334445119e+09   9.9899976157367676e-01   1.0002384263232938e-03   1.0002384263232938e-03   1.0002384263232938e-03
  1.2416523075924094e+09   1.2416523075924094e+09   9.9899976047301919e-01   1.0002395269807275e-03   1.0002395269807275e-03   1.0002395269807277e-03
  1.2473835142429433e+09   1.2473835142429433e+09   9.9899975936728025e-01   1.0002406327197821e-03   1.0002406327197821e-03   1.0002406327197821e-03
  1.2531411749414182e+09   1.2531411749414182e+09   9.9899975825643605e-01   1.0002417435639246e-03   1.0002417435639246e-03   1.0002417435639246e-03
  1.2589254117941661e+09   1.2589254117941661e+09   9.9899975714046318e-01   1.0002428595367306e-03   1.0002428595367306e-03   1.0002428595367308e-03
  1.2647363474711523e+09   1.2647363474711523e+09   9.9899975601933810e-01   1.0002439806618844e-03   1.0002439806618844e-03   1.0002439806618844e-03
  1.2705741052085392e+09   1.2705741052085392e+09   9.9899975489303683e-01   1.0002451069631795e-03   1.0002451069631795e-03   1.0002451069631795e-03
  1.2764388088113434e+09   1.2764388088113434e+09   9.9899975376153549e-01   1.0002462384645198e-03   1.0002462384645198e-03   1.0002462384645198e-03
  1.2823305826560230e+09   1.2823305826560230e+09   9.9899975262481011e-01   1.0002473751899190e-03   1.0002473751899190e-03   1.0002473751899190e-03
  1.2882495516931322e+09   1.2882495516931322e+09   9.9899975148283648e-01   1.0002485171635028e-03   1.0002485171635028e-03   1.0002485171635028e-03
  1.2941958414499862e+09   1.2941958414499862e+09   9.9899975033559041e-01   1.0002496644095072e-03   1.0002496644095072e-03   1.0002496644095074e-03
  1.3001695780332925e+09   1.3001695780332925e+09   9.9899974918304757e-01   1.0002508169522808e-03   1.0002508169522808e-03   1.0002508169522811e-03
  1.3061708881318405e+09   1.3061708881318405e+09   9.9899974802518376e-01   1.0002519748162849e-03   1.0002519748162849e-03   1.0002519748162849e-03
  1.3121998990192041e+09   1.3121998990192041e+09   9.9899974686197379e-01   1.0002531380260934e-03   1.0002531380260934e-03   1.0002531380260936e-03
  1.3182567385564101e+09   1.3182567385564101e+09   9.9899974569339356e-01   1.0002543066063936e-03   1.0002543066063936e-03   1.0002543066063936e-03
  1.3243415351946642e+09   1.3243415351946642e+09   9.9899974451941798e-01   1.0002554805819876e-03   1.0002554805819876e-03   1.0002554805819876e-03
  1.3304544179780927e+09   1.3304544179780927e+09   9.9899974334002217e-01   1.0002566599777913e-03   1.0002566599777913e-03   1.0002566599777913e-03
  1.3365955165464406e+09   1.3365955165464406e+09   9.9899974215518106e-01   1.0002578448188360e-03   1.0002578448188360e-03   1.0002578448188363e-03
  1.3427649611378641e+09   1.3427649611378641e+09   9.9899974096486965e-01   1.0002590351302690e-03   1.0002590351302690e-03   1.0002590351302692e-03
  1.3489628825916560e+09   1.3489628825916560e+09   9.9899973976906253e-01   1.0002602309373537e-03   1.0002602309373537e-03   1.0002602309373539e-03
  1.3551894123510351e+09   1.3551894123510351e+09   9.9899973856773450e-01   1.0002614322654694e-03   1.0002614322654694e-03   1.0002614322654694e-03
  1.3614446824659510e+09   1.3614446824659510e+09   9.9899973736085979e-01   1.0002626391401139e-03   1.0002626391401139e-03   1.0002626391401141e-03
  1.3677288255958467e+09   1.3677288255958467e+09   9.9899973614841309e-01   1.0002638515869018e-03   1.0002638515869018e-03   1.0002638515869018e-03
  1.3740419750125148e+09   1.3740419750125148e+09   9.9899973493036831e-01   1.0002650696315668e-03   1.0002650696315668e-03   1.0002650696315670e-03
  1.3803842646028867e+09   1.3803842646028867e+09   9.9899973370670003e-01   1.0002662932999610e-03   1.0002662932999610e-03   1.0002662932999610e-03
  1.3867558288718867e+09   1.3867558288718867e+09   9.9899973247738194e-01   1.0002675226180560e-03   1.0002675226180560e-03   1.0002675226180560e-03
  1.3931568029453034e+09   1.3931568029453034e+09   9.9899973124238794e-01   1.0002687576119440e-03   1.0002687576119440e-03   1.0002687576119442e-03
  1.3995873225726206e+09   1.3995873225726206e+09   9.9899973000169207e-01   1.0002699983078372e-03   1.0002699983078372e-03   1.0002699983078375e-03
  1.4060475241299129e+09   1.4060475241299129e+09   9.9899972875526788e-01   1.0002712447320689e-03   1.0002712447320689e-03   1.0002712447320689e-03
  1.4125375446227555e+09   1.4125375446227555e+09   9.9899972750308885e-01   1.0002724969110941e-03   1.0002724969110941e-03   1.0002724969110941e-03
  1.4190575216890955e+09   1.4190575216890955e+09   9.9899972624512845e-01   1.0002737548714905e-03   1.0002737548714905e-03   1.0002737548714907e-03
  1.4256075936021879e+09   1.4256075936021879e+09   9.9899972498135992e-01   1.0002750186399580e-03   1.0002750186399580e-03   1.0002750186399582e-03
  1.4321878992735453e+09   1.4321878992735453e+09   9.9899972371175660e-01   1.0002762882433201e-03   1.0002762882433201e-03   1.0002762882433203e-03
  1.4387985782558436e+09   1.4387985782558436e+09   9.9899972243629143e-01   1.0002775637085245e-03   1.0002775637085245e-03   1.0002775637085245e-03
  1.4454397707459280e+09   1.4454397707459280e+09   9.9899972115493729e-01   1.0002788450626430e-03   1.0002788450626430e-03   1.0002788450626432e-03
  1.4521116175877390e+09   1.4521116175877390e+09   9.9899971986766711e-01   1.0002801323328731e-03   1.0002801323328731e-03   1.0002801323328731e-03
  1.4588142602753475e+09   1.4588142602753475e+09   9.9899971857445347e-01   1.0002814255465375e-03   1.0002814255465375e-03   1.0002814255465375e-03
  1.4655478409559128e+09   1.4655478409559128e+09   9.9899971727526882e-01   1.0002827247310847e-03   1.0002827247310847e-03   1.0002827247310849e-03
  1.4723125024327164e+09   1.4723125024327164e+09   9.9899971597008586e-01   1.0002840299140913e-03   1.0002840299140913e-03   1.0002840299140913e-03
  1.4791083881682072e+09   1.4791083881682072e+09   9.9899971465887671e-01   1.0002853411232601e-03   1.0002853411232601e-03   1.0002853411232601e-03
  1.4859356422870090e+09   1.4859356422870090e+09   9.9899971334161353e-01   1.0002866583864228e-03   1.0002866583864228e-03   1.0002866583864228e-03
  1.4927944095789943e+09   1.4927944095789943e+09   9.9899971201826832e-01   1.0002879817315390e-03   1.0002879817315390e-03   1.0002879817315393e-03
  1.4996848355023739e+09   1.4996848355023739e+09   9.9899971068881332e-01   1.0002893111866983e-03   1.0002893111866983e-03   1.0002893111866983e-03
  1.5066070661867449e+09   1.5066070661867449e+09   9.9899970935321980e-01   1.0002906467801191e-03   1.0002906467801191e-03   1.0002906467801193e-03
  1.5135612484362071e+09   1.5135612484362071e+09   9.9899970801145976e-01   1.0002919885401514e-03   1.0002919885401514e-03   1.0002919885401516e-03
  1.5205475297324970e+09   1.5205475297324970e+09   9.9899970666350468e-01   1.0002933364952750e-03   1.0002933364952750e-03   1.0002933364952750e-03
  1.5275660582380700e+09   1.5275660582380700e+09   9.9899970530932580e-01   1.0002946906741022e-03   1.0002946906741022e-03   1.0002946906741024e-03
  1.5346169827992940e+09   1.5346169827992940e+09   9.9899970394889459e-01   1.0002960511053772e-03   1.0002960511053772e-03   1.0002960511053772e-03
  1.5417004529495616e+09   1.5417004529495616e+09   9.9899970258218196e-01   1.0002974178179769e-03   1.0002974178179769e-03   1.0002974178179771e-03
  1.5488166189124796e+09   1.5488166189124796e+09   9.9899970120915904e-01   1.0002987908409116e-03   1.0002987908409116e-03   1.0002987908409116e-03
  1.5559656316050751e+09   1.5559656316050751e+09   9.9899969982979664e-01   1.0003001702033262e-03   1.0003001702033262e-03   1.0003001702033262e-03
  1.5631476426409507e+09   1.5631476426409507e+09   9.9899969844406544e-01   1.0003015559344997e-03   1.0003015559344997e-03   1.0003015559344999e-03
  1.5703628043335514e+09   1.5703628043335514e+09   9.9899969705193614e-01   1.0003029480638468e-03   1.0003029480638468e-03   1.0003029480638468e-03
  1.5776112696993501e+09   1.5776112696993501e+09   9.9899969565337898e-01   1.0003043466209180e-03   1.0003043466209180e-03   1.0003043466209182e-03
  1.5848931924611108e+09   1.5848931924611108e+09   9.9899969424836454e-01   1.0003057516354001e-03   1.0003057516354001e-03   1.0003057516354001e-03
  1.5922087270511699e+09   1.5922087270511699e+09   9.9899969283686285e-01   1.0003071631371177e-03   1.0003071631371177e-03   1.0003071631371177e-03
  1.5995580286146712e+09   1.5995580286146712e+09   9.9899969141884393e-01   1.0003085811560325e-03   1.0003085811560325e-03   1.0003085811560325e-03
  1.6069412530128756e+09   1.6069412530128756e+09   9.9899968999427780e-01   1.0003100057222453e-03   1.0003100057222453e-03   1.0003100057222453e-03
  1.6143585568264871e+09   1.6143585568264871e+09   9.9899968856313404e-01   1.0003114368659957e-03   1.0003114368659957e-03   1.0003114368659957e-03
  1.6218100973589332e+09   1.6218100973589332e+09   9.9899968712538234e-01   1.0003128746176630e-03   1.0003128746176630e-03   1.0003128746176630e-03
  1.6292960326397214e+09   1.6292960326397214e+09   9.9899968568099218e-01   1.0003143190077668e-03   1.0003143190077668e-03   1.0003143190077668e-03
  1.6368165214278102e+09   1.6368165214278102e+09   9.9899968422993302e-01   1.0003157700669686e-03   1.0003157700669686e-03   1.0003157700669686e-03
  1.6443717232149291e+09   1.6443717232149291e+09   9.9899968277217399e-01   1.0003172278260702e-03   1.0003172278260702e-03   1.0003172278260702e-03
  1.6519617982290149e+09   1.6519617982290149e+09   9.9899968130768391e-01   1.0003186923160171e-03   1.0003186923160171e-03   1.0003186923160173e-03
  1.6595869074375632e+09   1.6595869074375632e+09   9.9899967983643212e-01   1.0003201635678967e-03   1.0003201635678967e-03   1.0003201635678967e-03
  1.6672472125510609e+09   1.6672472125510609e+09   9.9899967835838699e-01   1.0003216416129409e-03   1.0003216416129409e-03   1.0003216416129411e-03
  1.6749428760264382e+09   1.6749428760264382e+09   9.9899967687351743e-01   1.0003231264825259e-03   1.0003231264825259e-03   1.0003231264825259e-03
  1.6826740610704639e+09   1.6826740610704639e+09   9.9899967538179180e-01   1.0003246182081719e-03   1.0003246182081719e-03   1.0003246182081719e-03
  1.6904409316432631e+09   1.6904409316432631e+09   9.9899967388317845e-01   1.0003261168215463e-03   1.0003261168215463e-03   1.0003261168215463e-03
  1.6982436524617460e+09   1.6982436524617460e+09   9.9899967237764542e-01   1.0003276223544614e-03   1.0003276223544614e-03   1.0003276223544617e-03
  1.7060823890031209e+09   1.7060823890031209e+09   9.9899967086516106e-01   1.0003291348388780e-03   1.0003291348388780e-03   1.0003291348388782e-03
  1.7139573075084252e+09   1.7139573075084252e+09   9.9899966934569295e-01   1.0003306543069034e-03   1.0003306543069034e-03   1.0003306543069036e-03
  1.7218685749860096e+09   1.7218685749860096e+09   9.9899966781920901e-01   1.0003321807907941e-03   1.0003321807907941e-03   1.0003321807907943e-03
  1.7298163592150998e+09   1.7298163592150998e+09   9.9899966628567693e-01   1.0003337143229553e-03   1.0003337143229553e-03   1.0003337143229556e-03
  1.7378008287493763e+09   1.7378008287493763e+09   9.9899966474506396e-01   1.0003352549359421e-03   1.0003352549359421e-03   1.0003352549359423e-03
  1.7458221529205074e+09   1.7458221529205074e+09   9.9899966319733746e-01   1.0003368026624600e-03   1.0003368026624600e-03   1.0003368026624603e-03
  1.7538805018417602e+09   1.7538805018417602e+09   9.9899966164246445e-01   1.0003383575353658e-03   1.0003383575353658e-03   1.0003383575353660e-03
  1.7619760464116309e+09   1.7619760464116309e+09   9.9899966008041219e-01   1.0003399195876673e-03   1.0003399195876673e-03   1.0003399195876676e-03
  1.7701089583174183e+09   1.7701089583174183e+09   9.9899965851114736e-01   1.0003414888525265e-03   1.0003414888525265e-03   1.0003414888525267e-03
  1.7782794100389228e+09   1.7782794100389228e+09   9.9899965693463666e-01   1.0003430653632570e-03   1.0003430653632570e-03   1.0003430653632572e-03
  1.7864875748520534e+09   1.7864875748520534e+09   9.9899965535084645e-01   1.0003446491533275e-03   1.0003446491533275e-03   1.0003446491533277e-03
  1.7947336268325248e+09   1.7947336268325248e+09   9.9899965375974353e-01   1.0003462402563609e-03   1.0003462402563609e-03   1.0003462402563611e-03
  1.8030177408595698e+09   1.8030177408595698e+09   9.9899965216129372e-01   1.0003478387061357e-03   1.0003478387061357e-03   1.0003478387061360e-03
  1.8113400926195989e+09   1.8113400926195989e+09   9.9899965055546325e-01   1.0003494445365863e-03   1.0003494445365863e-03   1.0003494445365866e-03
  1.8197008586099825e+09   1.8197008586099825e+09   9.9899964894221804e-01   1.0003510577818043e-03   1.0003510577818043e-03   1.0003510577818045e-03
  1.8281002161427445e+09   1.8281002161427445e+09   9.9899964732152391e-01   1.0003526784760383e-03   1.0003526784760383e-03   1.0003526784760383e-03
  1.8365383433483436e+09   1.8365383433483436e+09   9.9899964569334609e-01   1.0003543066536961e-03   1.0003543066536961e-03   1.0003543066536963e-03
  1.8450154191794736e+09   1.8450154191794736e+09   9.9899964405765052e-01   1.0003559423493438e-03   1.0003559423493438e-03   1.0003559423493440e-03
  1.8535316234148142e+09   1.8535316234148142e+09   9.9899964241440220e-01   1.0003575855977072e-03   1.0003575855977072e-03   1.0003575855977074e-03
  1.8620871366628656e+09   1.8620871366628656e+09   9.9899964076356618e-01   1.0003592364336733e-03   1.0003592364336733e-03   1.0003592364336736e-03
  1.8706821403658016e+09   1.8706821403658016e+09   9.9899963910510758e-01   1.0003608948922901e-03   1.0003608948922901e-03   1.0003608948922903e-03
  1.8793168168032725e+09   1.8793168168032725e+09   9.9899963743899112e-01   1.0003625610087673e-03   1.0003625610087673e-03   1.0003625610087675e-03
  1.8879913490962925e+09   1.8879913490962925e+09   9.9899963576518147e-01   1.0003642348184773e-03   1.0003642348184773e-03   1.0003642348184773e-03
  1.8967059212111483e+09   1.8967059212111483e+09   9.9899963408364301e-01   1.0003659163569567e-03   1.0003659163569567e-03   1.0003659163569567e-03
  1.9054607179632444e+09   1.9054607179632444e+09   9.9899963239433998e-01   1.0003676056599055e-03   1.0003676056599055e-03   1.0003676056599057e-03
  1.9142559250210860e+09   1.9142559250210860e+09   9.9899963069723663e-01   1.0003693027631896e-03   1.0003693027631896e-03   1.0003693027631898e-03
  1.9230917289101615e+09   1.9230917289101615e+09   9.9899962899229700e-01   1.0003710077028398e-03   1.0003710077028398e-03   1.0003710077028400e-03
  1.9319683170169222e+09   1.9319683170169222e+09   9.9899962727948488e-01   1.0003727205150543e-03   1.0003727205150543e-03   1.0003727205150545e-03
  1.9408858775927794e+09   1.9408858775927794e+09   9.9899962555876365e-01   1.0003744412361978e-03   1.0003744412361978e-03   1.0003744412361980e-03
  1.9498445997580414e+09   1.9498445997580414e+09   9.9899962383009711e-01   1.0003761699028039e-03   1.0003761699028039e-03   1.0003761699028042e-03
  1.9588446735059888e+09   1.9588446735059888e+09   9.9899962209344828e-01   1.0003779065515745e-03   1.0003779065515745e-03   1.0003779065515747e-03
  1.9678862897068470e+09   1.9678862897068470e+09   9.9899962034878054e-01   1.0003796512193814e-03   1.0003796512193814e-03   1.0003796512193816e-03
  1.9769696401118579e+09   1.9769696401118579e+09   9.9899961859605668e-01   1.0003814039432667e-03   1.0003814039432667e-03   1.0003814039432667e-03
  1.9860949173573716e+09   1.9860949173573716e+09   9.9899961683523941e-01   1.0003831647604443e-03   1.0003831647604443e-03   1.0003831647604445e-03
  1.9952623149688828e+09   1.9952623149688828e+09   9.9899961506629154e-01   1.0003849337082993e-03   1.0003849337082993e-03   1.0003849337082995e-03
  2.0044720273651593e+09   2.0044720273651593e+09   9.9899961328917541e-01   1.0003867108243903e-03   1.0003867108243903e-03   1.0003867108243905e-03
  2.0137242498623896e+09   2.0137242498623896e+09   9.9899961150385341e-01   1.0003884961464489e-03   1.0003884961464489e-03   1.0003884961464491e-03
  2.0230191786782761e+09   2.0230191786782761e+09   9.9899960971028745e-01   1.0003902897123816e-03   1.0003902897123816e-03   1.0003902897123818e-03
  2.0323570109362209e+09   2.0323570109362209e+09   9.9899960790843967e-01   1.0003920915602701e-03   1.0003920915602701e-03   1.0003920915602703e-03
  2.0417379446695316e+09   2.0417379446695316e+09   9.9899960609827154e-01   1.0003939017283723e-03   1.0003939017283723e-03   1.0003939017283726e-03
  2.0511621788255625e+09   2.0511621788255625e+09   9.9899960427974477e-01   1.0003957202551225e-03   1.0003957202551225e-03   1.0003957202551227e-03
  2.0606299132700005e+09   2.0606299132700005e+09   9.9899960245282071e-01   1.0003975471791326e-03   1.0003975471791326e-03   1.0003975471791328e-03
  2.0701413487910457e+09   2.0701413487910457e+09   9.9899960061746074e-01   1.0003993825391938e-03   1.0003993825391938e-03   1.0003993825391940e-03
  2.0796966871036937e+09   2.0796966871036937e+09   9.9899959877362565e-01   1.0004012263742760e-03   1.0004012263742760e-03   1.0004012263742762e-03
  2.0892961308540409e+09   2.0892961308540409e+09   9.9899959692127638e-01   1.0004030787235298e-03   1.0004030787235298e-03   1.0004030787235301e-03
  2.0989398836235201e+09   2.0989398836235201e+09   9.9899959506037361e-01   1.0004049396262857e-03   1.0004049396262857e-03   1.0004049396262859e-03
  2.1086281499332886e+09   2.1086281499332886e+09   9.9899959319087783e-01   1.0004068091220572e-03   1.0004068091220572e-03   1.0004068091220575e-03
  2.1183611352485044e+09   2.1183611352485044e+09   9.9899959131274929e-01   1.0004086872505403e-03   1.0004086872505403e-03   1.0004086872505405e-03
  2.1281390459827092e+09   2.1281390459827092e+09   9.9899958942594824e-01   1.0004105740516137e-03   1.0004105740516137e-03   1.0004105740516139e-03
  2.1379620895022326e+09   2.1379620895022326e+09   9.9899958753043461e-01   1.0004124695653413e-03   1.0004124695653413e-03   1.0004124695653413e-03
  2.1478304741305375e+09   2.1478304741305375e+09   9.9899958562616786e-01   1.0004143738319719e-03   1.0004143738319719e-03   1.0004143738319721e-03
  2.1577444091526647e+09   2.1577444091526647e+09   9.9899958371310793e-01   1.0004162868919406e-03   1.0004162868919406e-03   1.0004162868919408e-03
  2.1677041048196964e+09   2.1677041048196964e+09   9.9899958179121406e-01   1.0004182087858695e-03   1.0004182087858695e-03   1.0004182087858698e-03
  2.1777097723531637e+09   2.1777097723531637e+09   9.9899957986044530e-01   1.0004201395545679e-03   1.0004201395545679e-03   1.0004201395545681e-03
  2.1877616239495521e+09   2.1877616239495521e+09   9.9899957792076077e-01   1.0004220792390343e-03   1.0004220792390343e-03   1.0004220792390345e-03
  2.1978598727848277e+09   2.1978598727848277e+09   9.9899957597211941e-01   1.0004240278804568e-03   1.0004240278804568e-03   1.0004240278804570e-03
  2.2080047330188971e+09   2.2080047330188971e+09   9.9899957401447970e-01   1.0004259855202137e-03   1.0004259855202137e-03   1.0004259855202139e-03
  2.2181964198002195e+09   2.2181964198002195e+09   9.9899957204779999e-01   1.0004279521998749e-03   1.0004279521998749e-03   1.0004279521998751e-03
  2.2284351492703075e+09   2.2284351492703075e+09   9.9899957007203877e-01   1.0004299279612022e-03   1.0004299279612022e-03   1.0004299279612022e-03
  2.2387211385683379e+09   2.2387211385683379e+09   9.9899956808715373e-01   1.0004319128461506e-03   1.0004319128461506e-03   1.0004319128461509e-03
  2.2490546058357825e+09   2.2490546058357825e+09   9.9899956609310303e-01   1.0004339068968692e-03   1.0004339068968692e-03   1.0004339068968695e-03
  2.2594357702209735e+09   2.2594357702209735e+09   9.9899956408984414e-01   1.0004359101557017e-03   1.0004359101557017e-03   1.0004359101557019e-03
  2.2698648518838210e+09   2.2698648518838210e+09   9.9899956207733465e-01   1.0004379226651878e-03   1.0004379226651878e-03   1.0004379226651880e-03
  2.2803420720004210e+09   2.2803420720004210e+09   9.9899956005553181e-01   1.0004399444680640e-03   1.0004399444680640e-03   1.0004399444680642e-03
  2.2908676527677698e+09   2.2908676527677698e+09   9.9899955802439255e-01   1.0004419756072642e-03   1.0004419756072642e-03   1.0004419756072644e-03
  2.3014418174085088e+09   2.3014418174085088e+09   9.9899955598387402e-01   1.0004440161259212e-03   1.0004440161259212e-03   1.0004440161259214e-03
  2.3120647901755986e+09   2.3120647901755986e+09   9.9899955393393247e-01   1.0004460660673665e-03   1.0004460660673665e-03   1.0004460660673667e-03
  2.3227367963571053e+09   2.3227367963571053e+09   9.9899955187452472e-01   1.0004481254751326e-03   1.0004481254751326e-03   1.0004481254751328e-03
  2.3334580622810044e+09   2.3334580622810044e+09   9.9899954980560690e-01   1.0004501943929531e-03   1.0004501943929531e-03   1.0004501943929533e-03
  2.3442288153199277e+09   2.3442288153199277e+09   9.9899954772713506e-01   1.0004522728647638e-03   1.0004522728647638e-03   1.0004522728647640e-03
  2.3550492838960090e+09   2.3550492838960090e+09   9.9899954563906512e-01   1.0004543609347038e-03   1.0004543609347038e-03   1.0004543609347040e-03
  2.3659196974857612e+09   2.3659196974857612e+09   9.9899954354135279e-01   1.0004564586471162e-03   1.0004564586471162e-03   1.0004564586471164e-03
  2.3768402866248736e+09   2.3768402866248736e+09   9.9899954143395331e-01   1.0004585660465491e-03   1.0004585660465491e-03   1.0004585660465493e-03
  2.3878112829131784e+09   2.3878112829131784e+09   9.9899953931682206e-01   1.0004606831777567e-03   1.0004606831777567e-03   1.0004606831777569e-03
  2.3988329190194950e+09   2.3988329190194950e+09   9.9899953718991419e-01   1.0004628100856998e-03   1.0004628100856998e-03   1.0004628100857000e-03
  2.4099054286865931e+09   2.4099054286865931e+09   9.9899953505318440e-01   1.0004649468155482e-03   1.0004649468155482e-03   1.0004649468155484e-03
  2.4210290467361798e+09   2.4210290467361798e+09   9.9899953290658716e-01   1.0004670934126790e-03   1.0004670934126790e-03   1.0004670934126792e-03
  2.4322040090738111e+09   2.4322040090738111e+09   9.9899953075007719e-01   1.0004692499226801e-03   1.0004692499226801e-03   1.0004692499226803e-03
  2.4434305526939712e+09   2.4434305526939712e+09   9.9899952858360852e-01   1.0004714163913502e-03   1.0004714163913502e-03   1.0004714163913504e-03
  2.4547089156850338e+09   2.4547089156850338e+09   9.9899952640713507e-01   1.0004735928646998e-03   1.0004735928646998e-03   1.0004735928647000e-03
  2.4660393372343359e+09   2.4660393372343359e+09   9.9899952422061089e-01   1.0004757793889518e-03   1.0004757793889518e-03   1.0004757793889521e-03
  2.4774220576332860e+09   2.4774220576332860e+09   9.9899952202398934e-01   1.0004779760105431e-03   1.0004779760105431e-03   1.0004779760105433e-03
  2.4888573182823954e+09   2.4888573182823954e+09   9.9899951981722379e-01   1.0004801827761252e-03   1.0004801827761252e-03   1.0004801827761254e-03
  2.5003453616964297e+09   2.5003453616964297e+09   9.9899951760026728e-01   1.0004823997325656e-03   1.0004823997325656e-03   1.0004823997325659e-03
  2.5118864315095820e+09   2.5118864315095820e+09   9.9899951537307285e-01   1.0004846269269488e-03   1.0004846269269488e-03   1.0004846269269490e-03
  2.5234807724805808e+09   2.5234807724805808e+09   9.9899951313559332e-01   1.0004868644065761e-03   1.0004868644065761e-03   1.0004868644065763e-03
  2.5351286304979072e+09   2.5351286304979072e+09   9.9899951088778083e-01   1.0004891122189685e-03   1.0004891122189685e-03   1.0004891122189687e-03
  2.5468302525850444e+09   2.5468302525850444e+09   9.9899950862958797e-01   1.0004913704118662e-03   1.0004913704118662e-03   1.0004913704118664e-03
  2.5585858869056425e+09   2.5585858869056425e+09   9.9899950636096668e-01   1.0004936390332303e-03   1.0004936390332303e-03   1.0004936390332305e-03
  2.5703957827688646e+09   2.5703957827688646e+09   9.9899950408186855e-01   1.0004959181312443e-03   1.0004959181312443e-03   1.0004959181312445e-03
  2.5822601906345906e+09   2.5822601906345906e+09   9.9899950179224550e-01   1.0004982077543138e-03   1.0004982077543138e-03   1.0004982077543140e-03
  2.5941793621188126e+09   2.5941793621188126e+09   9.9899949949204880e-01   1.0005005079510687e-03   1.0005005079510687e-03   1.0005005079510689e-03
  2.6061535499988976e+09   2.6061535499988976e+09   9.9899949718122949e-01   1.0005028187703637e-03   1.0005028187703637e-03   1.0005028187703639e-03
  2.6181830082189808e+09   2.6181830082189808e+09   9.9899949485973860e-01   1.0005051402612794e-03   1.0005051402612794e-03   1.0005051402612796e-03
  2.6302679918953815e+09   2.6302679918953815e+09   9.9899949252752673e-01   1.0005074724731232e-03   1.0005074724731232e-03   1.0005074724731234e-03
  2.6424087573219500e+09   2.6424087573219500e+09   9.9899949018454437e-01   1.0005098154554307e-03   1.0005098154554307e-03   1.0005098154554309e-03
  2.6546055619755363e+09   2.6546055619755363e+09   9.9899948783074188e-01   1.0005121692579673e-03   1.0005121692579673e-03   1.0005121692579675e-03
  2.6668586645214806e+09   2.6668586645214806e+09   9.9899948546606909e-01   1.0005145339307276e-03   1.0005145339307276e-03   1.0005145339307278e-03
  2.6791683248190370e+09   2.6791683248190370e+09   9.9899948309047593e-01   1.0005169095239370e-03   1.0005169095239370e-03   1.0005169095239372e-03
  2.6915348039269137e+09   2.6915348039269137e+09   9.9899948070391176e-01   1.0005192960880552e-03   1.0005192960880552e-03   1.0005192960880554e-03
  2.7039583641088462e+09   2.7039583641088462e+09   9.9899947830632618e-01   1.0005216936737739e-03   1.0005216936737739e-03   1.0005216936737739e-03
  2.7164392688390779e+09   2.7164392688390779e+09   9.9899947589766780e-01   1.0005241023320185e-03   1.0005241023320185e-03   1.0005241023320188e-03
  2.7289777828080406e+09   2.7289777828080406e+09   9.9899947347788587e-01   1.0005265221139520e-03   1.0005265221139520e-03   1.0005265221139522e-03
  2.7415741719278865e+09   2.7415741719278865e+09   9.9899947104692888e-01   1.0005289530709723e-03   1.0005289530709723e-03   1.0005289530709725e-03
  2.7542287033381634e+09   2.7542287033381634e+09   9.9899946860474520e-01   1.0005313952547159e-03   1.0005313952547159e-03   1.0005313952547161e-03
  2.7669416454115129e+09   2.7669416454115129e+09   9.9899946615128277e-01   1.0005338487170579e-03   1.0005338487170579e-03   1.0005338487170581e-03
  2.7797132677592826e+09   2.7797132677592826e+09   9.9899946368648973e-01   1.0005363135101137e-03   1.0005363135101137e-03   1.0005363135101139e-03
  2.7925438412373362e+09   2.7925438412373362e+09   9.9899946121031358e-01   1.0005387896862385e-03   1.0005387896862385e-03   1.0005387896862387e-03
  2.8054336379517159e+09   2.8054336379517159e+09   9.9899945872270179e-01   1.0005412772980319e-03   1.0005412772980319e-03   1.0005412772980322e-03
  2.8183829312644491e+09   2.8183829312644491e+09   9.9899945622360153e-01   1.0005437763983350e-03   1.0005437763983350e-03   1.0005437763983352e-03
  2.8313919957993789e+09   2.8313919957993789e+09   9.9899945371295951e-01   1.0005462870402335e-03   1.0005462870402335e-03   1.0005462870402338e-03
  2.8444611074479198e+09   2.8444611074479198e+09   9.9899945119072275e-01   1.0005488092770598e-03   1.0005488092770598e-03   1.0005488092770601e-03
  2.8575905433749437e+09   2.8575905433749437e+09   9.9899944865683754e-01   1.0005513431623919e-03   1.0005513431623919e-03   1.0005513431623921e-03
  2.8707805820246921e+09   2.8707805820246921e+09   9.9899944611124980e-01   1.0005538887500557e-03   1.0005538887500557e-03   1.0005538887500559e-03
  2.8840315031266117e+09   2.8840315031266117e+09   9.9899944355390580e-01   1.0005564460941268e-03   1.0005564460941268e-03   1.0005564460941270e-03
  2.8973435877013211e+09   2.8973435877013211e+09   9.9899944098475102e-01   1.0005590152489304e-03   1.0005590152489304e-03   1.0005590152489304e-03
  2.9107171180666080e+09   2.9107171180666080e+09   9.9899943840373084e-01   1.0005615962690433e-03   1.0005615962690433e-03   1.0005615962690435e-03
  2.9241523778433309e+09   2.9241523778433309e+09   9.9899943581079054e-01   1.0005641892092945e-03   1.0005641892092945e-03   1.0005641892092947e-03
  2.9376496519615307e+09   2.9376496519615307e+09   9.9899943320587503e-01   1.0005667941247669e-03   1.0005667941247669e-03   1.0005667941247671e-03
  2.9512092266663899e+09   2.9512092266663899e+09   9.9899943058892904e-01   1.0005694110707980e-03   1.0005694110707980e-03   1.0005694110707983e-03
  2.9648313895243392e+09   2.9648313895243392e+09   9.9899942795989694e-01   1.0005720401029816e-03   1.0005720401029816e-03   1.0005720401029818e-03
  2.9785164294291911e+09   2.9785164294291911e+09   9.9899942531872266e-01   1.0005746812771687e-03   1.0005746812771687e-03   1.0005746812771690e-03
  2.9922646366081829e+09   2.9922646366081829e+09   9.9899942266535047e-01   1.0005773346494677e-03   1.0005773346494677e-03   1.0005773346494680e-03
  3.0060763026282291e+09   3.0060763026282291e+09   9.9899941999972364e-01   1.0005800002762480e-03   1.0005800002762480e-03   1.0005800002762483e-03
  3.0199517204020190e+09   3.0199517204020190e+09   9.9899941732178577e-01   1.0005826782141397e-03   1.0005826782141397e-03   1.0005826782141399e-03
  3.0338911841942658e+09   3.0338911841942658e+09   9.9899941463147990e-01   1.0005853685200329e-03   1.0005853685200329e-03   1.0005853685200331e-03
  3.0478949896279831e+09   3.0478949896279831e+09   9.9899941192874886e-01   1.0005880712510838e-03   1.0005880712510838e-03   1.0005880712510840e-03
  3.0619634336906819e+09   3.0619634336906819e+09   9.9899940921353503e-01   1.0005907864647106e-03   1.0005907864647106e-03   1.0005907864647108e-03
  3.0760968147407050e+09   3.0760968147407050e+09   9.9899940648578123e-01   1.0005935142185991e-03   1.0005935142185991e-03   1.0005935142185993e-03
  3.0902954325135922e+09   3.0902954325135922e+09   9.9899940374542917e-01   1.0005962545707001e-03   1.0005962545707001e-03   1.0005962545707003e-03
  3.1045595881283622e+09   3.1045595881283622e+09   9.9899940099242057e-01   1.0005990075792344e-03   1.0005990075792344e-03   1.0005990075792346e-03
  3.1188895840939355e+09   3.1188895840939355e+09   9.9899939822669714e-01   1.0006017733026904e-03   1.0006017733026904e-03   1.0006017733026906e-03
  3.1332857243155890e+09   3.1332857243155890e+09   9.9899939544820004e-01   1.0006045517998287e-03   1.0006045517998287e-03   1.0006045517998289e-03
  3.1477483141013107e+09   3.1477483141013107e+09   9.9899939265687021e-01   1.0006073431296806e-03   1.0006073431296806e-03   1.0006073431296808e-03
  3.1622776601683793e+09   3.1622776601683793e+09   9.9899938985264836e-01   1.0006101473515514e-03   1.0006101473515514e-03   1.0006101473515516e-03
  3.1768740706497755e+09   3.1768740706497755e+09   9.9899938703547475e-01   1.0006129645250196e-03   1.0006129645250196e-03   1.0006129645250199e-03
  3.1915378551007581e+09   3.1915378551007581e+09   9.9899938420528989e-01   1.0006157947099414e-03   1.0006157947099414e-03   1.0006157947099416e-03
  3.2062693245054674e+09   3.2062693245054674e+09   9.9899938136203348e-01   1.0006186379664477e-03   1.0006186379664477e-03   1.0006186379664479e-03
  3.2210687912834282e+09   3.2210687912834282e+09   9.9899937850564491e-01   1.0006214943549488e-03   1.0006214943549488e-03   1.0006214943549491e-03
  3.2359365692962809e+09   3.2359365692962809e+09   9.9899937563606378e-01   1.0006243639361348e-03   1.0006243639361348e-03   1.0006243639361350e-03
  3.2508729738543472e+09   3.2508729738543472e+09   9.9899937275322881e-01   1.0006272467709763e-03   1.0006272467709763e-03   1.0006272467709765e-03
  3.2658783217233534e+09   3.2658783217233534e+09   9.9899936985707904e-01   1.0006301429207251e-03   1.0006301429207251e-03   1.0006301429207254e-03
  3.2809529311311903e+09   3.2809529311311903e+09   9.9899936694755298e-01   1.0006330524469185e-03   1.0006330524469185e-03   1.0006330524469187e-03
  3.2960971217745829e+09   3.2960971217745829e+09   9.9899936402458844e-01   1.0006359754113764e-03   1.0006359754113764e-03   1.0006359754113766e-03
  3.3113112148259077e+09   3.3113112148259077e+09   9.9899936108812371e-01   1.0006389118762059e-03   1.0006389118762059e-03   1.0006389118762061e-03
  3.3265955329400473e+09   3.3265955329400473e+09   9.9899935813809604e-01   1.0006418619038016e-03   1.0006418619038016e-03   1.0006418619038018e-03
  3.3419504002611494e+09   3.3419504002611494e+09   9.9899935517444305e-01   1.0006448255568466e-03   1.0006448255568466e-03   1.0006448255568468e-03
  3.3573761424295449e+09   3.3573761424295449e+09   9.9899935219710156e-01   1.0006478028983137e-03   1.0006478028983137e-03   1.0006478028983139e-03
  3.3728730865886922e+09   3.3728730865886922e+09   9.9899934920600830e-01   1.0006507939914675e-03   1.0006507939914675e-03   1.0006507939914677e-03
  3.3884415613920207e+09   3.3884415613920207e+09   9.9899934620109987e-01   1.0006537988998649e-03   1.0006537988998649e-03   1.0006537988998651e-03
  3.4040818970100093e+09   3.4040818970100093e+09   9.9899934318231254e-01   1.0006568176873577e-03   1.0006568176873577e-03   1.0006568176873579e-03
  3.4197944251370940e+09   3.4197944251370940e+09   9.9899934014958169e-01   1.0006598504180926e-03   1.0006598504180926e-03   1.0006598504180928e-03
  3.4355794789987431e+09   3.4355794789987431e+09   9.9899933710284328e-01   1.0006628971565130e-03   1.0006628971565130e-03   1.0006628971565132e-03
  3.4514373933585644e+09   3.4514373933585644e+09   9.9899933404203245e-01   1.0006659579673619e-03   1.0006659579673619e-03   1.0006659579673621e-03
  3.4673685045253096e+09   3.4673685045253096e+09   9.9899933096708415e-01   1.0006690329156802e-03   1.0006690329156802e-03   1.0006690329156804e-03
  3.4833731503601165e+09   3.4833731503601165e+09   9.9899932787793289e-01   1.0006721220668106e-03   1.0006721220668106e-03   1.0006721220668111e-03
  3.4994516702835765e+09   3.4994516702835765e+09   9.9899932477451336e-01   1.0006752254863986e-03   1.0006752254863986e-03   1.0006752254863988e-03
  3.5156044052829762e+09   3.5156044052829762e+09   9.9899932165675942e-01   1.0006783432403926e-03   1.0006783432403926e-03   1.0006783432403928e-03
  3.5318316979195700e+09   3.5318316979195700e+09   9.9899931852460477e-01   1.0006814753950471e-03   1.0006814753950471e-03   1.0006814753950473e-03
  3.5481338923357606e+09   3.5481338923357606e+09   9.9899931537798281e-01   1.0006846220169229e-03   1.0006846220169229e-03   1.0006846220169232e-03
  3.5645113342624388e+09   3.5645113342624388e+09   9.9899931221682692e-01   1.0006877831728888e-03   1.0006877831728888e-03   1.0006877831728891e-03
  3.5809643710263624e+09   3.5809643710263624e+09   9.9899930904106971e-01   1.0006909589301233e-03   1.0006909589301233e-03   1.0006909589301235e-03
  3.5974933515574307e+09   3.5974933515574307e+09   9.9899930585064367e-01   1.0006941493561148e-03   1.0006941493561148e-03   1.0006941493561150e-03
  3.6140986263961315e+09   3.6140986263961315e+09   9.9899930264548109e-01   1.0006973545186664e-03   1.0006973545186664e-03   1.0006973545186666e-03
  3.6307805477010174e+09   3.6307805477010174e+09   9.9899929942551391e-01   1.0007005744858924e-03   1.0007005744858924e-03   1.0007005744858927e-03
  3.6475394692560730e+09   3.6475394692560730e+09   9.9899929619067351e-01   1.0007038093262240e-03   1.0007038093262240e-03   1.0007038093262242e-03
  3.6643757464783330e+09   3.6643757464783330e+09   9.9899929294089129e-01   1.0007070591084089e-03   1.0007070591084089e-03   1.0007070591084093e-03
  3.6812897364253206e+09   3.6812897364253206e+09   9.9899928967609830e-01   1.0007103239015125e-03   1.0007103239015125e-03   1.0007103239015127e-03
  3.6982817978026590e+09   3.6982817978026590e+09   9.9899928639622493e-01   1.0007136037749203e-03   1.0007136037749203e-03   1.0007136037749205e-03
  3.7153522909717278e+09   3.7153522909717278e+09   9.9899928310120145e-01   1.0007168987983392e-03   1.0007168987983392e-03   1.0007168987983394e-03
  3.7325015779571986e+09   3.7325015779571986e+09   9.9899927979095804e-01   1.0007202090417983e-03   1.0007202090417983e-03   1.0007202090417985e-03
  3.7497300224548340e+09   3.7497300224548340e+09   9.9899927646542419e-01   1.0007235345756505e-03   1.0007235345756505e-03   1.0007235345756507e-03
  3.7670379898390932e+09   3.7670379898390932e+09   9.9899927312452930e-01   1.0007268754705758e-03   1.0007268754705758e-03   1.0007268754705760e-03
  3.7844258471709280e+09   3.7844258471709280e+09   9.9899926976820219e-01   1.0007302317975796e-03   1.0007302317975796e-03   1.0007302317975799e-03
  3.8018939632056127e+09   3.8018939632056127e+09   9.9899926639637182e-01   1.0007336036279978e-03   1.0007336036279978e-03   1.0007336036279980e-03
  3.8194427084004722e+09   3.8194427084004722e+09   9.9899926300896624e-01   1.0007369910334948e-03   1.0007369910334948e-03   1.0007369910334950e-03
  3.8370724549227843e+09   3.8370724549227843e+09   9.9899925960591363e-01   1.0007403940860684e-03   1.0007403940860684e-03   1.0007403940860689e-03
  3.8547835766577206e+09   3.8547835766577206e+09   9.9899925618714180e-01   1.0007438128580481e-03   1.0007438128580481e-03   1.0007438128580484e-03
  3.8725764492161808e+09   3.8725764492161808e+09   9.9899925275257773e-01   1.0007472474220993e-03   1.0007472474220993e-03   1.0007472474220995e-03
  3.8904514499428048e+09   3.8904514499428048e+09   9.9899924930214856e-01   1.0007506978512238e-03   1.0007506978512238e-03   1.0007506978512240e-03
  3.9084089579240251e+09   3.9084089579240251e+09   9.9899924583578104e-01   1.0007541642187605e-03   1.0007541642187605e-03   1.0007541642187607e-03
  3.9264493539959931e+09   3.9264493539959931e+09   9.9899924235340132e-01   1.0007576465983889e-03   1.0007576465983889e-03   1.0007576465983893e-03
  3.9445730207527847e+09   3.9445730207527847e+09   9.9899923885493569e-01   1.0007611450641295e-03   1.0007611450641295e-03   1.0007611450641297e-03
  3.9627803425544014e+09   3.9627803425544014e+09   9.9899923534030943e-01   1.0007646596903444e-03   1.0007646596903444e-03   1.0007646596903446e-03
  3.9810717055349693e+09   3.9810717055349693e+09   9.9899923180944805e-01   1.0007681905517410e-03   1.0007681905517410e-03   1.0007681905517412e-03
  3.9994474976109776e+09   3.9994474976109776e+09   9.9899922826227638e-01   1.0007717377233723e-03   1.0007717377233723e-03   1.0007717377233725e-03
  4.0179081084893918e+09   4.0179081084893918e+09   9.9899922469871916e-01   1.0007753012806389e-03   1.0007753012806389e-03   1.0007753012806391e-03
  4.0364539296760483e+09   4.0364539296760483e+09   9.9899922111870043e-01   1.0007788812992904e-03   1.0007788812992904e-03   1.0007788812992908e-03
  4.0550853544838433e+09   4.0550853544838433e+09   9.9899921752214438e-01   1.0007824778554269e-03   1.0007824778554269e-03   1.0007824778554271e-03
  4.0738027780411220e+09   4.0738027780411220e+09   9.9899921390897428e-01   1.0007860910255016e-03   1.0007860910255016e-03   1.0007860910255018e-03
  4.0926065973001094e+09   4.0926065973001094e+09   9.9899921027911343e-01   1.0007897208863207e-03   1.0007897208863207e-03   1.0007897208863209e-03
  4.1114972110452294e+09   4.1114972110452294e+09   9.9899920663248465e-01   1.0007933675150466e-03   1.0007933675150466e-03   1.0007933675150471e-03
  4.1304750199016104e+09   4.1304750199016104e+09   9.9899920296901057e-01   1.0007970309891992e-03   1.0007970309891992e-03   1.0007970309891994e-03
  4.1495404263436327e+09   4.1495404263436327e+09   9.9899919928861314e-01   1.0008007113866567e-03   1.0008007113866567e-03   1.0008007113866569e-03
  4.1686938347033634e+09   4.1686938347033634e+09   9.9899919559121408e-01   1.0008044087856586e-03   1.0008044087856586e-03   1.0008044087856589e-03
  4.1879356511791825e+09   4.1879356511791825e+09   9.9899919187673492e-01   1.0008081232648063e-03   1.0008081232648063e-03   1.0008081232648067e-03
  4.2072662838444462e+09   4.2072662838444462e+09   9.9899918814509681e-01   1.0008118549030649e-03   1.0008118549030649e-03   1.0008118549030651e-03
  4.2266861426560245e+09   4.2266861426560245e+09   9.9899918439622004e-01   1.0008156037797657e-03   1.0008156037797657e-03   1.0008156037797659e-03
  4.2461956394631300e+09   4.2461956394631300e+09   9.9899918063002513e-01   1.0008193699746074e-03   1.0008193699746074e-03   1.0008193699746076e-03
  4.2657951880159345e+09   4.2657951880159345e+09   9.9899917684643214e-01   1.0008231535676571e-03   1.0008231535676571e-03   1.0008231535676574e-03
  4.2854852039743919e+09   4.2854852039743919e+09   9.9899917304536034e-01   1.0008269546393535e-03   1.0008269546393535e-03   1.0008269546393539e-03
  4.3052661049171095e+09   4.3052661049171095e+09   9.9899916922672916e-01   1.0008307732705074e-03   1.0008307732705074e-03   1.0008307732705078e-03
  4.3251383103500795e+09   4.3251383103500795e+09   9.9899916539045741e-01   1.0008346095423037e-03   1.0008346095423037e-03   1.0008346095423041e-03
  4.3451022417157145e+09   4.3451022417157145e+09   9.9899916153646351e-01   1.0008384635363033e-03   1.0008384635363033e-03   1.0008384635363035e-03
  4.3651583224016657e+09   4.3651583224016657e+09   9.9899915766466529e-01   1.0008423353344456e-03   1.0008423353344456e-03   1.0008423353344458e-03
  4.3853069777498512e+09   4.3853069777498512e+09   9.9899915377498072e-01   1.0008462250190480e-03   1.0008462250190480e-03   1.0008462250190482e-03
  4.4055486350655346e+09   4.4055486350655346e+09   9.9899914986732685e-01   1.0008501326728106e-03   1.0008501326728106e-03   1.0008501326728111e-03
  4.4258837236262741e+09   4.4258837236262741e+09   9.9899914594162098e-01   1.0008540583788159e-03   1.0008540583788159e-03   1.0008540583788161e-03
  4.4463126746910839e+09   4.4463126746910839e+09   9.9899914199777917e-01   1.0008580022205305e-03   1.0008580022205305e-03   1.0008580022205309e-03
  4.4668359215096350e+09   4.4668359215096350e+09   9.9899913803571783e-01   1.0008619642818092e-03   1.0008619642818092e-03   1.0008619642818096e-03
  4.4874538993313322e+09   4.4874538993313322e+09   9.9899913405535290e-01   1.0008659446468936e-03   1.0008659446468936e-03   1.0008659446468938e-03
  4.5081670454146004e+09   4.5081670454146004e+09   9.9899913005659935e-01   1.0008699434004163e-03   1.0008699434004163e-03   1.0008699434004165e-03
  4.5289757990362139e+09   4.5289757990362139e+09   9.9899912603937235e-01   1.0008739606274023e-03   1.0008739606274023e-03   1.0008739606274025e-03
  4.5498806015004807e+09   4.5498806015004807e+09   9.9899912200358643e-01   1.0008779964132688e-03   1.0008779964132688e-03   1.0008779964132692e-03
  4.5708818961487522e+09   4.5708818961487522e+09   9.9899911794915597e-01   1.0008820508438305e-03   1.0008820508438305e-03   1.0008820508438307e-03
  4.5919801283686943e+09   4.5919801283686943e+09   9.9899911387599460e-01   1.0008861240052983e-03   1.0008861240052983e-03   1.0008861240052985e-03
  4.6131757456037903e+09   4.6131757456037903e+09   9.9899910978401540e-01   1.0008902159842831e-03   1.0008902159842831e-03   1.0008902159842836e-03
  4.6344691973628845e+09   4.6344691973628845e+09   9.9899910567313188e-01   1.0008943268677974e-03   1.0008943268677974e-03   1.0008943268677978e-03
  4.6558609352295818e+09   4.6558609352295818e+09   9.9899910154325644e-01   1.0008984567432553e-03   1.0008984567432553e-03   1.0008984567432557e-03
  4.6773514128719816e+09   4.6773514128719816e+09   9.9899909739430126e-01   1.0009026056984770e-03   1.0009026056984770e-03   1.0009026056984772e-03
  4.6989410860521603e+09   4.6989410860521603e+09   9.9899909322617808e-01   1.0009067738216894e-03   1.0009067738216894e-03   1.0009067738216896e-03
  4.7206304126358995e+09   4.7206304126358995e+09   9.9899908903879819e-01   1.0009109612015277e-03   1.0009109612015277e-03   1.0009109612015281e-03
  4.7424198526024485e+09   4.7424198526024485e+09   9.9899908483207267e-01   1.0009151679270377e-03   1.0009151679270377e-03   1.0009151679270382e-03
  4.7643098680541658e+09   4.7643098680541658e+09   9.9899908060591203e-01   1.0009193940876788e-03   1.0009193940876788e-03   1.0009193940876792e-03
  4.7863009232263803e+09   4.7863009232263803e+09   9.9899907636022645e-01   1.0009236397733230e-03   1.0009236397733230e-03   1.0009236397733232e-03
  4.8083934844972897e+09   4.8083934844972897e+09   9.9899907209492544e-01   1.0009279050742601e-03   1.0009279050742601e-03   1.0009279050742605e-03
  4.8305880203977184e+09   4.8305880203977184e+09   9.9899906780991854e-01   1.0009321900811977e-03   1.0009321900811977e-03   1.0009321900811979e-03
  4.8528850016212101e+09   4.8528850016212101e+09   9.9899906350511447e-01   1.0009364948852632e-03   1.0009364948852632e-03   1.0009364948852634e-03
  4.8752849010338697e+09   4.8752849010338697e+09   9.9899905918042176e-01   1.0009408195780075e-03   1.0009408195780075e-03   1.0009408195780078e-03
  4.8977881936844568e+09   4.8977881936844568e+09   9.9899905483574825e-01   1.0009451642514044e-03   1.0009451642514044e-03   1.0009451642514048e-03
  4.9203953568145113e+09   4.9203953568145113e+09   9.9899905047100190e-01   1.0009495289978541e-03   1.0009495289978541e-03   1.0009495289978543e-03
  4.9431068698683434e+09   4.9431068698683434e+09   9.9899904608608958e-01   1.0009539139101849e-03   1.0009539139101849e-03   1.0009539139101851e-03
  4.9659232145033579e+09   4.9659232145033579e+09   9.9899904168091802e-01   1.0009583190816558e-03   1.0009583190816558e-03   1.0009583190816562e-03
  4.9888448746001263e+09   4.9888448746001263e+09   9.9899903725539385e-01   1.0009627446059567e-03   1.0009627446059567e-03   1.0009627446059570e-03
  5.0118723362727146e+09   5.0118723362727146e+09   9.9899903280942259e-01   1.0009671905772135e-03   1.0009671905772135e-03   1.0009671905772137e-03
  5.0350060878790474e+09   5.0350060878790474e+09   9.9899902834290977e-01   1.0009716570899862e-03   1.0009716570899862e-03   1.0009716570899864e-03
  5.0582466200311480e+09   5.0582466200311480e+09   9.9899902385576045e-01   1.0009761442392742e-03   1.0009761442392742e-03   1.0009761442392744e-03
  5.0815944256055994e+09   5.0815944256055994e+09   9.9899901934787916e-01   1.0009806521205163e-03   1.0009806521205163e-03   1.0009806521205167e-03
  5.1050499997540646e+09   5.1050499997540646e+09   9.9899901481917008e-01   1.0009851808295946e-03   1.0009851808295946e-03   1.0009851808295950e-03
  5.1286138399136591e+09   5.1286138399136591e+09   9.9899901026953697e-01   1.0009897304628346e-03   1.0009897304628346e-03   1.0009897304628348e-03
  5.1522864458175621e+09   5.1522864458175621e+09   9.9899900569888267e-01   1.0009943011170083e-03   1.0009943011170083e-03   1.0009943011170088e-03
  5.1760683195056810e+09   5.1760683195056810e+09   9.9899900110711037e-01   1.0009988928893368e-03   1.0009988928893368e-03   1.0009988928893372e-03
  5.1999599653351517e+09   5.1999599653351517e+09   9.9899899649412227e-01   1.0010035058774906e-03   1.0010035058774906e-03   1.0010035058774908e-03
  5.2239618899911976e+09   5.2239618899911976e+09   9.9899899185982022e-01   1.0010081401795939e-03   1.0010081401795939e-03   1.0010081401795941e-03
  5.2480746024977341e+09   5.2480746024977341e+09   9.9899898720410540e-01   1.0010127958942248e-03   1.0010127958942248e-03   1.0010127958942252e-03
  5.2722986142282219e+09   5.2722986142282219e+09   9.9899898252687935e-01   1.0010174731204190e-03   1.0010174731204190e-03   1.0010174731204192e-03
  5.2966344389165812e+09   5.2966344389165812e+09   9.9899897782804203e-01   1.0010221719576708e-03   1.0010221719576708e-03   1.0010221719576713e-03
  5.3210825926679316e+09   5.3210825926679316e+09   9.9899897310749386e-01   1.0010268925059358e-03   1.0010268925059358e-03   1.0010268925059360e-03
  5.3456435939697132e+09   5.3456435939697132e+09   9.9899896836513402e-01   1.0010316348656322e-03   1.0010316348656322e-03   1.0010316348656326e-03
  5.3703179637025328e+09   5.3703179637025328e+09   9.9899896360086204e-01   1.0010363991376442e-03   1.0010363991376442e-03   1.0010363991376447e-03
  5.3951062251512680e+09   5.3951062251512680e+09   9.9899895881457645e-01   1.0010411854233239e-03   1.0010411854233239e-03   1.0010411854233241e-03
  5.4200089040162382e+09   5.4200089040162382e+09   9.9899895400617522e-01   1.0010459938244920e-03   1.0010459938244920e-03   1.0010459938244924e-03
  5.4450265284242201e+09   5.4450265284242201e+09   9.9899894917555621e-01   1.0010508244434424e-03   1.0010508244434424e-03   1.0010508244434428e-03
  5.4701596289397106e+09   5.4701596289397106e+09   9.9899894432261682e-01   1.0010556773829428e-03   1.0010556773829428e-03   1.0010556773829430e-03
  5.4954087385762482e+09   5.4954087385762482e+09   9.9899893944725349e-01   1.0010605527462364e-03   1.0010605527462364e-03   1.0010605527462366e-03
  5.5207743928075848e+09   5.5207743928075848e+09   9.9899893454936273e-01   1.0010654506370461e-03   1.0010654506370461e-03   1.0010654506370463e-03
  5.5462571295791044e+09   5.5462571295791044e+09   9.9899892962884018e-01   1.0010703711595748e-03   1.0010703711595748e-03   1.0010703711595750e-03
  5.5718574893193045e+09   5.5718574893193045e+09   9.9899892468558116e-01   1.0010753144185089e-03   1.0010753144185089e-03   1.0010753144185094e-03
  5.5975760149510927e+09   5.5975760149510927e+09   9.9899891971948074e-01   1.0010802805190200e-03   1.0010802805190200e-03   1.0010802805190202e-03
  5.6234132519034910e+09   5.6234132519034910e+09   9.9899891473043290e-01   1.0010852695667670e-03   1.0010852695667670e-03   1.0010852695667674e-03
  5.6493697481230345e+09   5.6493697481230345e+09   9.9899890971833183e-01   1.0010902816678985e-03   1.0010902816678985e-03   1.0010902816678987e-03
  5.6754460540854654e+09   5.6754460540854654e+09   9.9899890468307062e-01   1.0010953169290557e-03   1.0010953169290557e-03   1.0010953169290562e-03
  5.7016427228074780e+09   5.7016427228074780e+09   9.9899889962454236e-01   1.0011003754573737e-03   1.0011003754573737e-03   1.0011003754573740e-03
  5.7279603098582802e+09   5.7279603098582802e+09   9.9899889454263924e-01   1.0011054573604850e-03   1.0011054573604850e-03   1.0011054573604852e-03
  5.7543993733715668e+09   5.7543993733715668e+09   9.9899888943725323e-01   1.0011105627465195e-03   1.0011105627465195e-03   1.0011105627465197e-03
  5.7809604740571871e+09   5.7809604740571871e+09   9.9899888430827566e-01   1.0011156917241102e-03   1.0011156917241102e-03   1.0011156917241104e-03
  5.8076441752131119e+09   5.8076441752131119e+09   9.9899887915559726e-01   1.0011208444023932e-03   1.0011208444023932e-03   1.0011208444023936e-03
  5.8344510427374477e+09   5.8344510427374477e+09   9.9899887397910869e-01   1.0011260208910098e-03   1.0011260208910098e-03   1.0011260208910102e-03
  5.8613816451402969e+09   5.8613816451402969e+09   9.9899886877869959e-01   1.0011312213001108e-03   1.0011312213001108e-03   1.0011312213001112e-03
  5.8884365535558844e+09   5.8884365535558844e+09   9.9899886355425938e-01   1.0011364457403566e-03   1.0011364457403566e-03   1.0011364457403569e-03
  5.9156163417547426e+09   5.9156163417547426e+09   9.9899885830567681e-01   1.0011416943229220e-03   1.0011416943229220e-03   1.0011416943229222e-03
  5.9429215861557388e+09   5.9429215861557388e+09   9.9899885303284019e-01   1.0011469671594954e-03   1.0011469671594954e-03   1.0011469671594958e-03
  5.9703528658383656e+09   5.9703528658383656e+09   9.9899884773563741e-01   1.0011522643622857e-03   1.0011522643622857e-03   1.0011522643622861e-03
  5.9979107625551004e+09   5.9979107625551004e+09   9.9899884241395576e-01   1.0011575860440194e-03   1.0011575860440194e-03   1.0011575860440197e-03
  6.0255958607435684e+09   6.0255958607435684e+09   9.9899883706768178e-01   1.0011629323179476e-03   1.0011629323179476e-03   1.0011629323179478e-03
  6.0534087475391359e+09   6.0534087475391359e+09   9.9899883169670178e-01   1.0011683032978456e-03   1.0011683032978456e-03   1.0011683032978460e-03
  6.0813500127871885e+09   6.0813500127871885e+09   9.9899882630090164e-01   1.0011736990980168e-03   1.0011736990980168e-03   1.0011736990980173e-03
  6.1094202490557146e+09   6.1094202490557146e+09   9.9899882088016634e-01   1.0011791198332944e-03   1.0011791198332944e-03   1.0011791198332948e-03
  6.1376200516479454e+09   6.1376200516479454e+09   9.9899881543438074e-01   1.0011845656190440e-03   1.0011845656190440e-03   1.0011845656190442e-03
  6.1659500186148100e+09   6.1659500186148100e+09   9.9899880996342860e-01   1.0011900365711666e-03   1.0011900365711666e-03   1.0011900365711668e-03
  6.1944107507678118e+09   6.1944107507678118e+09   9.9899880446719347e-01   1.0011955328061008e-03   1.0011955328061008e-03   1.0011955328061012e-03
  6.2230028516916018e+09   6.2230028516916018e+09   9.9899879894555887e-01   1.0012010544408242e-03   1.0012010544408242e-03   1.0012010544408246e-03
  6.2517269277568493e+09   6.2517269277568493e+09   9.9899879339840680e-01   1.0012066015928584e-03   1.0012066015928584e-03   1.0012066015928588e-03
  6.2805835881331797e+09   6.2805835881331797e+09   9.9899878782561946e-01   1.0012121743802683e-03   1.0012121743802683e-03   1.0012121743802685e-03
  6.3095734448019428e+09   6.3095734448019428e+09   9.9899878222707805e-01   1.0012177729216681e-03   1.0012177729216681e-03   1.0012177729216685e-03
  6.3386971125692635e+09   6.3386971125692635e+09   9.9899877660266345e-01   1.0012233973362213e-03   1.0012233973362213e-03   1.0012233973362217e-03
  6.3679552090791616e+09   6.3679552090791616e+09   9.9899877095225609e-01   1.0012290477436443e-03   1.0012290477436443e-03   1.0012290477436445e-03
  6.3973483548264952e+09   6.3973483548264952e+09   9.9899876527573550e-01   1.0012347242642089e-03   1.0012347242642089e-03   1.0012347242642093e-03
  6.4268771731701937e+09   6.4268771731701937e+09   9.9899875957298090e-01   1.0012404270187442e-03   1.0012404270187442e-03   1.0012404270187446e-03
  6.4565422903465624e+09   6.4565422903465624e+09   9.9899875384387105e-01   1.0012461561286401e-03   1.0012461561286401e-03   1.0012461561286405e-03
  6.4863443354823751e+09   6.4863443354823751e+09   9.9899874808828382e-01   1.0012519117158496e-03   1.0012519117158496e-03   1.0012519117158500e-03
  6.5162839406084280e+09   6.5162839406084280e+09   9.9899874230609687e-01   1.0012576939028921e-03   1.0012576939028921e-03   1.0012576939028924e-03
  6.5463617406727610e+09   6.5463617406727610e+09   9.9899873649718685e-01   1.0012635028128539e-03   1.0012635028128539e-03   1.0012635028128544e-03
  6.5765783735541992e+09   6.5765783735541992e+09   9.9899873066143030e-01   1.0012693385693936e-03   1.0012693385693936e-03   1.0012693385693940e-03
  6.6069344800759640e+09   6.6069344800759640e+09   9.9899872479870300e-01   1.0012752012967428e-03   1.0012752012967428e-03   1.0012752012967430e-03
  6.6374307040190754e+09   6.6374307040190754e+09   9.9899871890888003e-01   1.0012810911197091e-03   1.0012810911197091e-03   1.0012810911197093e-03
  6.6680676921362190e+09   6.6680676921362190e+09   9.9899871299183596e-01   1.0012870081636805e-03   1.0012870081636805e-03   1.0012870081636809e-03
  6.6988460941652718e+09   6.6988460941652718e+09   9.9899870704744509e-01   1.0012929525546252e-03   1.0012929525546252e-03   1.0012929525546257e-03
  6.7297665628431683e+09   6.7297665628431683e+09   9.9899870107558064e-01   1.0012989244190967e-03   1.0012989244190967e-03   1.0012989244190969e-03
  6.7608297539198189e+09   6.7608297539198189e+09   9.9899869507611538e-01   1.0013049238842351e-03   1.0013049238842351e-03   1.0013049238842356e-03
  6.7920363261718569e+09   6.7920363261718569e+09   9.9899868904892197e-01   1.0013109510777708e-03   1.0013109510777708e-03   1.0013109510777711e-03
  6.8233869414166899e+09   6.8233869414166899e+09   9.9899868299387173e-01   1.0013170061280272e-03   1.0013170061280272e-03   1.0013170061280274e-03
  6.8548822645266199e+09   6.8548822645266199e+09   9.9899867691083577e-01   1.0013230891639220e-03   1.0013230891639220e-03   1.0013230891639225e-03
  6.8865229634427757e+09   6.8865229634427757e+09   9.9899867079968474e-01   1.0013292003149721e-03   1.0013292003149721e-03   1.0013292003149725e-03
  6.9183097091893625e+09   6.9183097091893625e+09   9.9899866466028842e-01   1.0013353397112950e-03   1.0013353397112950e-03   1.0013353397112955e-03
  6.9502431758879766e+09   6.9502431758879766e+09   9.9899865849251612e-01   1.0013415074836116e-03   1.0013415074836116e-03   1.0013415074836118e-03
  6.9823240407717047e+09   6.9823240407717047e+09   9.9899865229623652e-01   1.0013477037632505e-03   1.0013477037632505e-03   1.0013477037632507e-03
  7.0145529841997137e+09   7.0145529841997137e+09   9.9899864607131750e-01   1.0013539286821483e-03   1.0013539286821483e-03   1.0013539286821487e-03
  7.0469306896714811e+09   7.0469306896714811e+09   9.9899863981762682e-01   1.0013601823728551e-03   1.0013601823728551e-03   1.0013601823728555e-03
  7.0794578438413734e+09   7.0794578438413734e+09   9.9899863353503116e-01   1.0013664649685353e-03   1.0013664649685353e-03   1.0013664649685357e-03
  7.1121351365332956e+09   7.1121351365332956e+09   9.9899862722339672e-01   1.0013727766029720e-03   1.0013727766029720e-03   1.0013727766029724e-03
  7.1449632607551203e+09   7.1449632607551203e+09   9.9899862088258917e-01   1.0013791174105682e-03   1.0013791174105682e-03   1.0013791174105684e-03
  7.1779429127136154e+09   7.1779429127136154e+09   9.9899861451247329e-01   1.0013854875263518e-03   1.0013854875263518e-03   1.0013854875263522e-03
  7.2110747918290052e+09   7.2110747918290052e+09   9.9899860811291374e-01   1.0013918870859766e-03   1.0013918870859766e-03   1.0013918870859771e-03
  7.2443596007498913e+09   7.2443596007498913e+09   9.9899860168377397e-01   1.0013983162257263e-03   1.0013983162257263e-03   1.0013983162257267e-03
  7.2777980453682423e+09   7.2777980453682423e+09   9.9899859522491719e-01   1.0014047750825171e-03   1.0014047750825171e-03   1.0014047750825175e-03
  7.3113908348341875e+09   7.3113908348341875e+09   9.9899858873620573e-01   1.0014112637939006e-03   1.0014112637939006e-03   1.0014112637939010e-03
  7.3451386815711432e+09   7.3451386815711432e+09   9.9899858221750160e-01   1.0014177824980671e-03   1.0014177824980671e-03   1.0014177824980675e-03
  7.3790423012910147e+09   7.3790423012910147e+09   9.9899857566866579e-01   1.0014243313338483e-03   1.0014243313338483e-03   1.0014243313338487e-03
  7.4131024130091925e+09   7.4131024130091925e+09   9.9899856908955897e-01   1.0014309104407204e-03   1.0014309104407204e-03   1.0014309104407208e-03
  7.4473197390598888e+09   7.4473197390598888e+09   9.9899856248004082e-01   1.0014375199588065e-03   1.0014375199588065e-03   1.0014375199588069e-03
  7.4816950051115532e+09   7.4816950051115532e+09   9.9899855583997077e-01   1.0014441600288808e-03   1.0014441600288808e-03   1.0014441600288812e-03
  7.5162289401820450e+09   7.5162289401820450e+09   9.9899854916920727e-01   1.0014508307923703e-03   1.0014508307923703e-03   1.0014508307923707e-03
  7.5509222766543417e+09   7.5509222766543417e+09   9.9899854246760833e-01   1.0014575323913602e-03   1.0014575323913602e-03   1.0014575323913607e-03
  7.5857757502918510e+09   7.5857757502918510e+09   9.9899853573503117e-01   1.0014642649685934e-03   1.0014642649685934e-03   1.0014642649685936e-03
  7.6207901002541151e+09   7.6207901002541151e+09   9.9899852897133223e-01   1.0014710286674763e-03   1.0014710286674763e-03   1.0014710286674767e-03
  7.6559660691125689e+09   7.6559660691125689e+09   9.9899852217636753e-01   1.0014778236320813e-03   1.0014778236320813e-03   1.0014778236320818e-03
  7.6913044028660822e+09   7.6913044028660822e+09   9.9899851534999251e-01   1.0014846500071492e-03   1.0014846500071492e-03   1.0014846500071496e-03
  7.7268058509570217e+09   7.7268058509570217e+09   9.9899850849206162e-01   1.0014915079380935e-03   1.0014915079380935e-03   1.0014915079380939e-03
  7.7624711662869272e+09   7.7624711662869272e+09   9.9899850160242865e-01   1.0014983975710023e-03   1.0014983975710023e-03   1.0014983975710028e-03
  7.7983011052325773e+09   7.7983011052325773e+09   9.9899849468094704e-01   1.0015053190526424e-03   1.0015053190526424e-03   1.0015053190526428e-03
  7.8342964276621199e+09   7.8342964276621199e+09   9.9899848772746924e-01   1.0015122725304613e-03   1.0015122725304613e-03   1.0015122725304617e-03
  7.8704578969510012e+09   7.8704578969510012e+09   9.9899848074184705e-01   1.0015192581525924e-03   1.0015192581525924e-03   1.0015192581525928e-03
  7.9067862799982452e+09   7.9067862799982452e+09   9.9899847372393191e-01   1.0015262760678563e-03   1.0015262760678563e-03   1.0015262760678565e-03
  7.9432823472428217e+09   7.9432823472428217e+09   9.9899846667357395e-01   1.0015333264257649e-03   1.0015333264257649e-03   1.0015333264257653e-03
  7.9799468726797848e+09   7.9799468726797848e+09   9.9899845959062328e-01   1.0015404093765235e-03   1.0015404093765235e-03   1.0015404093765238e-03
  8.0167806338767891e+09   8.0167806338767891e+09   9.9899845247492858e-01   1.0015475250710368e-03   1.0015475250710368e-03   1.0015475250710372e-03
  8.0537844119906769e+09   8.0537844119906769e+09   9.9899844532633875e-01   1.0015546736609085e-03   1.0015546736609085e-03   1.0015546736609089e-03
  8.0909589917838135e+09   8.0909589917838135e+09   9.9899843814470113e-01   1.0015618552984469e-03   1.0015618552984469e-03   1.0015618552984473e-03
  8.1283051616409950e+09   8.1283051616409950e+09   9.9899843092986296e-01   1.0015690701366687e-03   1.0015690701366687e-03   1.0015690701366692e-03
  8.1658237135859394e+09   8.1658237135859394e+09   9.9899842368167047e-01   1.0015763183293001e-03   1.0015763183293001e-03   1.0015763183293003e-03
  8.2035154432981768e+09   8.2035154432981768e+09   9.9899841639996900e-01   1.0015836000307819e-03   1.0015836000307819e-03   1.0015836000307821e-03
  8.2413811501300297e+09   8.2413811501300297e+09   9.9899840908460336e-01   1.0015909153962717e-03   1.0015909153962717e-03   1.0015909153962721e-03
  8.2794216371233273e+09   8.2794216371233273e+09   9.9899840173541810e-01   1.0015982645816483e-03   1.0015982645816483e-03   1.0015982645816485e-03
  8.3176377110267086e+09   8.3176377110267086e+09   9.9899839435225612e-01   1.0016056477435147e-03   1.0016056477435147e-03   1.0016056477435151e-03
  8.3560301823124914e+09   8.3560301823124914e+09   9.9899838693496057e-01   1.0016130650392010e-03   1.0016130650392010e-03   1.0016130650392012e-03
  8.3945998651939640e+09   8.3945998651939640e+09   9.9899837948337289e-01   1.0016205166267678e-03   1.0016205166267678e-03   1.0016205166267682e-03
  8.4333475776427565e+09   8.4333475776427565e+09   9.9899837199733466e-01   1.0016280026650106e-03   1.0016280026650106e-03   1.0016280026650111e-03
  8.4722741414059801e+09   8.4722741414059801e+09   9.9899836447668611e-01   1.0016355233134629e-03   1.0016355233134629e-03   1.0016355233134634e-03
  8.5113803820237589e+09   8.5113803820237589e+09   9.9899835692126737e-01   1.0016430787323980e-03   1.0016430787323980e-03   1.0016430787323982e-03
  8.5506671288468409e+09   8.5506671288468409e+09   9.9899834933091680e-01   1.0016506690828356e-03   1.0016506690828356e-03   1.0016506690828360e-03
  8.5901352150539436e+09   8.5901352150539436e+09   9.9899834170547319e-01   1.0016582945265415e-03   1.0016582945265415e-03   1.0016582945265417e-03
  8.6297854776697025e+09   8.6297854776697025e+09   9.9899833404477367e-01   1.0016659552260351e-03   1.0016659552260351e-03   1.0016659552260355e-03
  8.6696187575821781e+09   8.6696187575821781e+09   9.9899832634865504e-01   1.0016736513445896e-03   1.0016736513445896e-03   1.0016736513445900e-03
  8.7096358995607967e+09   8.7096358995607967e+09   9.9899831861695343e-01   1.0016813830462368e-03   1.0016813830462368e-03   1.0016813830462372e-03
  8.7498377522743645e+09   8.7498377522743645e+09   9.9899831084950397e-01   1.0016891504957719e-03   1.0016891504957719e-03   1.0016891504957721e-03
  8.7902251683088245e+09   8.7902251683088245e+09   9.9899830304614090e-01   1.0016969538587544e-03   1.0016969538587544e-03   1.0016969538587548e-03
  8.8307990041856213e+09   8.8307990041856213e+09   9.9899829520669825e-01   1.0017047933015143e-03   1.0017047933015143e-03   1.0017047933015145e-03
  8.8715601203796177e+09   8.8715601203796177e+09   9.9899828733100859e-01   1.0017126689911534e-03   1.0017126689911534e-03   1.0017126689911536e-03
  8.9125093813374405e+09   8.9125093813374405e+09   9.9899827941890418e-01   1.0017205810955512e-03   1.0017205810955512e-03   1.0017205810955514e-03
  8.9536476554959373e+09   8.9536476554959373e+09   9.9899827147021636e-01   1.0017285297833668e-03   1.0017285297833668e-03   1.0017285297833670e-03
  8.9949758153003654e+09   8.9949758153003654e+09   9.9899826348477549e-01   1.0017365152240429e-03   1.0017365152240429e-03   1.0017365152240434e-03
  9.0364947372230053e+09   9.0364947372230053e+09   9.9899825546241183e-01   1.0017445375878099e-03   1.0017445375878099e-03   1.0017445375878104e-03
  9.0782053017818623e+09   9.0782053017818623e+09   9.9899824740295395e-01   1.0017525970456903e-03   1.0017525970456903e-03   1.0017525970456907e-03
  9.1201083935591145e+09   9.1201083935591145e+09   9.9899823930623011e-01   1.0017606937695002e-03   1.0017606937695002e-03   1.0017606937695006e-03
  9.1622049012199917e+09   9.1622049012199917e+09   9.9899823117206765e-01   1.0017688279318543e-03   1.0017688279318543e-03   1.0017688279318547e-03
  9.2044957175317211e+09   9.2044957175317211e+09   9.9899822300029351e-01   1.0017769997061709e-03   1.0017769997061709e-03   1.0017769997061714e-03
  9.2469817393822117e+09   9.2469817393822117e+09   9.9899821479073292e-01   1.0017852092666730e-03   1.0017852092666730e-03   1.0017852092666735e-03
  9.2896638677993622e+09   9.2896638677993622e+09   9.9899820654321125e-01   1.0017934567883944e-03   1.0017934567883944e-03   1.0017934567883948e-03
  9.3325430079699249e+09   9.3325430079699249e+09   9.9899819825755243e-01   1.0018017424471824e-03   1.0018017424471824e-03   1.0018017424471828e-03
  9.3756200692587929e+09   9.3756200692587929e+09   9.9899818993358003e-01   1.0018100664197012e-03   1.0018100664197012e-03   1.0018100664197014e-03
  9.4188959652284184e+09   9.4188959652284184e+09   9.9899818157111619e-01   1.0018184288834375e-03   1.0018184288834375e-03   1.0018184288834379e-03
  9.4623716136579113e+09   9.4623716136579113e+09   9.9899817316998296e-01   1.0018268300167014e-03   1.0018268300167014e-03   1.0018268300167018e-03
  9.5060479365628090e+09   9.5060479365628090e+09   9.9899816473000091e-01   1.0018352699986339e-03   1.0018352699986339e-03   1.0018352699986343e-03
  9.5499258602143688e+09   9.5499258602143688e+09   9.9899815625099042e-01   1.0018437490092076e-03   1.0018437490092076e-03   1.0018437490092080e-03
  9.5940063151593170e+09   9.5940063151593170e+09   9.9899814773277029e-01   1.0018522672292321e-03   1.0018522672292321e-03   1.0018522672292326e-03
  9.6382902362397041e+09   9.6382902362397041e+09   9.9899813917515934e-01   1.0018608248403584e-03   1.0018608248403584e-03   1.0018608248403588e-03
  9.6827785626125069e+09   9.6827785626125069e+09   9.9899813057797449e-01   1.0018694220250814e-03   1.0018694220250814e-03   1.0018694220250818e-03
  9.7274722377696400e+09   9.7274722377696400e+09   9.9899812194103288e-01   1.0018780589667446e-03   1.0018780589667446e-03   1.0018780589667450e-03
  9.7723722095581112e+09   9.7723722095581112e+09   9.9899811326415011e-01   1.0018867358495445e-03   1.0018867358495445e-03   1.0018867358495449e-03
  9.8174794301998634e+09   9.8174794301998634e+09   9.9899810454714111e-01   1.0018954528585344e-03   1.0018954528585344e-03   1.0018954528585348e-03
  9.8627948563120995e+09   9.8627948563120995e+09   9.9899809578982002e-01   1.0019042101796275e-03   1.0019042101796275e-03   1.0019042101796279e-03
  9.9083194489276867e+09   9.9083194489276867e+09   9.9899808699199999e-01   1.0019130079996020e-03   1.0019130079996020e-03   1.0019130079996024e-03
  9.9540541735152550e+09   9.9540541735152550e+09   9.9899807815349362e-01   1.0019218465061044e-03   1.0019218465061044e-03   1.0019218465061046e-03
  1.0000000000000000e+10   1.0000000000000000e+10   9.9899806927411194e-01   1.0019307258876543e-03   1.0019307258876543e-03   1.0019307258876547e-03
  1.0046157902783966e+10   1.0046157902783966e+10   9.9899806035366601e-01   1.0019396463336484e-03   1.0019396463336484e-03   1.0019396463336488e-03
  1.0092528860766834e+10   1.0092528860766834e+10   9.9899805139196518e-01   1.0019486080343634e-03   1.0019486080343634e-03   1.0019486080343639e-03
  1.0139113857366800e+10   1.0139113857366800e+10   9.9899804238881873e-01   1.0019576111809623e-03   1.0019576111809623e-03   1.0019576111809628e-03
  1.0185913880541149e+10   1.0185913880541149e+10   9.9899803334403414e-01   1.0019666559654967e-03   1.0019666559654967e-03   1.0019666559654972e-03
  1.0232929922807537e+10   1.0232929922807537e+10   9.9899802425741868e-01   1.0019757425809108e-03   1.0019757425809108e-03   1.0019757425809113e-03
  1.0280162981264746e+10   1.0280162981264746e+10   9.9899801512877850e-01   1.0019848712210480e-03   1.0019848712210480e-03   1.0019848712210485e-03
  1.0327614057613958e+10   1.0327614057613958e+10   9.9899800595791888e-01   1.0019940420806519e-03   1.0019940420806519e-03   1.0019940420806523e-03
  1.0375284158180126e+10   1.0375284158180126e+10   9.9899799674464418e-01   1.0020032553553734e-03   1.0020032553553734e-03   1.0020032553553738e-03
  1.0423174293933058e+10   1.0423174293933058e+10   9.9899798748875779e-01   1.0020125112417727e-03   1.0020125112417727e-03   1.0020125112417731e-03
  1.0471285480508986e+10   1.0471285480508986e+10   9.9899797819006220e-01   1.0020218099373250e-03   1.0020218099373250e-03   1.0020218099373254e-03
  1.0519618738232235e+10   1.0519618738232235e+10   9.9899796884835923e-01   1.0020311516404240e-03   1.0020311516404240e-03   1.0020311516404244e-03
  1.0568175092136606e+10   1.0568175092136606e+10   9.9899795946344927e-01   1.0020405365503871e-03   1.0020405365503871e-03   1.0020405365503875e-03
  1.0616955571987242e+10   1.0616955571987242e+10   9.9899795003513214e-01   1.0020499648674586e-03   1.0020499648674586e-03   1.0020499648674590e-03
  1.0665961212302589e+10   1.0665961212302589e+10   9.9899794056320690e-01   1.0020594367928148e-03   1.0020594367928148e-03   1.0020594367928153e-03
  1.0715193052376093e+10   1.0715193052376093e+10   9.9899793104747114e-01   1.0020689525285678e-03   1.0020689525285678e-03   1.0020689525285682e-03
  1.0764652136298349e+10   1.0764652136298349e+10   9.9899792148772182e-01   1.0020785122777710e-03   1.0020785122777710e-03   1.0020785122777714e-03
  1.0814339512979397e+10   1.0814339512979397e+10   9.9899791188375520e-01   1.0020881162444227e-03   1.0020881162444227e-03   1.0020881162444231e-03
  1.0864256236170645e+10   1.0864256236170645e+10   9.9899790223536611e-01   1.0020977646334696e-03   1.0020977646334696e-03   1.0020977646334700e-03
  1.0914403364487572e+10   1.0914403364487572e+10   9.9899789254234883e-01   1.0021074576508130e-03   1.0021074576508130e-03   1.0021074576508134e-03
  1.0964781961431829e+10   1.0964781961431829e+10   9.9899788280449620e-01   1.0021171955033130e-03   1.0021171955033130e-03   1.0021171955033135e-03
  1.1015393095414145e+10   1.1015393095414145e+10   9.9899787302160081e-01   1.0021269783987911e-03   1.0021269783987911e-03   1.0021269783987916e-03
  1.1066237839776676e+10   1.1066237839776676e+10   9.9899786319345363e-01   1.0021368065460381e-03   1.0021368065460381e-03   1.0021368065460385e-03
  1.1117317272815897e+10   1.1117317272815897e+10   9.9899785331984481e-01   1.0021466801548155e-03   1.0021466801548155e-03   1.0021466801548159e-03
  1.1168632477805613e+10   1.1168632477805613e+10   9.9899784340056375e-01   1.0021565994358609e-03   1.0021565994358609e-03   1.0021565994358613e-03
  1.1220184543019653e+10   1.1220184543019653e+10   9.9899783343539872e-01   1.0021665646008937e-03   1.0021665646008937e-03   1.0021665646008941e-03
  1.1271974561755093e+10   1.1271974561755093e+10   9.9899782342413701e-01   1.0021765758626185e-03   1.0021765758626185e-03   1.0021765758626189e-03
  1.1324003632355577e+10   1.1324003632355577e+10   9.9899781336656490e-01   1.0021866334347306e-03   1.0021866334347306e-03   1.0021866334347311e-03
  1.1376272858234333e+10   1.1376272858234333e+10   9.9899780326246768e-01   1.0021967375319204e-03   1.0021967375319204e-03   1.0021967375319209e-03
  1.1428783347897713e+10   1.1428783347897713e+10   9.9899779311162984e-01   1.0022068883698764e-03   1.0022068883698764e-03   1.0022068883698769e-03
  1.1481536214968842e+10   1.1481536214968842e+10   9.9899778291383445e-01   1.0022170861652936e-03   1.0022170861652936e-03   1.0022170861652938e-03
  1.1534532578210907e+10   1.1534532578210907e+10   9.9899777266886369e-01   1.0022273311358738e-03   1.0022273311358738e-03   1.0022273311358742e-03
  1.1587773561551262e+10   1.1587773561551262e+10   9.9899776237649929e-01   1.0022376235003345e-03   1.0022376235003345e-03   1.0022376235003349e-03
  1.1641260294104885e+10   1.1641260294104885e+10   9.9899775203652130e-01   1.0022479634784105e-03   1.0022479634784105e-03   1.0022479634784109e-03
  1.1694993910198700e+10   1.1694993910198700e+10   9.9899774164870869e-01   1.0022583512908599e-03   1.0022583512908599e-03   1.0022583512908603e-03
  1.1748975549395304e+10   1.1748975549395304e+10   9.9899773121284019e-01   1.0022687871594695e-03   1.0022687871594695e-03   1.0022687871594699e-03
  1.1803206356517275e+10   1.1803206356517275e+10   9.9899772072869264e-01   1.0022792713070589e-03   1.0022792713070589e-03   1.0022792713070593e-03
  1.1857687481671597e+10   1.1857687481671597e+10   9.9899771019604211e-01   1.0022898039574852e-03   1.0022898039574852e-03   1.0022898039574856e-03
  1.1912420080273762e+10   1.1912420080273762e+10   9.9899769961466389e-01   1.0023003853356477e-03   1.0023003853356477e-03   1.0023003853356482e-03
  1.1967405313072418e+10   1.1967405313072418e+10   9.9899768898433217e-01   1.0023110156674945e-03   1.0023110156674945e-03   1.0023110156674949e-03
  1.2022644346174131e+10   1.2022644346174131e+10   9.9899767830481967e-01   1.0023216951800251e-03   1.0023216951800251e-03   1.0023216951800256e-03
  1.2078138351067823e+10   1.2078138351067823e+10   9.9899766757589836e-01   1.0023324241012969e-03   1.0023324241012969e-03   1.0023324241012974e-03
  1.2133888504649761e+10   1.2133888504649761e+10   9.9899765679733921e-01   1.0023432026604296e-03   1.0023432026604296e-03   1.0023432026604300e-03
  1.2189895989248674e+10   1.2189895989248674e+10   9.9899764596891194e-01   1.0023540310876104e-03   1.0023540310876104e-03   1.0023540310876108e-03
  1.2246161992650515e+10   1.2246161992650515e+10   9.9899763509038542e-01   1.0023649096140986e-03   1.0023649096140986e-03   1.0023649096140990e-03
  1.2302687708123812e+10   1.2302687708123812e+10   9.9899762416152738e-01   1.0023758384722309e-03   1.0023758384722309e-03   1.0023758384722313e-03
  1.2359474334445120e+10   1.2359474334445120e+10   9.9899761318210412e-01   1.0023868178954275e-03   1.0023868178954275e-03   1.0023868178954279e-03
  1.2416523075924093e+10   1.2416523075924093e+10   9.9899760215188138e-01   1.0023978481181945e-03   1.0023978481181945e-03   1.0023978481181950e-03
  1.2473835142429432e+10   1.2473835142429432e+10   9.9899759107062347e-01   1.0024089293761322e-03   1.0024089293761322e-03   1.0024089293761327e-03
  1.2531411749414129e+10   1.2531411749414129e+10   9.9899757993809368e-01   1.0024200619059387e-03   1.0024200619059387e-03   1.0024200619059391e-03
  1.2589254117941662e+10   1.2589254117941662e+10   9.9899756875405421e-01   1.0024312459454136e-03   1.0024312459454136e-03   1.0024312459454140e-03
  1.2647363474711523e+10   1.2647363474711523e+10   9.9899755751826624e-01   1.0024424817334664e-03   1.0024424817334664e-03   1.0024424817334668e-03
  1.2705741052085394e+10   1.2705741052085394e+10   9.9899754623048942e-01   1.0024537695101192e-03   1.0024537695101192e-03   1.0024537695101196e-03
  1.2764388088113434e+10   1.2764388088113434e+10   9.9899753489048304e-01   1.0024651095165132e-03   1.0024651095165132e-03   1.0024651095165136e-03
  1.2823305826560230e+10   1.2823305826560230e+10   9.9899752349800464e-01   1.0024765019949128e-03   1.0024765019949128e-03   1.0024765019949133e-03
  1.2882495516931322e+10   1.2882495516931322e+10   9.9899751205281095e-01   1.0024879471887125e-03   1.0024879471887125e-03   1.0024879471887129e-03
  1.2941958414499863e+10   1.2941958414499863e+10   9.9899750055465708e-01   1.0024994453424405e-03   1.0024994453424405e-03   1.0024994453424409e-03
  1.3001695780332926e+10   1.3001695780332926e+10   9.9899748900329788e-01   1.0025109967017657e-03   1.0025109967017657e-03   1.0025109967017661e-03
  1.3061708881318405e+10   1.3061708881318405e+10   9.9899747739848610e-01   1.0025226015135016e-03   1.0025226015135016e-03   1.0025226015135020e-03
  1.3121998990192041e+10   1.3121998990192041e+10   9.9899746573997394e-01   1.0025342600256126e-03   1.0025342600256126e-03   1.0025342600256130e-03
  1.3182567385564100e+10   1.3182567385564100e+10   9.9899745402751228e-01   1.0025459724872187e-03   1.0025459724872187e-03   1.0025459724872193e-03
  1.3243415351946644e+10   1.3243415351946644e+10   9.9899744226085108e-01   1.0025577391486022e-03   1.0025577391486022e-03   1.0025577391486026e-03
  1.3304544179780928e+10   1.3304544179780928e+10   9.9899743043973832e-01   1.0025695602612116e-03   1.0025695602612116e-03   1.0025695602612120e-03
  1.3365955165464405e+10   1.3365955165464405e+10   9.9899741856392188e-01   1.0025814360776686e-03   1.0025814360776686e-03   1.0025814360776690e-03
  1.3427649611378641e+10   1.3427649611378641e+10   9.9899740663314773e-01   1.0025933668517720e-03   1.0025933668517720e-03   1.0025933668517725e-03
  1.3489628825916506e+10   1.3489628825916506e+10   9.9899739464716109e-01   1.0026053528385042e-03   1.0026053528385042e-03   1.0026053528385047e-03
  1.3551894123510351e+10   1.3551894123510351e+10   9.9899738260570548e-01   1.0026173942940377e-03   1.0026173942940377e-03   1.0026173942940381e-03
  1.3614446824659510e+10   1.3614446824659510e+10   9.9899737050852389e-01   1.0026294914757387e-03   1.0026294914757387e-03   1.0026294914757391e-03
  1.3677288255958467e+10   1.3677288255958467e+10   9.9899735835535741e-01   1.0026416446421739e-03   1.0026416446421739e-03   1.0026416446421744e-03
  1.3740419750125149e+10   1.3740419750125149e+10   9.9899734614594649e-01   1.0026538540531167e-03   1.0026538540531167e-03   1.0026538540531171e-03
  1.3803842646028866e+10   1.3803842646028866e+10   9.9899733388002998e-01   1.0026661199695509e-03   1.0026661199695509e-03   1.0026661199695514e-03
  1.3867558288718868e+10   1.3867558288718868e+10   9.9899732155734589e-01   1.0026784426536779e-03   1.0026784426536779e-03   1.0026784426536784e-03
  1.3931568029453035e+10   1.3931568029453035e+10   9.9899730917763063e-01   1.0026908223689239e-03   1.0026908223689239e-03   1.0026908223689244e-03
  1.3995873225726206e+10   1.3995873225726206e+10   9.9899729674061954e-01   1.0027032593799418e-03   1.0027032593799418e-03   1.0027032593799424e-03
  1.4060475241299129e+10   1.4060475241299129e+10   9.9899728424604706e-01   1.0027157539526203e-03   1.0027157539526203e-03   1.0027157539526208e-03
  1.4125375446227554e+10   1.4125375446227554e+10   9.9899727169364538e-01   1.0027283063540882e-03   1.0027283063540882e-03   1.0027283063540888e-03
  1.4190575216890955e+10   1.4190575216890955e+10   9.9899725908314696e-01   1.0027409168527209e-03   1.0027409168527209e-03   1.0027409168527214e-03
  1.4256075936021879e+10   1.4256075936021879e+10   9.9899724641428145e-01   1.0027535857181458e-03   1.0027535857181458e-03   1.0027535857181462e-03
  1.4321878992735455e+10   1.4321878992735455e+10   9.9899723368677840e-01   1.0027663132212484e-03   1.0027663132212484e-03   1.0027663132212488e-03
  1.4387985782558437e+10   1.4387985782558437e+10   9.9899722090036525e-01   1.0027790996341786e-03   1.0027790996341786e-03   1.0027790996341792e-03
  1.4454397707459280e+10   1.4454397707459280e+10   9.9899720805476933e-01   1.0027919452303558e-03   1.0027919452303558e-03   1.0027919452303563e-03
  1.4521116175877390e+10   1.4521116175877390e+10   9.9899719514971519e-01   1.0028048502844756e-03   1.0028048502844756e-03   1.0028048502844760e-03
  1.4588142602753473e+10   1.4588142602753473e+10   9.9899718218492717e-01   1.0028178150725156e-03   1.0028178150725156e-03   1.0028178150725160e-03
  1.4655478409559128e+10   1.4655478409559128e+10   9.9899716916012782e-01   1.0028308398717415e-03   1.0028308398717415e-03   1.0028308398717419e-03
  1.4723125024327164e+10   1.4723125024327164e+10   9.9899715607503892e-01   1.0028439249607135e-03   1.0028439249607135e-03   1.0028439249607139e-03
  1.4791083881682072e+10   1.4791083881682072e+10   9.9899714292938036e-01   1.0028570706192912e-03   1.0028570706192912e-03   1.0028570706192917e-03
  1.4859356422870090e+10   1.4859356422870090e+10   9.9899712972287091e-01   1.0028702771286411e-03   1.0028702771286411e-03   1.0028702771286415e-03
  1.4927944095789944e+10   1.4927944095789944e+10   9.9899711645522837e-01   1.0028835447712424e-03   1.0028835447712424e-03   1.0028835447712429e-03
  1.4996848355023741e+10   1.4996848355023741e+10   9.9899710312616863e-01   1.0028968738308927e-03   1.0028968738308927e-03   1.0028968738308931e-03
  1.5066070661867449e+10   1.5066070661867449e+10   9.9899708973540691e-01   1.0029102645927150e-03   1.0029102645927150e-03   1.0029102645927154e-03
  1.5135612484362072e+10   1.5135612484362072e+10   9.9899707628265633e-01   1.0029237173431629e-03   1.0029237173431629e-03   1.0029237173431636e-03
  1.5205475297324970e+10   1.5205475297324970e+10   9.9899706276762956e-01   1.0029372323700281e-03   1.0029372323700281e-03   1.0029372323700286e-03
  1.5275660582380764e+10   1.5275660582380764e+10   9.9899704919003718e-01   1.0029508099624455e-03   1.0029508099624455e-03   1.0029508099624459e-03
  1.5346169827992941e+10   1.5346169827992941e+10   9.9899703554958874e-01   1.0029644504109011e-03   1.0029644504109011e-03   1.0029644504109016e-03
  1.5417004529495615e+10   1.5417004529495615e+10   9.9899702184599226e-01   1.0029781540072365e-03   1.0029781540072365e-03   1.0029781540072372e-03
  1.5488166189124796e+10   1.5488166189124796e+10   9.9899700807895497e-01   1.0029919210446565e-03   1.0029919210446565e-03   1.0029919210446569e-03
  1.5559656316050751e+10   1.5559656316050751e+10   9.9899699424818189e-01   1.0030057518177361e-03   1.0030057518177361e-03   1.0030057518177365e-03
  1.5631476426409508e+10   1.5631476426409508e+10   9.9899698035337703e-01   1.0030196466224248e-03   1.0030196466224248e-03   1.0030196466224255e-03
  1.5703628043335514e+10   1.5703628043335514e+10   9.9899696639424351e-01   1.0030336057560557e-03   1.0030336057560557e-03   1.0030336057560562e-03
  1.5776112696993500e+10   1.5776112696993500e+10   9.9899695237048225e-01   1.0030476295173499e-03   1.0030476295173499e-03   1.0030476295173503e-03
  1.5848931924611109e+10   1.5848931924611109e+10   9.9899693828179315e-01   1.0030617182064242e-03   1.0030617182064242e-03   1.0030617182064246e-03
  1.5922087270511700e+10   1.5922087270511700e+10   9.9899692412787489e-01   1.0030758721247981e-03   1.0030758721247981e-03   1.0030758721247986e-03
  1.5995580286146711e+10   1.5995580286146711e+10   9.9899690990842405e-01   1.0030900915753988e-03   1.0030900915753988e-03   1.0030900915753995e-03
  1.6069412530128756e+10   1.6069412530128756e+10   9.9899689562313709e-01   1.0031043768625697e-03   1.0031043768625697e-03   1.0031043768625701e-03
  1.6143585568264870e+10   1.6143585568264870e+10   9.9899688127170749e-01   1.0031187282920750e-03   1.0031187282920750e-03   1.0031187282920754e-03
  1.6218100973589331e+10   1.6218100973589331e+10   9.9899686685382849e-01   1.0031331461711097e-03   1.0031331461711097e-03   1.0031331461711102e-03
  1.6292960326397215e+10   1.6292960326397215e+10   9.9899685236919133e-01   1.0031476308083023e-03   1.0031476308083023e-03   1.0031476308083028e-03
  1.6368165214278101e+10   1.6368165214278101e+10   9.9899683781748583e-01   1.0031621825137250e-03   1.0031621825137250e-03   1.0031621825137254e-03
  1.6443717232149357e+10   1.6443717232149357e+10   9.9899682319840066e-01   1.0031768015988972e-03   1.0031768015988972e-03   1.0031768015988977e-03
  1.6519617982290150e+10   1.6519617982290150e+10   9.9899680851162287e-01   1.0031914883767974e-03   1.0031914883767974e-03   1.0031914883767978e-03
  1.6595869074375631e+10   1.6595869074375631e+10   9.9899679375683770e-01   1.0032062431618641e-03   1.0032062431618641e-03   1.0032062431618645e-03
  1.6672472125510611e+10   1.6672472125510611e+10   9.9899677893372962e-01   1.0032210662700069e-03   1.0032210662700069e-03   1.0032210662700074e-03
  1.6749428760264381e+10   1.6749428760264381e+10   9.9899676404198101e-01   1.0032359580186118e-03   1.0032359580186118e-03   1.0032359580186122e-03
  1.6826740610704639e+10   1.6826740610704639e+10   9.9899674908127301e-01   1.0032509187265488e-03   1.0032509187265488e-03   1.0032509187265493e-03
  1.6904409316432632e+10   1.6904409316432632e+10   9.9899673405128542e-01   1.0032659487141783e-03   1.0032659487141783e-03   1.0032659487141788e-03
  1.6982436524617460e+10   1.6982436524617460e+10   9.9899671895169617e-01   1.0032810483033595e-03   1.0032810483033595e-03   1.0032810483033600e-03
  1.7060823890031208e+10   1.7060823890031208e+10   9.9899670378218219e-01   1.0032962178174547e-03   1.0032962178174547e-03   1.0032962178174551e-03
  1.7139573075084253e+10   1.7139573075084253e+10   9.9899668854241830e-01   1.0033114575813398e-03   1.0033114575813398e-03   1.0033114575813402e-03
  1.7218685749860096e+10   1.7218685749860096e+10   9.9899667323207819e-01   1.0033267679214091e-03   1.0033267679214091e-03   1.0033267679214095e-03
  1.7298163592150997e+10   1.7298163592150997e+10   9.9899665785083402e-01   1.0033421491655835e-03   1.0033421491655835e-03   1.0033421491655839e-03
  1.7378008287493763e+10   1.7378008287493763e+10   9.9899664239835639e-01   1.0033576016433179e-03   1.0033576016433179e-03   1.0033576016433184e-03
  1.7458221529205074e+10   1.7458221529205074e+10   9.9899662687431401e-01   1.0033731256856074e-03   1.0033731256856074e-03   1.0033731256856079e-03
  1.7538805018417603e+10   1.7538805018417603e+10   9.9899661127837458e-01   1.0033887216249961e-03   1.0033887216249961e-03   1.0033887216249965e-03
  1.7619760464116310e+10   1.7619760464116310e+10   9.9899659561020393e-01   1.0034043897955826e-03   1.0034043897955826e-03   1.0034043897955830e-03
  1.7701089583174255e+10   1.7701089583174255e+10   9.9899657986946655e-01   1.0034201305330289e-03   1.0034201305330289e-03   1.0034201305330294e-03
  1.7782794100389229e+10   1.7782794100389229e+10   9.9899656405582504e-01   1.0034359441745673e-03   1.0034359441745673e-03   1.0034359441745677e-03
  1.7864875748520535e+10   1.7864875748520535e+10   9.9899654816894068e-01   1.0034518310590081e-03   1.0034518310590081e-03   1.0034518310590085e-03
  1.7947336268325249e+10   1.7947336268325249e+10   9.9899653220847284e-01   1.0034677915267461e-03   1.0034677915267461e-03   1.0034677915267466e-03
  1.8030177408595699e+10   1.8030177408595699e+10   9.9899651617407981e-01   1.0034838259197700e-03   1.0034838259197700e-03   1.0034838259197704e-03
  1.8113400926195988e+10   1.8113400926195988e+10   9.9899650006541785e-01   1.0034999345816670e-03   1.0034999345816670e-03   1.0034999345816674e-03
  1.8197008586099827e+10   1.8197008586099827e+10   9.9899648388214202e-01   1.0035161178576345e-03   1.0035161178576345e-03   1.0035161178576350e-03
  1.8281002161427444e+10   1.8281002161427444e+10   9.9899646762390515e-01   1.0035323760944827e-03   1.0035323760944827e-03   1.0035323760944832e-03
  1.8365383433483437e+10   1.8365383433483437e+10   9.9899645129035897e-01   1.0035487096406474e-03   1.0035487096406474e-03   1.0035487096406478e-03
  1.8450154191794739e+10   1.8450154191794739e+10   9.9899643488115342e-01   1.0035651188461938e-03   1.0035651188461938e-03   1.0035651188461943e-03
  1.8535316234148144e+10   1.8535316234148144e+10   9.9899641839593678e-01   1.0035816040628266e-03   1.0035816040628266e-03   1.0035816040628270e-03
  1.8620871366628654e+10   1.8620871366628654e+10   9.9899640183435567e-01   1.0035981656438952e-03   1.0035981656438952e-03   1.0035981656438956e-03
  1.8706821403658016e+10   1.8706821403658016e+10   9.9899638519605516e-01   1.0036148039444055e-03   1.0036148039444055e-03   1.0036148039444060e-03
  1.8793168168032722e+10   1.8793168168032722e+10   9.9899636848067841e-01   1.0036315193210237e-03   1.0036315193210237e-03   1.0036315193210244e-03
  1.8879913490962925e+10   1.8879913490962925e+10   9.9899635168786760e-01   1.0036483121320867e-03   1.0036483121320867e-03   1.0036483121320871e-03
  1.8967059212111485e+10   1.8967059212111485e+10   9.9899633481726191e-01   1.0036651827376091e-03   1.0036651827376091e-03   1.0036651827376095e-03
  1.9054607179632523e+10   1.9054607179632523e+10   9.9899631786850041e-01   1.0036821314992909e-03   1.0036821314992909e-03   1.0036821314992914e-03
  1.9142559250210857e+10   1.9142559250210857e+10   9.9899630084121904e-01   1.0036991587805270e-03   1.0036991587805270e-03   1.0036991587805274e-03
  1.9230917289101616e+10   1.9230917289101616e+10   9.9899628373505323e-01   1.0037162649464124e-03   1.0037162649464124e-03   1.0037162649464129e-03
  1.9319683170169220e+10   1.9319683170169220e+10   9.9899626654963591e-01   1.0037334503637542e-03   1.0037334503637542e-03   1.0037334503637547e-03
  1.9408858775927792e+10   1.9408858775927792e+10   9.9899624928459851e-01   1.0037507154010757e-03   1.0037507154010757e-03   1.0037507154010761e-03
  1.9498445997580414e+10   1.9498445997580414e+10   9.9899623193957099e-01   1.0037680604286277e-03   1.0037680604286277e-03   1.0037680604286282e-03
  1.9588446735059891e+10   1.9588446735059891e+10   9.9899621451418119e-01   1.0037854858183945e-03   1.0037854858183945e-03   1.0037854858183949e-03
  1.9678862897068470e+10   1.9678862897068470e+10   9.9899619700805553e-01   1.0038029919441039e-03   1.0038029919441039e-03   1.0038029919441044e-03
  1.9769696401118580e+10   1.9769696401118580e+10   9.9899617942081842e-01   1.0038205791812339e-03   1.0038205791812339e-03   1.0038205791812343e-03
  1.9860949173573715e+10   1.9860949173573715e+10   9.9899616175209260e-01   1.0038382479070221e-03   1.0038382479070221e-03   1.0038382479070226e-03
  1.9952623149688828e+10   1.9952623149688828e+10   9.9899614400149905e-01   1.0038559985004740e-03   1.0038559985004740e-03   1.0038559985004745e-03
  2.0044720273651592e+10   2.0044720273651592e+10   9.9899612616865729e-01   1.0038738313423712e-03   1.0038738313423712e-03   1.0038738313423716e-03
  2.0137242498623894e+10   2.0137242498623894e+10   9.9899610825318430e-01   1.0038917468152787e-03   1.0038917468152787e-03   1.0038917468152791e-03
  2.0230191786782761e+10   2.0230191786782761e+10   9.9899609025469605e-01   1.0039097453035559e-03   1.0039097453035559e-03   1.0039097453035564e-03
  2.0323570109362209e+10   2.0323570109362209e+10   9.9899607217280628e-01   1.0039278271933632e-03   1.0039278271933632e-03   1.0039278271933637e-03
  2.0417379446695316e+10   2.0417379446695316e+10   9.9899605400712699e-01   1.0039459928726704e-03   1.0039459928726704e-03   1.0039459928726708e-03
  2.0511621788255627e+10   2.0511621788255627e+10   9.9899603575726825e-01   1.0039642427312671e-03   1.0039642427312671e-03   1.0039642427312676e-03
  2.0606299132700005e+10   2.0606299132700005e+10   9.9899601742283872e-01   1.0039825771607693e-03   1.0039825771607693e-03   1.0039825771607700e-03
  2.0701413487910370e+10   2.0701413487910370e+10   9.9899599900344493e-01   1.0040009965546302e-03   1.0040009965546302e-03   1.0040009965546306e-03
  2.0796966871036938e+10   2.0796966871036938e+10   9.9899598049869154e-01   1.0040195013081459e-03   1.0040195013081459e-03   1.0040195013081463e-03
  2.0892961308540409e+10   2.0892961308540409e+10   9.9899596190818118e-01   1.0040380918184683e-03   1.0040380918184683e-03   1.0040380918184687e-03
  2.0989398836235203e+10   2.0989398836235203e+10   9.9899594323151508e-01   1.0040567684846101e-03   1.0040567684846101e-03   1.0040567684846105e-03
  2.1086281499332886e+10   2.1086281499332886e+10   9.9899592446829211e-01   1.0040755317074555e-03   1.0040755317074555e-03   1.0040755317074559e-03
  2.1183611352485043e+10   2.1183611352485043e+10   9.9899590561810980e-01   1.0040943818897695e-03   1.0040943818897695e-03   1.0040943818897699e-03
  2.1281390459827091e+10   2.1281390459827091e+10   9.9899588668056327e-01   1.0041133194362052e-03   1.0041133194362052e-03   1.0041133194362058e-03
  2.1379620895022324e+10   2.1379620895022324e+10   9.9899586765524628e-01   1.0041323447533151e-03   1.0041323447533151e-03   1.0041323447533156e-03
  2.1478304741305374e+10   2.1478304741305374e+10   9.9899584854175016e-01   1.0041514582495583e-03   1.0041514582495583e-03   1.0041514582495585e-03
  2.1577444091526646e+10   2.1577444091526646e+10   9.9899582933966435e-01   1.0041706603353092e-03   1.0041706603353092e-03   1.0041706603353096e-03
  2.1677041048196964e+10   2.1677041048196964e+10   9.9899581004857685e-01   1.0041899514228693e-03   1.0041899514228693e-03   1.0041899514228697e-03
  2.1777097723531635e+10   2.1777097723531635e+10   9.9899579066807309e-01   1.0042093319264731e-03   1.0042093319264731e-03   1.0042093319264736e-03
  2.1877616239495518e+10   2.1877616239495518e+10   9.9899577119773730e-01   1.0042288022623005e-03   1.0042288022623005e-03   1.0042288022623009e-03
  2.1978598727848274e+10   2.1978598727848274e+10   9.9899575163715115e-01   1.0042483628484823e-03   1.0042483628484823e-03   1.0042483628484827e-03
  2.2080047330188969e+10   2.2080047330188969e+10   9.9899573198589442e-01   1.0042680141051136e-03   1.0042680141051136e-03   1.0042680141051140e-03
  2.2181964198002193e+10   2.2181964198002193e+10   9.9899571224354522e-01   1.0042877564542605e-03   1.0042877564542605e-03   1.0042877564542612e-03
  2.2284351492702984e+10   2.2284351492702984e+10   9.9899569240967956e-01   1.0043075903199698e-03   1.0043075903199698e-03   1.0043075903199703e-03
  2.2387211385683376e+10   2.2387211385683376e+10   9.9899567248387122e-01   1.0043275161282798e-03   1.0043275161282798e-03   1.0043275161282803e-03
  2.2490546058357826e+10   2.2490546058357826e+10   9.9899565246569244e-01   1.0043475343072283e-03   1.0043475343072283e-03   1.0043475343072287e-03
  2.2594357702209736e+10   2.2594357702209736e+10   9.9899563235471278e-01   1.0043676452868625e-03   1.0043676452868625e-03   1.0043676452868629e-03
  2.2698648518838211e+10   2.2698648518838211e+10   9.9899561215050037e-01   1.0043878494992492e-03   1.0043878494992492e-03   1.0043878494992496e-03
  2.2803420720004208e+10   2.2803420720004208e+10   9.9899559185262110e-01   1.0044081473784842e-03   1.0044081473784842e-03   1.0044081473784847e-03
  2.2908676527677700e+10   2.2908676527677700e+10   9.9899557146063889e-01   1.0044285393607008e-03   1.0044285393607008e-03   1.0044285393607012e-03
  2.3014418174085091e+10   2.3014418174085091e+10   9.9899555097411552e-01   1.0044490258840823e-03   1.0044490258840823e-03   1.0044490258840828e-03
  2.3120647901755989e+10   2.3120647901755989e+10   9.9899553039261080e-01   1.0044696073888686e-03   1.0044696073888686e-03   1.0044696073888690e-03
  2.3227367963571049e+10   2.3227367963571049e+10   9.9899550971568218e-01   1.0044902843173676e-03   1.0044902843173676e-03   1.0044902843173681e-03
  2.3334580622810043e+10   2.3334580622810043e+10   9.9899548894288559e-01   1.0045110571139659e-03   1.0045110571139659e-03   1.0045110571139664e-03
  2.3442288153199276e+10   2.3442288153199276e+10   9.9899546807377448e-01   1.0045319262251371e-03   1.0045319262251371e-03   1.0045319262251375e-03
  2.3550492838960091e+10   2.3550492838960091e+10   9.9899544710790000e-01   1.0045528920994522e-03   1.0045528920994522e-03   1.0045528920994528e-03
  2.3659196974857613e+10   2.3659196974857613e+10   9.9899542604481195e-01   1.0045739551875904e-03   1.0045739551875904e-03   1.0045739551875908e-03
  2.3768402866248734e+10   2.3768402866248734e+10   9.9899540488405714e-01   1.0045951159423487e-03   1.0045951159423487e-03   1.0045951159423493e-03
  2.3878112829131783e+10   2.3878112829131783e+10   9.9899538362518092e-01   1.0046163748186517e-03   1.0046163748186517e-03   1.0046163748186521e-03
  2.3988329190194851e+10   2.3988329190194851e+10   9.9899536226772612e-01   1.0046377322735615e-03   1.0046377322735615e-03   1.0046377322735619e-03
  2.4099054286865932e+10   2.4099054286865932e+10   9.9899534081123320e-01   1.0046591887662897e-03   1.0046591887662897e-03   1.0046591887662903e-03
  2.4210290467361801e+10   2.4210290467361801e+10   9.9899531925524143e-01   1.0046807447582058e-03   1.0046807447582058e-03   1.0046807447582063e-03
  2.4322040090738110e+10   2.4322040090738110e+10   9.9899529759928685e-01   1.0047024007128480e-03   1.0047024007128480e-03   1.0047024007128484e-03
  2.4434305526939713e+10   2.4434305526939713e+10   9.9899527584290371e-01   1.0047241570959337e-03   1.0047241570959337e-03   1.0047241570959342e-03
  2.4547089156850334e+10   2.4547089156850334e+10   9.9899525398562428e-01   1.0047460143753711e-03   1.0047460143753711e-03   1.0047460143753715e-03
  2.4660393372343361e+10   2.4660393372343361e+10   9.9899523202697837e-01   1.0047679730212672e-03   1.0047679730212672e-03   1.0047679730212677e-03
  2.4774220576332863e+10   2.4774220576332863e+10   9.9899520996649360e-01   1.0047900335059398e-03   1.0047900335059398e-03   1.0047900335059402e-03
  2.4888573182823956e+10   2.4888573182823956e+10   9.9899518780369578e-01   1.0048121963039290e-03   1.0048121963039290e-03   1.0048121963039294e-03
  2.5003453616964294e+10   2.5003453616964294e+10   9.9899516553810763e-01   1.0048344618920058e-03   1.0048344618920058e-03   1.0048344618920062e-03
  2.5118864315095821e+10   2.5118864315095821e+10   9.9899514316925042e-01   1.0048568307491844e-03   1.0048568307491844e-03   1.0048568307491849e-03
  2.5234807724805805e+10   2.5234807724805805e+10   9.9899512069664287e-01   1.0048793033567323e-03   1.0048793033567323e-03   1.0048793033567327e-03
  2.5351286304979073e+10   2.5351286304979073e+10   9.9899509811980147e-01   1.0049018801981801e-03   1.0049018801981801e-03   1.0049018801981805e-03
  2.5468302525850445e+10   2.5468302525850445e+10   9.9899507543824029e-01   1.0049245617593352e-03   1.0049245617593352e-03   1.0049245617593356e-03
  2.5585858869056427e+10   2.5585858869056427e+10   9.9899505265147137e-01   1.0049473485282897e-03   1.0049473485282897e-03   1.0049473485282902e-03
  2.5703957827688648e+10   2.5703957827688648e+10   9.9899502975900423e-01   1.0049702409954328e-03   1.0049702409954328e-03   1.0049702409954332e-03
  2.5822601906345905e+10   2.5822601906345905e+10   9.9899500676034614e-01   1.0049932396534610e-03   1.0049932396534610e-03   1.0049932396534614e-03
  2.5941793621188122e+10   2.5941793621188122e+10   9.9899498365500217e-01   1.0050163449973910e-03   1.0050163449973910e-03   1.0050163449973914e-03
  2.6061535499988976e+10   2.6061535499988976e+10   9.9899496044247504e-01   1.0050395575245681e-03   1.0050395575245681e-03   1.0050395575245685e-03
  2.6181830082189808e+10   2.6181830082189808e+10   9.9899493712226495e-01   1.0050628777346800e-03   1.0050628777346800e-03   1.0050628777346804e-03
  2.6302679918953815e+10   2.6302679918953815e+10   9.9899491369386983e-01   1.0050863061297655e-03   1.0050863061297655e-03   1.0050863061297659e-03
  2.6424087573219501e+10   2.6424087573219501e+10   9.9899489015678533e-01   1.0051098432142292e-03   1.0051098432142292e-03   1.0051098432142297e-03
  2.6546055619755363e+10   2.6546055619755363e+10   9.9899486651050484e-01   1.0051334894948488e-03   1.0051334894948488e-03   1.0051334894948492e-03
  2.6668586645214806e+10   2.6668586645214806e+10   9.9899484275451889e-01   1.0051572454807891e-03   1.0051572454807891e-03   1.0051572454807896e-03
  2.6791683248190369e+10   2.6791683248190369e+10   9.9899481888831598e-01   1.0051811116836133e-03   1.0051811116836133e-03   1.0051811116836137e-03
  2.6915348039269138e+10   2.6915348039269138e+10   9.9899479491138221e-01   1.0052050886172935e-03   1.0052050886172935e-03   1.0052050886172940e-03
  2.7039583641088463e+10   2.7039583641088463e+10   9.9899477082320143e-01   1.0052291767982228e-03   1.0052291767982228e-03   1.0052291767982233e-03
  2.7164392688390892e+10   2.7164392688390892e+10   9.9899474662325438e-01   1.0052533767452275e-03   1.0052533767452275e-03   1.0052533767452279e-03
  2.7289777828080406e+10   2.7289777828080406e+10   9.9899472231102016e-01   1.0052776889795771e-03   1.0052776889795771e-03   1.0052776889795773e-03
  2.7415741719278862e+10   2.7415741719278862e+10   9.9899469788597461e-01   1.0053021140249989e-03   1.0053021140249989e-03   1.0053021140249993e-03
  2.7542287033381634e+10   2.7542287033381634e+10   9.9899467334759195e-01   1.0053266524076862e-03   1.0053266524076862e-03   1.0053266524076866e-03
  2.7669416454115128e+10   2.7669416454115128e+10   9.9899464869534327e-01   1.0053513046563132e-03   1.0053513046563132e-03   1.0053513046563137e-03
  2.7797132677592827e+10   2.7797132677592827e+10   9.9899462392869753e-01   1.0053760713020453e-03   1.0053760713020453e-03   1.0053760713020457e-03
  2.7925438412373363e+10   2.7925438412373363e+10   9.9899459904712107e-01   1.0054009528785519e-03   1.0054009528785519e-03   1.0054009528785524e-03
  2.8054336379517162e+10   2.8054336379517162e+10   9.9899457405007763e-01   1.0054259499220181e-03   1.0054259499220181e-03   1.0054259499220185e-03
  2.8183829312644493e+10   2.8183829312644493e+10   9.9899454893702844e-01   1.0054510629711553e-03   1.0054510629711553e-03   1.0054510629711557e-03
  2.8313919957993790e+10   2.8313919957993790e+10   9.9899452370743247e-01   1.0054762925672174e-03   1.0054762925672174e-03   1.0054762925672178e-03
  2.8444611074479198e+10   2.8444611074479198e+10   9.9899449836074561e-01   1.0055016392540080e-03   1.0055016392540080e-03   1.0055016392540085e-03
  2.8575905433749435e+10   2.8575905433749435e+10   9.9899447289642174e-01   1.0055271035778969e-03   1.0055271035778969e-03   1.0055271035778973e-03
  2.8707805820246922e+10   2.8707805820246922e+10   9.9899444731391185e-01   1.0055526860878290e-03   1.0055526860878290e-03   1.0055526860878294e-03
  2.8840315031266117e+10   2.8840315031266117e+10   9.9899442161266427e-01   1.0055783873353403e-03   1.0055783873353403e-03   1.0055783873353407e-03
  2.8973435877013214e+10   2.8973435877013214e+10   9.9899439579212490e-01   1.0056042078745670e-03   1.0056042078745670e-03   1.0056042078745676e-03
  2.9107171180666080e+10   2.9107171180666080e+10   9.9899436985173728e-01   1.0056301482622599e-03   1.0056301482622599e-03   1.0056301482622603e-03
  2.9241523778433426e+10   2.9241523778433426e+10   9.9899434379094187e-01   1.0056562090577964e-03   1.0056562090577964e-03   1.0056562090577969e-03
  2.9376496519615307e+10   2.9376496519615307e+10   9.9899431760917645e-01   1.0056823908231943e-03   1.0056823908231943e-03   1.0056823908231947e-03
  2.9512092266663902e+10   2.9512092266663902e+10   9.9899429130587647e-01   1.0057086941231215e-03   1.0057086941231215e-03   1.0057086941231220e-03
  2.9648313895243393e+10   2.9648313895243393e+10   9.9899426488047471e-01   1.0057351195249130e-03   1.0057351195249130e-03   1.0057351195249134e-03
  2.9785164294291912e+10   2.9785164294291912e+10   9.9899423833240097e-01   1.0057616675985801e-03   1.0057616675985801e-03   1.0057616675985806e-03
  2.9922646366081829e+10   2.9922646366081829e+10   9.9899421166108271e-01   1.0057883389168252e-03   1.0057883389168252e-03   1.0057883389168257e-03
  3.0060763026282291e+10   3.0060763026282291e+10   9.9899418486594449e-01   1.0058151340550548e-03   1.0058151340550548e-03   1.0058151340550552e-03
  3.0199517204020191e+10   3.0199517204020191e+10   9.9899415794640800e-01   1.0058420535913916e-03   1.0058420535913916e-03   1.0058420535913922e-03
  3.0338911841942657e+10   3.0338911841942657e+10   9.9899413090189282e-01   1.0058690981066879e-03   1.0058690981066879e-03   1.0058690981066883e-03
  3.0478949896279831e+10   3.0478949896279831e+10   9.9899410373181496e-01   1.0058962681845391e-03   1.0058962681845391e-03   1.0058962681845395e-03
  3.0619634336906818e+10   3.0619634336906818e+10   9.9899407643558835e-01   1.0059235644112974e-03   1.0059235644112974e-03   1.0059235644112978e-03
  3.0760968147407047e+10   3.0760968147407047e+10   9.9899404901262356e-01   1.0059509873760837e-03   1.0059509873760837e-03   1.0059509873760841e-03
  3.0902954325135921e+10   3.0902954325135921e+10   9.9899402146232874e-01   1.0059785376708022e-03   1.0059785376708022e-03   1.0059785376708027e-03
  3.1045595881283619e+10   3.1045595881283619e+10   9.9899399378410936e-01   1.0060062158901532e-03   1.0060062158901532e-03   1.0060062158901537e-03
  3.1188895840939354e+10   3.1188895840939354e+10   9.9899396597736789e-01   1.0060340226316470e-03   1.0060340226316470e-03   1.0060340226316475e-03
  3.1332857243155888e+10   3.1332857243155888e+10   9.9899393804150383e-01   1.0060619584956174e-03   1.0060619584956174e-03   1.0060619584956181e-03
  3.1477483141013237e+10   3.1477483141013237e+10   9.9899390997591420e-01   1.0060900240852345e-03   1.0060900240852345e-03   1.0060900240852352e-03
  3.1622776601683792e+10   3.1622776601683792e+10   9.9899388177999304e-01   1.0061182200065200e-03   1.0061182200065200e-03   1.0061182200065205e-03
  3.1768740706497757e+10   3.1768740706497757e+10   9.9899385345313119e-01   1.0061465468683595e-03   1.0061465468683595e-03   1.0061465468683599e-03
  3.1915378551007584e+10   3.1915378551007584e+10   9.9899382499471712e-01   1.0061750052825175e-03   1.0061750052825175e-03   1.0061750052825179e-03
  3.2062693245054672e+10   3.2062693245054672e+10   9.9899379640413588e-01   1.0062035958636507e-03   1.0062035958636507e-03   1.0062035958636512e-03
  3.2210687912834282e+10   3.2210687912834282e+10   9.9899376768077019e-01   1.0062323192293215e-03   1.0062323192293215e-03   1.0062323192293219e-03
  3.2359365692962811e+10   3.2359365692962811e+10   9.9899373882399956e-01   1.0062611760000130e-03   1.0062611760000130e-03   1.0062611760000134e-03
  3.2508729738543472e+10   3.2508729738543472e+10   9.9899370983320035e-01   1.0062901667991430e-03   1.0062901667991430e-03   1.0062901667991437e-03
  3.2658783217233532e+10   3.2658783217233532e+10   9.9899368070774652e-01   1.0063192922530777e-03   1.0063192922530777e-03   1.0063192922530782e-03
  3.2809529311311905e+10   3.2809529311311905e+10   9.9899365144700836e-01   1.0063485529911466e-03   1.0063485529911466e-03   1.0063485529911470e-03
  3.2960971217745827e+10   3.2960971217745827e+10   9.9899362205035391e-01   1.0063779496456554e-03   1.0063779496456554e-03   1.0063779496456559e-03
  3.3113112148259075e+10   3.3113112148259075e+10   9.9899359251714770e-01   1.0064074828519030e-03   1.0064074828519030e-03   1.0064074828519034e-03
  3.3265955329400471e+10   3.3265955329400471e+10   9.9899356284675134e-01   1.0064371532481928e-03   1.0064371532481928e-03   1.0064371532481932e-03
  3.3419504002611496e+10   3.3419504002611496e+10   9.9899353303852367e-01   1.0064669614758511e-03   1.0064669614758511e-03   1.0064669614758515e-03
  3.3573761424295452e+10   3.3573761424295452e+10   9.9899350309182022e-01   1.0064969081792373e-03   1.0064969081792373e-03   1.0064969081792379e-03
  3.3728730865886925e+10   3.3728730865886925e+10   9.9899347300599373e-01   1.0065269940057627e-03   1.0065269940057627e-03   1.0065269940057633e-03
  3.3884415613920341e+10   3.3884415613920341e+10   9.9899344278039359e-01   1.0065572196059024e-03   1.0065572196059024e-03   1.0065572196059031e-03
  3.4040818970100090e+10   3.4040818970100090e+10   9.9899341241436634e-01   1.0065875856332120e-03   1.0065875856332120e-03   1.0065875856332125e-03
  3.4197944251370941e+10   3.4197944251370941e+10   9.9899338190725528e-01   1.0066180927443406e-03   1.0066180927443406e-03   1.0066180927443410e-03
  3.4355794789987431e+10   3.4355794789987431e+10   9.9899335125840061e-01   1.0066487415990486e-03   1.0066487415990486e-03   1.0066487415990491e-03
  3.4514373933585648e+10   3.4514373933585648e+10   9.9899332046713940e-01   1.0066795328602200e-03   1.0066795328602200e-03   1.0066795328602205e-03
  3.4673685045253098e+10   3.4673685045253098e+10   9.9899328953280564e-01   1.0067104671938789e-03   1.0067104671938789e-03   1.0067104671938794e-03
  3.4833731503601166e+10   3.4833731503601166e+10   9.9899325845473030e-01   1.0067415452692052e-03   1.0067415452692052e-03   1.0067415452692057e-03
  3.4994516702835770e+10   3.4994516702835770e+10   9.9899322723224104e-01   1.0067727677585485e-03   1.0067727677585485e-03   1.0067727677585490e-03
  3.5156044052829765e+10   3.5156044052829765e+10   9.9899319586466206e-01   1.0068041353374446e-03   1.0068041353374446e-03   1.0068041353374451e-03
  3.5318316979195702e+10   3.5318316979195702e+10   9.9899316435131502e-01   1.0068356486846314e-03   1.0068356486846314e-03   1.0068356486846318e-03
  3.5481338923357605e+10   3.5481338923357605e+10   9.9899313269151746e-01   1.0068673084820626e-03   1.0068673084820626e-03   1.0068673084820631e-03
  3.5645113342624390e+10   3.5645113342624390e+10   9.9899310088458448e-01   1.0068991154149251e-03   1.0068991154149251e-03   1.0068991154149258e-03
  3.5809643710263626e+10   3.5809643710263626e+10   9.9899306892982787e-01   1.0069310701716540e-03   1.0069310701716540e-03   1.0069310701716545e-03
  3.5974933515574310e+10   3.5974933515574310e+10   9.9899303682655560e-01   1.0069631734439478e-03   1.0069631734439478e-03   1.0069631734439483e-03
  3.6140986263961311e+10   3.6140986263961311e+10   9.9899300457407281e-01   1.0069954259267859e-03   1.0069954259267859e-03   1.0069954259267864e-03
  3.6307805477010178e+10   3.6307805477010178e+10   9.9899297217168115e-01   1.0070278283184435e-03   1.0070278283184435e-03   1.0070278283184440e-03
  3.6475394692560730e+10   3.6475394692560730e+10   9.9899293961867897e-01   1.0070603813205072e-03   1.0070603813205072e-03   1.0070603813205079e-03
  3.6643757464783333e+10   3.6643757464783333e+10   9.9899290691436160e-01   1.0070930856378917e-03   1.0070930856378917e-03   1.0070930856378923e-03
  3.6812897364253052e+10   3.6812897364253052e+10   9.9899287405802062e-01   1.0071259419788560e-03   1.0071259419788560e-03   1.0071259419788567e-03
  3.6982817978026588e+10   3.6982817978026588e+10   9.9899284104894459e-01   1.0071589510550201e-03   1.0071589510550201e-03   1.0071589510550205e-03
  3.7153522909717278e+10   3.7153522909717278e+10   9.9899280788641820e-01   1.0071921135813800e-03   1.0071921135813800e-03   1.0071921135813805e-03
  3.7325015779571983e+10   3.7325015779571983e+10   9.9899277456972313e-01   1.0072254302763259e-03   1.0072254302763259e-03   1.0072254302763266e-03
  3.7497300224548340e+10   3.7497300224548340e+10   9.9899274109813796e-01   1.0072589018616570e-03   1.0072589018616570e-03   1.0072589018616574e-03
  3.7670379898390930e+10   3.7670379898390930e+10   9.9899270747093694e-01   1.0072925290625998e-03   1.0072925290625998e-03   1.0072925290626003e-03
  3.7844258471709282e+10   3.7844258471709282e+10   9.9899267368739175e-01   1.0073263126078238e-03   1.0073263126078238e-03   1.0073263126078242e-03
  3.8018939632056129e+10   3.8018939632056129e+10   9.9899263974676999e-01   1.0073602532294573e-03   1.0073602532294573e-03   1.0073602532294579e-03
  3.8194427084004723e+10   3.8194427084004723e+10   9.9899260564833647e-01   1.0073943516631073e-03   1.0073943516631073e-03   1.0073943516631077e-03
  3.8370724549227844e+10   3.8370724549227844e+10   9.9899257139135156e-01   1.0074286086478729e-03   1.0074286086478729e-03   1.0074286086478735e-03
  3.8547835766577209e+10   3.8547835766577209e+10   9.9899253697507329e-01   1.0074630249263653e-03   1.0074630249263653e-03   1.0074630249263658e-03
  3.8725764492161804e+10   3.8725764492161804e+10   9.9899250239875481e-01   1.0074976012447231e-03   1.0074976012447231e-03   1.0074976012447235e-03
  3.8904514499428047e+10   3.8904514499428047e+10   9.9899246766164695e-01   1.0075323383526300e-03   1.0075323383526300e-03   1.0075323383526304e-03
  3.9084089579240250e+10   3.9084089579240250e+10   9.9899243276299632e-01   1.0075672370033319e-03   1.0075672370033319e-03   1.0075672370033323e-03
  3.9264493539959930e+10   3.9264493539959930e+10   9.9899239770204595e-01   1.0076022979536555e-03   1.0076022979536555e-03   1.0076022979536559e-03
  3.9445730207527847e+10   3.9445730207527847e+10   9.9899236247803547e-01   1.0076375219640243e-03   1.0076375219640243e-03   1.0076375219640250e-03
  3.9627803425543854e+10   3.9627803425543854e+10   9.9899232709020103e-01   1.0076729097984766e-03   1.0076729097984766e-03   1.0076729097984770e-03
  3.9810717055349693e+10   3.9810717055349693e+10   9.9899229153777491e-01   1.0077084622246836e-03   1.0077084622246836e-03   1.0077084622246840e-03
  3.9994474976109779e+10   3.9994474976109779e+10   9.9899225581998552e-01   1.0077441800139669e-03   1.0077441800139669e-03   1.0077441800139676e-03
  4.0179081084893921e+10   4.0179081084893921e+10   9.9899221993605813e-01   1.0077800639413158e-03   1.0077800639413158e-03   1.0077800639413164e-03
  4.0364539296760483e+10   4.0364539296760483e+10   9.9899218388521416e-01   1.0078161147854061e-03   1.0078161147854061e-03   1.0078161147854066e-03
  4.0550853544838432e+10   4.0550853544838432e+10   9.9899214766667088e-01   1.0078523333286180e-03   1.0078523333286180e-03   1.0078523333286187e-03
  4.0738027780411217e+10   4.0738027780411217e+10   9.9899211127964249e-01   1.0078887203570541e-03   1.0078887203570541e-03   1.0078887203570546e-03
  4.0926065973001099e+10   4.0926065973001099e+10   9.9899207472333895e-01   1.0079252766605567e-03   1.0079252766605567e-03   1.0079252766605571e-03
  4.1114972110452293e+10   4.1114972110452293e+10   9.9899203799696679e-01   1.0079620030327278e-03   1.0079620030327278e-03   1.0079620030327282e-03
  4.1304750199016106e+10   4.1304750199016106e+10   9.9899200109972863e-01   1.0079989002709463e-03   1.0079989002709463e-03   1.0079989002709467e-03
  4.1495404263436325e+10   4.1495404263436325e+10   9.9899196403082324e-01   1.0080359691763865e-03   1.0080359691763865e-03   1.0080359691763869e-03
  4.1686938347033638e+10   4.1686938347033638e+10   9.9899192678944548e-01   1.0080732105540384e-03   1.0080732105540384e-03   1.0080732105540388e-03
  4.1879356511791824e+10   4.1879356511791824e+10   9.9899188937478678e-01   1.0081106252127223e-03   1.0081106252127223e-03   1.0081106252127227e-03
  4.2072662838444466e+10   4.2072662838444466e+10   9.9899185178603433e-01   1.0081482139651134e-03   1.0081482139651134e-03   1.0081482139651140e-03
  4.2266861426560242e+10   4.2266861426560242e+10   9.9899181402237180e-01   1.0081859776277561e-03   1.0081859776277561e-03   1.0081859776277565e-03
  4.2461956394631302e+10   4.2461956394631302e+10   9.9899177608297851e-01   1.0082239170210842e-03   1.0082239170210842e-03   1.0082239170210847e-03
  4.2657951880159164e+10   4.2657951880159164e+10   9.9899173796703011e-01   1.0082620329694408e-03   1.0082620329694408e-03   1.0082620329694412e-03
  4.2854852039743919e+10   4.2854852039743919e+10   9.9899169967369839e-01   1.0083003263010972e-03   1.0083003263010972e-03   1.0083003263010979e-03
  4.3052661049171097e+10   4.3052661049171097e+10   9.9899166120215133e-01   1.0083387978482713e-03   1.0083387978482713e-03   1.0083387978482717e-03
  4.3251383103500793e+10   4.3251383103500793e+10   9.9899162255155238e-01   1.0083774484471472e-03   1.0083774484471472e-03   1.0083774484471477e-03
  4.3451022417157143e+10   4.3451022417157143e+10   9.9899158372106167e-01   1.0084162789378971e-03   1.0084162789378971e-03   1.0084162789378976e-03
  4.3651583224016655e+10   4.3651583224016655e+10   9.9899154470983487e-01   1.0084552901646966e-03   1.0084552901646966e-03   1.0084552901646971e-03
  4.3853069777498512e+10   4.3853069777498512e+10   9.9899150551702376e-01   1.0084944829757477e-03   1.0084944829757477e-03   1.0084944829757481e-03
  4.4055486350655342e+10   4.4055486350655342e+10   9.9899146614177625e-01   1.0085338582232974e-03   1.0085338582232974e-03   1.0085338582232978e-03
  4.4258837236262733e+10   4.4258837236262733e+10   9.9899142658323592e-01   1.0085734167636579e-03   1.0085734167636579e-03   1.0085734167636583e-03
  4.4463126746910835e+10   4.4463126746910835e+10   9.9899138684054234e-01   1.0086131594572259e-03   1.0086131594572259e-03   1.0086131594572263e-03
  4.4668359215096352e+10   4.4668359215096352e+10   9.9899134691283109e-01   1.0086530871685035e-03   1.0086530871685035e-03   1.0086530871685039e-03
  4.4874538993313324e+10   4.4874538993313324e+10   9.9899130679923343e-01   1.0086932007661181e-03   1.0086932007661181e-03   1.0086932007661185e-03
  4.5081670454146004e+10   4.5081670454146004e+10   9.9899126649887671e-01   1.0087335011228428e-03   1.0087335011228428e-03   1.0087335011228432e-03
  4.5289757990362137e+10   4.5289757990362137e+10   9.9899122601088397e-01   1.0087739891156164e-03   1.0087739891156164e-03   1.0087739891156168e-03
  4.5498806015004799e+10   4.5498806015004799e+10   9.9899118533437392e-01   1.0088146656255647e-03   1.0088146656255647e-03   1.0088146656255653e-03
  4.5708818961487518e+10   4.5708818961487518e+10   9.9899114446846149e-01   1.0088555315380199e-03   1.0088555315380199e-03   1.0088555315380203e-03
  4.5919801283686760e+10   4.5919801283686760e+10   9.9899110341225694e-01   1.0088965877425428e-03   1.0088965877425428e-03   1.0088965877425434e-03
  4.6131757456037910e+10   4.6131757456037910e+10   9.9899106216486655e-01   1.0089378351329423e-03   1.0089378351329423e-03   1.0089378351329429e-03
  4.6344691973628838e+10   4.6344691973628838e+10   9.9899102072539225e-01   1.0089792746072971e-03   1.0089792746072971e-03   1.0089792746072975e-03
  4.6558609352295815e+10   4.6558609352295815e+10   9.9899097909293155e-01   1.0090209070679772e-03   1.0090209070679772e-03   1.0090209070679776e-03
  4.6773514128719810e+10   4.6773514128719810e+10   9.9899093726657784e-01   1.0090627334216637e-03   1.0090627334216637e-03   1.0090627334216641e-03
  4.6989410860521606e+10   4.6989410860521606e+10   9.9899089524542017e-01   1.0091047545793708e-03   1.0091047545793708e-03   1.0091047545793712e-03
  4.7206304126358994e+10   4.7206304126358994e+10   9.9899085302854307e-01   1.0091469714564680e-03   1.0091469714564680e-03   1.0091469714564685e-03
  4.7424198526024483e+10   4.7424198526024483e+10   9.9899081061502693e-01   1.0091893849727002e-03   1.0091893849727002e-03   1.0091893849727006e-03
  4.7643098680541664e+10   4.7643098680541664e+10   9.9899076800394737e-01   1.0092319960522099e-03   1.0092319960522099e-03   1.0092319960522103e-03
  4.7863009232263802e+10   4.7863009232263802e+10   9.9899072519437604e-01   1.0092748056235589e-03   1.0092748056235589e-03   1.0092748056235593e-03
  4.8083934844972900e+10   4.8083934844972900e+10   9.9899068218537967e-01   1.0093178146197508e-03   1.0093178146197508e-03   1.0093178146197515e-03
  4.8305880203977386e+10   4.8305880203977386e+10   9.9899063897602125e-01   1.0093610239782520e-03   1.0093610239782520e-03   1.0093610239782524e-03
  4.8528850016212097e+10   4.8528850016212097e+10   9.9899059556535863e-01   1.0094044346410131e-03   1.0094044346410131e-03   1.0094044346410135e-03
  4.8752849010338699e+10   4.8752849010338699e+10   9.9899055195244513e-01   1.0094480475544938e-03   1.0094480475544938e-03   1.0094480475544942e-03
  4.8977881936844566e+10   4.8977881936844566e+10   9.9899050813632984e-01   1.0094918636696822e-03   1.0094918636696822e-03   1.0094918636696826e-03
  4.9203953568145111e+10   4.9203953568145111e+10   9.9899046411605741e-01   1.0095358839421194e-03   1.0095358839421194e-03   1.0095358839421198e-03
  4.9431068698683434e+10   4.9431068698683434e+10   9.9899041989066772e-01   1.0095801093319204e-03   1.0095801093319204e-03   1.0095801093319208e-03
  4.9659232145033577e+10   4.9659232145033577e+10   9.9899037545919578e-01   1.0096245408037976e-03   1.0096245408037976e-03   1.0096245408037980e-03
  4.9888448746001266e+10   4.9888448746001266e+10   9.9899033082067235e-01   1.0096691793270833e-03   1.0096691793270833e-03   1.0096691793270839e-03
  5.0118723362727150e+10   5.0118723362727150e+10   9.9899028597412376e-01   1.0097140258757532e-03   1.0097140258757532e-03   1.0097140258757537e-03
  5.0350060878790474e+10   5.0350060878790474e+10   9.9899024091857103e-01   1.0097590814284489e-03   1.0097590814284489e-03   1.0097590814284495e-03
  5.0582466200311478e+10   5.0582466200311478e+10   9.9899019565303104e-01   1.0098043469685002e-03   1.0098043469685002e-03   1.0098043469685006e-03
  5.0815944256056000e+10   5.0815944256056000e+10   9.9899015017651560e-01   1.0098498234839507e-03   1.0098498234839507e-03   1.0098498234839511e-03
  5.1050499997540649e+10   5.1050499997540649e+10   9.9899010448803194e-01   1.0098955119675784e-03   1.0098955119675784e-03   1.0098955119675788e-03
  5.1286138399136589e+10   5.1286138399136589e+10   9.9899005858658263e-01   1.0099414134169206e-03   1.0099414134169206e-03   1.0099414134169210e-03
  5.1522864458175613e+10   5.1522864458175613e+10   9.9899001247116526e-01   1.0099875288342981e-03   1.0099875288342981e-03   1.0099875288342986e-03
  5.1760683195056816e+10   5.1760683195056816e+10   9.9898996614077273e-01   1.0100338592268379e-03   1.0100338592268379e-03   1.0100338592268384e-03
  5.1999599653351730e+10   5.1999599653351730e+10   9.9898991959439309e-01   1.0100804056064972e-03   1.0100804056064972e-03   1.0100804056064976e-03
  5.2239618899911972e+10   5.2239618899911972e+10   9.9898987283100948e-01   1.0101271689900878e-03   1.0101271689900878e-03   1.0101271689900882e-03
  5.2480746024977341e+10   5.2480746024977341e+10   9.9898982584960028e-01   1.0101741503993000e-03   1.0101741503993000e-03   1.0101741503993004e-03
  5.2722986142282219e+10   5.2722986142282219e+10   9.9898977864913874e-01   1.0102213508607271e-03   1.0102213508607271e-03   1.0102213508607278e-03
  5.2966344389165810e+10   5.2966344389165810e+10   9.9898973122859369e-01   1.0102687714058890e-03   1.0102687714058890e-03   1.0102687714058894e-03
  5.3210825926679314e+10   5.3210825926679314e+10   9.9898968358692830e-01   1.0103164130712580e-03   1.0103164130712580e-03   1.0103164130712584e-03
  5.3456435939697136e+10   5.3456435939697136e+10   9.9898963572310118e-01   1.0103642768982816e-03   1.0103642768982816e-03   1.0103642768982822e-03
  5.3703179637025330e+10   5.3703179637025330e+10   9.9898958763606605e-01   1.0104123639334106e-03   1.0104123639334106e-03   1.0104123639334112e-03
  5.3951062251512680e+10   5.3951062251512680e+10   9.9898953932477141e-01   1.0104606752281188e-03   1.0104606752281188e-03   1.0104606752281192e-03
  5.4200089040162384e+10   5.4200089040162384e+10   9.9898949078816057e-01   1.0105092118389335e-03   1.0105092118389335e-03   1.0105092118389339e-03
  5.4450265284242203e+10   5.4450265284242203e+10   9.9898944202517204e-01   1.0105579748274569e-03   1.0105579748274569e-03   1.0105579748274575e-03
  5.4701596289397102e+10   5.4701596289397102e+10   9.9898939303473910e-01   1.0106069652603927e-03   1.0106069652603927e-03   1.0106069652603934e-03
  5.4954087385762482e+10   5.4954087385762482e+10   9.9898934381578997e-01   1.0106561842095720e-03   1.0106561842095720e-03   1.0106561842095725e-03
  5.5207743928075844e+10   5.5207743928075844e+10   9.9898929436724759e-01   1.0107056327519784e-03   1.0107056327519784e-03   1.0107056327519788e-03
  5.5462571295791046e+10   5.5462571295791046e+10   9.9898924468802974e-01   1.0107553119697726e-03   1.0107553119697726e-03   1.0107553119697730e-03
  5.5718574893193039e+10   5.5718574893193039e+10   9.9898919477704917e-01   1.0108052229503210e-03   1.0108052229503210e-03   1.0108052229503217e-03
  5.5975760149511162e+10   5.5975760149511162e+10   9.9898914463321320e-01   1.0108553667862190e-03   1.0108553667862190e-03   1.0108553667862196e-03
  5.6234132519034904e+10   5.6234132519034904e+10   9.9898909425542415e-01   1.0109057445753175e-03   1.0109057445753175e-03   1.0109057445753182e-03
  5.6493697481230339e+10   5.6493697481230339e+10   9.9898904364257879e-01   1.0109563574207513e-03   1.0109563574207513e-03   1.0109563574207518e-03
  5.6754460540854652e+10   5.6754460540854652e+10   9.9898899279356868e-01   1.0110072064309626e-03   1.0110072064309626e-03   1.0110072064309630e-03
  5.7016427228074783e+10   5.7016427228074783e+10   9.9898894170727981e-01   1.0110582927197295e-03   1.0110582927197295e-03   1.0110582927197300e-03
  5.7279603098582802e+10   5.7279603098582802e+10   9.9898889038259342e-01   1.0111096174061926e-03   1.0111096174061926e-03   1.0111096174061931e-03
  5.7543993733715668e+10   5.7543993733715668e+10   9.9898883881838474e-01   1.0111611816148796e-03   1.0111611816148796e-03   1.0111611816148800e-03
  5.7809604740571869e+10   5.7809604740571869e+10   9.9898878701352378e-01   1.0112129864757362e-03   1.0112129864757362e-03   1.0112129864757366e-03
  5.8076441752131119e+10   5.8076441752131119e+10   9.9898873496687535e-01   1.0112650331241492e-03   1.0112650331241492e-03   1.0112650331241498e-03
  5.8344510427374474e+10   5.8344510427374474e+10   9.9898868267729857e-01   1.0113173227009760e-03   1.0113173227009760e-03   1.0113173227009765e-03
  5.8613816451402969e+10   5.8613816451402969e+10   9.9898863014364692e-01   1.0113698563525720e-03   1.0113698563525720e-03   1.0113698563525726e-03
  5.8884365535558838e+10   5.8884365535558838e+10   9.9898857736476876e-01   1.0114226352308168e-03   1.0114226352308168e-03   1.0114226352308173e-03
  5.9156163417547432e+10   5.9156163417547432e+10   9.9898852433950636e-01   1.0114756604931439e-03   1.0114756604931439e-03   1.0114756604931445e-03
  5.9429215861557388e+10   5.9429215861557388e+10   9.9898847106669697e-01   1.0115289333025661e-03   1.0115289333025661e-03   1.0115289333025666e-03
  5.9703528658383659e+10   5.9703528658383659e+10   9.9898841754517176e-01   1.0115824548277057e-03   1.0115824548277057e-03   1.0115824548277063e-03
  5.9979107625551003e+10   5.9979107625551003e+10   9.9898836377375677e-01   1.0116362262428211e-03   1.0116362262428211e-03   1.0116362262428216e-03
  6.0255958607435936e+10   6.0255958607435936e+10   9.9898830975127173e-01   1.0116902487278365e-03   1.0116902487278365e-03   1.0116902487278369e-03
  6.0534087475391357e+10   6.0534087475391357e+10   9.9898825547653125e-01   1.0117445234683689e-03   1.0117445234683689e-03   1.0117445234683693e-03
  6.0813500127871887e+10   6.0813500127871887e+10   9.9898820094834373e-01   1.0117990516557570e-03   1.0117990516557570e-03   1.0117990516557577e-03
  6.1094202490557144e+10   6.1094202490557144e+10   9.9898814616551235e-01   1.0118538344870915e-03   1.0118538344870915e-03   1.0118538344870921e-03
  6.1376200516479454e+10   6.1376200516479454e+10   9.9898809112683418e-01   1.0119088731652419e-03   1.0119088731652419e-03   1.0119088731652425e-03
  6.1659500186148094e+10   6.1659500186148094e+10   9.9898803583110063e-01   1.0119641688988866e-03   1.0119641688988866e-03   1.0119641688988870e-03
  6.1944107507678116e+10   6.1944107507678116e+10   9.9898798027709690e-01   1.0120197229025419e-03   1.0120197229025419e-03   1.0120197229025426e-03
  6.2230028516916016e+10   6.2230028516916016e+10   9.9898792446360285e-01   1.0120755363965926e-03   1.0120755363965926e-03   1.0120755363965932e-03
  6.2517269277568489e+10   6.2517269277568489e+10   9.9898786838939213e-01   1.0121316106073181e-03   1.0121316106073181e-03   1.0121316106073187e-03
  6.2805835881331802e+10   6.2805835881331802e+10   9.9898781205323262e-01   1.0121879467669263e-03   1.0121879467669263e-03   1.0121879467669267e-03
  6.3095734448019424e+10   6.3095734448019424e+10   9.9898775545388585e-01   1.0122445461135810e-03   1.0122445461135810e-03   1.0122445461135817e-03
  6.3386971125692635e+10   6.3386971125692635e+10   9.9898769859010794e-01   1.0123014098914326e-03   1.0123014098914326e-03   1.0123014098914333e-03
  6.3679552090791618e+10   6.3679552090791618e+10   9.9898764146064889e-01   1.0123585393506474e-03   1.0123585393506474e-03   1.0123585393506478e-03
  6.3973483548264954e+10   6.3973483548264954e+10   9.9898758406425214e-01   1.0124159357474396e-03   1.0124159357474396e-03   1.0124159357474401e-03
  6.4268771731701942e+10   6.4268771731701942e+10   9.9898752639965538e-01   1.0124736003441004e-03   1.0124736003441004e-03   1.0124736003441011e-03
  6.4565422903465622e+10   6.4565422903465622e+10   9.9898746846559050e-01   1.0125315344090293e-03   1.0125315344090293e-03   1.0125315344090297e-03
  6.4863443354824013e+10   6.4863443354824013e+10   9.9898741026078275e-01   1.0125897392167643e-03   1.0125897392167643e-03   1.0125897392167648e-03
  6.5162839406084274e+10   6.5162839406084274e+10   9.9898735178395148e-01   1.0126482160480142e-03   1.0126482160480142e-03   1.0126482160480149e-03
  6.5463617406727341e+10   6.5463617406727341e+10   9.9898729303380984e-01   1.0127069661896883e-03   1.0127069661896883e-03   1.0127069661896887e-03
  6.5765783735541992e+10   6.5765783735541992e+10   9.9898723400906464e-01   1.0127659909349288e-03   1.0127659909349288e-03   1.0127659909349293e-03
  6.6069344800759644e+10   6.6069344800759644e+10   9.9898717470841636e-01   1.0128252915831417e-03   1.0128252915831417e-03   1.0128252915831421e-03
  6.6374307040190758e+10   6.6374307040190758e+10   9.9898711513055949e-01   1.0128848694400288e-03   1.0128848694400288e-03   1.0128848694400292e-03
  6.6680676921362190e+10   6.6680676921362190e+10   9.9898705527418197e-01   1.0129447258176191e-03   1.0129447258176191e-03   1.0129447258176195e-03
  6.6988460941652718e+10   6.6988460941652718e+10   9.9898699513796518e-01   1.0130048620343017e-03   1.0130048620343017e-03   1.0130048620343023e-03
  6.7297665628431679e+10   6.7297665628431679e+10   9.9898693472058464e-01   1.0130652794148568e-03   1.0130652794148568e-03   1.0130652794148574e-03
  6.7608297539198189e+10   6.7608297539198189e+10   9.9898687402070896e-01   1.0131259792904900e-03   1.0131259792904900e-03   1.0131259792904906e-03
  6.7920363261718567e+10   6.7920363261718567e+10   9.9898681303700065e-01   1.0131869629988622e-03   1.0131869629988622e-03   1.0131869629988626e-03
  6.8233869414166901e+10   6.8233869414166901e+10   9.9898675176811536e-01   1.0132482318841245e-03   1.0132482318841245e-03   1.0132482318841252e-03
  6.8548822645266205e+10   6.8548822645266205e+10   9.9898669021270259e-01   1.0133097872969503e-03   1.0133097872969503e-03   1.0133097872969507e-03
  6.8865229634427765e+10   6.8865229634427765e+10   9.9898662836940499e-01   1.0133716305945680e-03   1.0133716305945680e-03   1.0133716305945684e-03
  6.9183097091893631e+10   6.9183097091893631e+10   9.9898656623685866e-01   1.0134337631407953e-03   1.0134337631407953e-03   1.0134337631407960e-03
  6.9502431758879761e+10   6.9502431758879761e+10   9.9898650381369336e-01   1.0134961863060724e-03   1.0134961863060724e-03   1.0134961863060730e-03
  6.9823240407717041e+10   6.9823240407717041e+10   9.9898644109853196e-01   1.0135589014674937e-03   1.0135589014674937e-03   1.0135589014674943e-03
  7.0145529841997131e+10   7.0145529841997131e+10   9.9898637808999069e-01   1.0136219100088451e-03   1.0136219100088451e-03   1.0136219100088455e-03
  7.0469306896714523e+10   7.0469306896714523e+10   9.9898631478667876e-01   1.0136852133206347e-03   1.0136852133206347e-03   1.0136852133206353e-03
  7.0794578438413727e+10   7.0794578438413727e+10   9.9898625118719930e-01   1.0137488128001298e-03   1.0137488128001298e-03   1.0137488128001304e-03
  7.1121351365332962e+10   7.1121351365332962e+10   9.9898618729014810e-01   1.0138127098513886e-03   1.0138127098513886e-03   1.0138127098513893e-03
  7.1449632607551208e+10   7.1449632607551208e+10   9.9898612309411416e-01   1.0138769058852975e-03   1.0138769058852975e-03   1.0138769058852981e-03
  7.1779429127136154e+10   7.1779429127136154e+10   9.9898605859767975e-01   1.0139414023196025e-03   1.0139414023196025e-03   1.0139414023196032e-03
  7.2110747918290054e+10   7.2110747918290054e+10   9.9898599379942044e-01   1.0140062005789482e-03   1.0140062005789482e-03   1.0140062005789489e-03
  7.2443596007498917e+10   7.2443596007498917e+10   9.9898592869790459e-01   1.0140713020949097e-03   1.0140713020949097e-03   1.0140713020949104e-03
  7.2777980453682419e+10   7.2777980453682419e+10   9.9898586329169348e-01   1.0141367083060290e-03   1.0141367083060290e-03   1.0141367083060294e-03
  7.3113908348341873e+10   7.3113908348341873e+10   9.9898579757934169e-01   1.0142024206578511e-03   1.0142024206578511e-03   1.0142024206578515e-03
  7.3451386815711441e+10   7.3451386815711441e+10   9.9898573155939641e-01   1.0142684406029591e-03   1.0142684406029591e-03   1.0142684406029597e-03
  7.3790423012910156e+10   7.3790423012910156e+10   9.9898566523039845e-01   1.0143347696010101e-03   1.0143347696010101e-03   1.0143347696010107e-03
  7.4131024130091919e+10   7.4131024130091919e+10   9.9898559859088065e-01   1.0144014091187717e-03   1.0144014091187717e-03   1.0144014091187723e-03
  7.4473197390598892e+10   7.4473197390598892e+10   9.9898553163936921e-01   1.0144683606301583e-03   1.0144683606301583e-03   1.0144683606301589e-03
  7.4816950051115524e+10   7.4816950051115524e+10   9.9898546437438318e-01   1.0145356256162667e-03   1.0145356256162667e-03   1.0145356256162673e-03
  7.5162289401820450e+10   7.5162289401820450e+10   9.9898539679443410e-01   1.0146032055654147e-03   1.0146032055654147e-03   1.0146032055654152e-03
  7.5509222766543411e+10   7.5509222766543411e+10   9.9898532889802638e-01   1.0146711019731760e-03   1.0146711019731760e-03   1.0146711019731764e-03
  7.5857757502918198e+10   7.5857757502918198e+10   9.9898526068365701e-01   1.0147393163424184e-03   1.0147393163424184e-03   1.0147393163424190e-03
  7.6207901002541153e+10   7.6207901002541153e+10   9.9898519214981618e-01   1.0148078501833410e-03   1.0148078501833410e-03   1.0148078501833414e-03
  7.6559660691125687e+10   7.6559660691125687e+10   9.9898512329498601e-01   1.0148767050135125e-03   1.0148767050135125e-03   1.0148767050135129e-03
  7.6913044028660828e+10   7.6913044028660828e+10   9.9898505411764160e-01   1.0149458823579072e-03   1.0149458823579072e-03   1.0149458823579076e-03
  7.7268058509570221e+10   7.7268058509570221e+10   9.9898498461625063e-01   1.0150153837489438e-03   1.0150153837489438e-03   1.0150153837489443e-03
  7.7624711662869278e+10   7.7624711662869278e+10   9.9898491478927287e-01   1.0150852107265250e-03   1.0150852107265250e-03   1.0150852107265256e-03
  7.7983011052325775e+10   7.7983011052325775e+10   9.9898484463516135e-01   1.0151553648380732e-03   1.0151553648380732e-03   1.0151553648380738e-03
  7.8342964276621201e+10   7.8342964276621201e+10   9.9898477415236087e-01   1.0152258476385716e-03   1.0152258476385716e-03   1.0152258476385722e-03
  7.8704578969510010e+10   7.8704578969510010e+10   9.9898470333930889e-01   1.0152966606906014e-03   1.0152966606906014e-03   1.0152966606906020e-03
  7.9067862799982452e+10   7.9067862799982452e+10   9.9898463219443512e-01   1.0153678055643816e-03   1.0153678055643816e-03   1.0153678055643822e-03
  7.9432823472428223e+10   7.9432823472428223e+10   9.9898456071616160e-01   1.0154392838378076e-03   1.0154392838378076e-03   1.0154392838378082e-03
  7.9799468726797852e+10   7.9799468726797852e+10   9.9898448890290292e-01   1.0155110970964921e-03   1.0155110970964921e-03   1.0155110970964927e-03
  8.0167806338767899e+10   8.0167806338767899e+10   9.9898441675306571e-01   1.0155832469338020e-03   1.0155832469338020e-03   1.0155832469338024e-03
  8.0537844119906769e+10   8.0537844119906769e+10   9.9898434426504856e-01   1.0156557349509021e-03   1.0156557349509021e-03   1.0156557349509027e-03
  8.0909589917838135e+10   8.0909589917838135e+10   9.9898427143724267e-01   1.0157285627567922e-03   1.0157285627567922e-03   1.0157285627567928e-03
  8.1283051616409958e+10   8.1283051616409958e+10   9.9898419826803131e-01   1.0158017319683486e-03   1.0158017319683486e-03   1.0158017319683490e-03
  8.1658237135859055e+10   8.1658237135859055e+10   9.9898412475578913e-01   1.0158752442103645e-03   1.0158752442103645e-03   1.0158752442103651e-03
  8.2035154432981766e+10   8.2035154432981766e+10   9.9898405089888398e-01   1.0159491011155913e-03   1.0159491011155913e-03   1.0159491011155917e-03
  8.2413811501300293e+10   8.2413811501300293e+10   9.9898397669567474e-01   1.0160233043247791e-03   1.0160233043247791e-03   1.0160233043247796e-03
  8.2794216371233276e+10   8.2794216371233276e+10   9.9898390214451271e-01   1.0160978554867178e-03   1.0160978554867178e-03   1.0160978554867185e-03
  8.3176377110267090e+10   8.3176377110267090e+10   9.9898382724374124e-01   1.0161727562582792e-03   1.0161727562582792e-03   1.0161727562582796e-03
  8.3560301823124908e+10   8.3560301823124908e+10   9.9898375199169498e-01   1.0162480083044593e-03   1.0162480083044593e-03   1.0162480083044600e-03
  8.3945998651939651e+10   8.3945998651939651e+10   9.9898367638670116e-01   1.0163236132984172e-03   1.0163236132984172e-03   1.0163236132984177e-03
  8.4333475776427567e+10   8.4333475776427567e+10   9.9898360042707801e-01   1.0163995729215222e-03   1.0163995729215222e-03   1.0163995729215226e-03
  8.4722741414059799e+10   8.4722741414059799e+10   9.9898352411113611e-01   1.0164758888633917e-03   1.0164758888633917e-03   1.0164758888633922e-03
  8.5113803820237595e+10   8.5113803820237595e+10   9.9898344743717760e-01   1.0165525628219368e-03   1.0165525628219368e-03   1.0165525628219373e-03
  8.5506671288468399e+10   8.5506671288468399e+10   9.9898337040349605e-01   1.0166295965034044e-03   1.0166295965034044e-03   1.0166295965034051e-03
  8.5901352150539780e+10   8.5901352150539780e+10   9.9898329300837707e-01   1.0167069916224190e-03   1.0167069916224190e-03   1.0167069916224196e-03
  8.6297854776697021e+10   8.6297854776697021e+10   9.9898321525009748e-01   1.0167847499020285e-03   1.0167847499020285e-03   1.0167847499020289e-03
  8.6696187575821793e+10   8.6696187575821793e+10   9.9898313712692577e-01   1.0168628730737462e-03   1.0168628730737462e-03   1.0168628730737466e-03
  8.7096358995607971e+10   8.7096358995607971e+10   9.9898305863712189e-01   1.0169413628775949e-03   1.0169413628775949e-03   1.0169413628775955e-03
  8.7498377522743637e+10   8.7498377522743637e+10   9.9898297977893724e-01   1.0170202210621521e-03   1.0170202210621521e-03   1.0170202210621527e-03
  8.7902251683088242e+10   8.7902251683088242e+10   9.9898290055061489e-01   1.0170994493845929e-03   1.0170994493845929e-03   1.0170994493845936e-03
  8.8307990041856216e+10   8.8307990041856216e+10   9.9898282095038859e-01   1.0171790496107363e-03   1.0171790496107363e-03   1.0171790496107370e-03
  8.8715601203796173e+10   8.8715601203796173e+10   9.9898274097648443e-01   1.0172590235150885e-03   1.0172590235150885e-03   1.0172590235150889e-03
  8.9125093813374405e+10   8.9125093813374405e+10   9.9898266062711860e-01   1.0173393728808882e-03   1.0173393728808882e-03   1.0173393728808888e-03
  8.9536476554959381e+10   8.9536476554959381e+10   9.9898257990049921e-01   1.0174200995001540e-03   1.0174200995001540e-03   1.0174200995001546e-03
  8.9949758153003647e+10   8.9949758153003647e+10   9.9898249879482570e-01   1.0175012051737286e-03   1.0175012051737286e-03   1.0175012051737292e-03
  9.0364947372230042e+10   9.0364947372230042e+10   9.9898241730828807e-01   1.0175826917113232e-03   1.0175826917113232e-03   1.0175826917113238e-03
  9.0782053017818619e+10   9.0782053017818619e+10   9.9898233543906789e-01   1.0176645609315670e-03   1.0176645609315670e-03   1.0176645609315676e-03
  9.1201083935591156e+10   9.1201083935591156e+10   9.9898225318533740e-01   1.0177468146620515e-03   1.0177468146620515e-03   1.0177468146620522e-03
  9.1622049012199921e+10   9.1622049012199921e+10   9.9898217054526006e-01   1.0178294547393777e-03   1.0178294547393777e-03   1.0178294547393784e-03
  9.2044957175317215e+10   9.2044957175317215e+10   9.9898208751699025e-01   1.0179124830092031e-03   1.0179124830092031e-03   1.0179124830092038e-03
  9.2469817393822479e+10   9.2469817393822479e+10   9.9898200409867322e-01   1.0179959013262888e-03   1.0179959013262888e-03   1.0179959013262893e-03
  9.2896638677993622e+10   9.2896638677993622e+10   9.9898192028844490e-01   1.0180797115545478e-03   1.0180797115545478e-03   1.0180797115545484e-03
  9.3325430079699249e+10   9.3325430079699249e+10   9.9898183608443247e-01   1.0181639155670919e-03   1.0181639155670919e-03   1.0181639155670923e-03
  9.3756200692587921e+10   9.3756200692587921e+10   9.9898175148475321e-01   1.0182485152462799e-03   1.0182485152462799e-03   1.0182485152462806e-03
  9.4188959652284180e+10   9.4188959652284180e+10   9.9898166648751563e-01   1.0183335124837672e-03   1.0183335124837672e-03   1.0183335124837678e-03
  9.4623716136579102e+10   9.4623716136579102e+10   9.9898158109081880e-01   1.0184189091805521e-03   1.0184189091805521e-03   1.0184189091805528e-03
  9.5060479365628098e+10   9.5060479365628098e+10   9.9898149529275249e-01   1.0185047072470272e-03   1.0185047072470272e-03   1.0185047072470276e-03
  9.5499258602143692e+10   9.5499258602143692e+10   9.9898140909139643e-01   1.0185909086030268e-03   1.0185909086030268e-03   1.0185909086030274e-03
  9.5940063151593155e+10   9.5940063151593155e+10   9.9898132248482163e-01   1.0186775151778775e-03   1.0186775151778775e-03   1.0186775151778780e-03
  9.6382902362397049e+10   9.6382902362397049e+10   9.9898123547108897e-01   1.0187645289104468e-03   1.0187645289104468e-03   1.0187645289104475e-03
  9.6827785626125061e+10   9.6827785626125061e+10   9.9898114804825022e-01   1.0188519517491941e-03   1.0188519517491941e-03   1.0188519517491947e-03
  9.7274722377696411e+10   9.7274722377696411e+10   9.9898106021434707e-01   1.0189397856522208e-03   1.0189397856522208e-03   1.0189397856522214e-03
  9.7723722095581116e+10   9.7723722095581116e+10   9.9898097196741209e-01   1.0190280325873212e-03   1.0190280325873212e-03   1.0190280325873219e-03
  9.8174794301998642e+10   9.8174794301998642e+10   9.9898088330546742e-01   1.0191166945320328e-03   1.0191166945320328e-03   1.0191166945320335e-03
  9.8627948563121002e+10   9.8627948563121002e+10   9.9898079422652575e-01   1.0192057734736877e-03   1.0192057734736877e-03   1.0192057734736883e-03
  9.9083194489276855e+10   9.9083194489276855e+10   9.9898070472858991e-01   1.0192952714094647e-03   1.0192952714094647e-03   1.0192952714094654e-03
  9.9540541735152954e+10   9.9540541735152954e+10   9.9898061480965294e-01   1.0193851903464400e-03   1.0193851903464400e-03   1.0193851903464407e-03
  1.0000000000000000e+11   1.0000000000000000e+11   9.9898052446769781e-01   1.0194755323016406e-03   1.0194755323016406e-03   1.0194755323016413e-03
  1.0046157902783968e+11   1.0046157902783968e+11   9.9898043370069733e-01   1.0195662993020957e-03   1.0195662993020957e-03   1.0195662993020963e-03
  1.0092528860766833e+11   1.0092528860766833e+11   9.9898034250661449e-01   1.0196574933848902e-03   1.0196574933848902e-03   1.0196574933848909e-03
  1.0139113857366800e+11   1.0139113857366800e+11   9.9898025088340214e-01   1.0197491165972177e-03   1.0197491165972177e-03   1.0197491165972183e-03
  1.0185913880541148e+11   1.0185913880541148e+11   9.9898015882900304e-01   1.0198411709964311e-03   1.0198411709964311e-03   1.0198411709964317e-03
  1.0232929922807536e+11   1.0232929922807536e+11   9.9898006634134917e-01   1.0199336586501015e-03   1.0199336586501015e-03   1.0199336586501023e-03
  1.0280162981264746e+11   1.0280162981264746e+11   9.9897997341836342e-01   1.0200265816360673e-03   1.0200265816360673e-03   1.0200265816360679e-03
  1.0327614057613959e+11   1.0327614057613959e+11   9.9897988005795690e-01   1.0201199420424916e-03   1.0201199420424916e-03   1.0201199420424923e-03
  1.0375284158180127e+11   1.0375284158180127e+11   9.9897978625803141e-01   1.0202137419679147e-03   1.0202137419679147e-03   1.0202137419679153e-03
  1.0423174293933058e+11   1.0423174293933058e+11   9.9897969201647807e-01   1.0203079835213106e-03   1.0203079835213106e-03   1.0203079835213113e-03
  1.0471285480508984e+11   1.0471285480508984e+11   9.9897959733117736e-01   1.0204026688221404e-03   1.0204026688221404e-03   1.0204026688221408e-03
  1.0519618738232234e+11   1.0519618738232234e+11   9.9897950219999887e-01   1.0204978000004094e-03   1.0204978000004094e-03   1.0204978000004101e-03
  1.0568175092136607e+11   1.0568175092136607e+11   9.9897940662080276e-01   1.0205933791967239e-03   1.0205933791967239e-03   1.0205933791967246e-03
  1.0616955571987242e+11   1.0616955571987242e+11   9.9897931059143719e-01   1.0206894085623434e-03   1.0206894085623434e-03   1.0206894085623439e-03
  1.0665961212302589e+11   1.0665961212302589e+11   9.9897921410974022e-01   1.0207858902592422e-03   1.0207858902592422e-03   1.0207858902592428e-03
  1.0715193052376093e+11   1.0715193052376093e+11   9.9897911717353927e-01   1.0208828264601615e-03   1.0208828264601615e-03   1.0208828264601621e-03
  1.0764652136298349e+11   1.0764652136298349e+11   9.9897901978065073e-01   1.0209802193486704e-03   1.0209802193486704e-03   1.0209802193486711e-03
  1.0814339512979398e+11   1.0814339512979398e+11   9.9897892192888027e-01   1.0210780711192213e-03   1.0210780711192213e-03   1.0210780711192220e-03
  1.0864256236170645e+11   1.0864256236170645e+11   9.9897882361602208e-01   1.0211763839772085e-03   1.0211763839772085e-03   1.0211763839772091e-03
  1.0914403364487572e+11   1.0914403364487572e+11   9.9897872483986039e-01   1.0212751601390256e-03   1.0212751601390256e-03   1.0212751601390263e-03
  1.0964781961431828e+11   1.0964781961431828e+11   9.9897862559816741e-01   1.0213744018321258e-03   1.0213744018321258e-03   1.0213744018321262e-03
  1.1015393095414145e+11   1.1015393095414145e+11   9.9897852588870439e-01   1.0214741112950783e-03   1.0214741112950783e-03   1.0214741112950789e-03
  1.1066237839776675e+11   1.1066237839776675e+11   9.9897842570922180e-01   1.0215742907776300e-03   1.0215742907776300e-03   1.0215742907776306e-03
  1.1117317272815897e+11   1.1117317272815897e+11   9.9897832505745865e-01   1.0216749425407629e-03   1.0216749425407629e-03   1.0216749425407635e-03
  1.1168632477805612e+11   1.1168632477805612e+11   9.9897822393114255e-01   1.0217760688567556e-03   1.0217760688567556e-03   1.0217760688567563e-03
  1.1220184543019653e+11   1.1220184543019653e+11   9.9897812232799021e-01   1.0218776720092434e-03   1.0218776720092434e-03   1.0218776720092441e-03
  1.1271974561755093e+11   1.1271974561755093e+11   9.9897802024570603e-01   1.0219797542932781e-03   1.0219797542932781e-03   1.0219797542932788e-03
  1.1324003632355577e+11   1.1324003632355577e+11   9.9897791768198396e-01   1.0220823180153900e-03   1.0220823180153900e-03   1.0220823180153906e-03
  1.1376272858234334e+11   1.1376272858234334e+11   9.9897781463450586e-01   1.0221853654936476e-03   1.0221853654936476e-03   1.0221853654936480e-03
  1.1428783347897713e+11   1.1428783347897713e+11   9.9897771110094158e-01   1.0222888990577220e-03   1.0222888990577220e-03   1.0222888990577227e-03
  1.1481536214968840e+11   1.1481536214968840e+11   9.9897760707895045e-01   1.0223929210489468e-03   1.0223929210489468e-03   1.0223929210489474e-03
  1.1534532578210953e+11   1.1534532578210953e+11   9.9897750256617901e-01   1.0224974338203805e-03   1.0224974338203805e-03   1.0224974338203811e-03
  1.1587773561551262e+11   1.1587773561551262e+11   9.9897739756026249e-01   1.0226024397368711e-03   1.0226024397368711e-03   1.0226024397368718e-03
  1.1641260294104933e+11   1.1641260294104933e+11   9.9897729205882435e-01   1.0227079411751180e-03   1.0227079411751180e-03   1.0227079411751186e-03
  1.1694993910198700e+11   1.1694993910198700e+11   9.9897718605947572e-01   1.0228139405237366e-03   1.0228139405237366e-03   1.0228139405237373e-03
  1.1748975549395303e+11   1.1748975549395303e+11   9.9897707955981618e-01   1.0229204401833191e-03   1.0229204401833191e-03   1.0229204401833196e-03
  1.1803206356517274e+11   1.1803206356517274e+11   9.9897697255743301e-01   1.0230274425665038e-03   1.0230274425665038e-03   1.0230274425665042e-03
  1.1857687481671596e+11   1.1857687481671596e+11   9.9897686504990146e-01   1.0231349500980362e-03   1.0231349500980362e-03   1.0231349500980369e-03
  1.1912420080273763e+11   1.1912420080273763e+11   9.9897675703478461e-01   1.0232429652148362e-03   1.0232429652148362e-03   1.0232429652148368e-03
  1.1967405313072418e+11   1.1967405313072418e+11   9.9897664850963341e-01   1.0233514903660601e-03   1.0233514903660601e-03   1.0233514903660607e-03
  1.2022644346174132e+11   1.2022644346174132e+11   9.9897653947198628e-01   1.0234605280131713e-03   1.0234605280131713e-03   1.0234605280131719e-03
  1.2078138351067822e+11   1.2078138351067822e+11   9.9897642991936941e-01   1.0235700806300039e-03   1.0235700806300039e-03   1.0235700806300045e-03
  1.2133888504649762e+11   1.2133888504649762e+11   9.9897631984929658e-01   1.0236801507028288e-03   1.0236801507028288e-03   1.0236801507028295e-03
  1.2189895989248674e+11   1.2189895989248674e+11   9.9897620925926889e-01   1.0237907407304229e-03   1.0237907407304229e-03   1.0237907407304235e-03
  1.2246161992650514e+11   1.2246161992650514e+11   9.9897609814677535e-01   1.0239018532241348e-03   1.0239018532241348e-03   1.0239018532241355e-03
  1.2302687708123811e+11   1.2302687708123811e+11   9.9897598650929131e-01   1.0240134907079524e-03   1.0240134907079524e-03   1.0240134907079533e-03
  1.2359474334445120e+11   1.2359474334445120e+11   9.9897587434428081e-01   1.0241256557185746e-03   1.0241256557185746e-03   1.0241256557185752e-03
  1.2416523075924094e+11   1.2416523075924094e+11   9.9897576164919388e-01   1.0242383508054745e-03   1.0242383508054745e-03   1.0242383508054752e-03
  1.2473835142429433e+11   1.2473835142429433e+11   9.9897564842146847e-01   1.0243515785309739e-03   1.0243515785309739e-03   1.0243515785309746e-03
  1.2531411749414130e+11   1.2531411749414130e+11   9.9897553465852906e-01   1.0244653414703095e-03   1.0244653414703095e-03   1.0244653414703102e-03
  1.2589254117941661e+11   1.2589254117941661e+11   9.9897542035778764e-01   1.0245796422117034e-03   1.0245796422117034e-03   1.0245796422117040e-03
  1.2647363474711522e+11   1.2647363474711522e+11   9.9897530551664293e-01   1.0246944833564352e-03   1.0246944833564352e-03   1.0246944833564359e-03
  1.2705741052085393e+11   1.2705741052085393e+11   9.9897519013248048e-01   1.0248098675189098e-03   1.0248098675189098e-03   1.0248098675189104e-03
  1.2764388088113435e+11   1.2764388088113435e+11   9.9897507420267273e-01   1.0249257973267325e-03   1.0249257973267325e-03   1.0249257973267332e-03
  1.2823305826560231e+11   1.2823305826560231e+11   9.9897495772457856e-01   1.0250422754207768e-03   1.0250422754207768e-03   1.0250422754207774e-03
  1.2882495516931323e+11   1.2882495516931323e+11   9.9897484069554421e-01   1.0251593044552584e-03   1.0251593044552584e-03   1.0251593044552591e-03
  1.2941958414499863e+11   1.2941958414499863e+11   9.9897472311290170e-01   1.0252768870978083e-03   1.0252768870978083e-03   1.0252768870978087e-03
  1.3001695780332925e+11   1.3001695780332925e+11   9.9897460497396973e-01   1.0253950260295450e-03   1.0253950260295450e-03   1.0253950260295458e-03
  1.3061708881318405e+11   1.3061708881318405e+11   9.9897448627605423e-01   1.0255137239451471e-03   1.0255137239451471e-03   1.0255137239451478e-03
  1.3121998990192041e+11   1.3121998990192041e+11   9.9897436701644637e-01   1.0256329835529288e-03   1.0256329835529288e-03   1.0256329835529295e-03
  1.3182567385564101e+11   1.3182567385564101e+11   9.9897424719242456e-01   1.0257528075749138e-03   1.0257528075749138e-03   1.0257528075749145e-03
  1.3243415351946643e+11   1.3243415351946643e+11   9.9897412680125253e-01   1.0258731987469083e-03   1.0258731987469083e-03   1.0258731987469090e-03
  1.3304544179780928e+11   1.3304544179780928e+11   9.9897400584018081e-01   1.0259941598185793e-03   1.0259941598185793e-03   1.0259941598185799e-03
  1.3365955165464406e+11   1.3365955165464406e+11   9.9897388430644596e-01   1.0261156935535273e-03   1.0261156935535273e-03   1.0261156935535279e-03
  1.3427649611378642e+11   1.3427649611378642e+11   9.9897376219726997e-01   1.0262378027293647e-03   1.0262378027293647e-03   1.0262378027293653e-03
  1.3489628825916505e+11   1.3489628825916505e+11   9.9897363950986162e-01   1.0263604901377913e-03   1.0263604901377913e-03   1.0263604901377919e-03
  1.3551894123510350e+11   1.3551894123510350e+11   9.9897351624141462e-01   1.0264837585846713e-03   1.0264837585846713e-03   1.0264837585846720e-03
  1.3614446824659511e+11   1.3614446824659511e+11   9.9897339238910920e-01   1.0266076108901112e-03   1.0266076108901112e-03   1.0266076108901118e-03
  1.3677288255958467e+11   1.3677288255958467e+11   9.9897326795011099e-01   1.0267320498885378e-03   1.0267320498885378e-03   1.0267320498885382e-03
  1.3740419750125150e+11   1.3740419750125150e+11   9.9897314292157058e-01   1.0268570784287771e-03   1.0268570784287771e-03   1.0268570784287777e-03
  1.3803842646028867e+11   1.3803842646028867e+11   9.9897301730062538e-01   1.0269826993741325e-03   1.0269826993741325e-03   1.0269826993741329e-03
  1.3867558288718866e+11   1.3867558288718866e+11   9.9897289108439702e-01   1.0271089156024642e-03   1.0271089156024642e-03   1.0271089156024648e-03
  1.3931568029453036e+11   1.3931568029453036e+11   9.9897276426999315e-01   1.0272357300062701e-03   1.0272357300062701e-03   1.0272357300062708e-03
  1.3995873225726205e+11   1.3995873225726205e+11   9.9897263685450666e-01   1.0273631454927662e-03   1.0273631454927662e-03   1.0273631454927668e-03
  1.4060475241299130e+11   1.4060475241299130e+11   9.9897250883501543e-01   1.0274911649839661e-03   1.0274911649839661e-03   1.0274911649839668e-03
  1.4125375446227554e+11   1.4125375446227554e+11   9.9897238020858259e-01   1.0276197914167648e-03   1.0276197914167648e-03   1.0276197914167655e-03
  1.4190575216890955e+11   1.4190575216890955e+11   9.9897225097225628e-01   1.0277490277430181e-03   1.0277490277430181e-03   1.0277490277430187e-03
  1.4256075936021878e+11   1.4256075936021878e+11   9.9897212112306977e-01   1.0278788769296262e-03   1.0278788769296262e-03   1.0278788769296269e-03
  1.4321878992735452e+11   1.4321878992735452e+11   9.9897199065804076e-01   1.0280093419586182e-03   1.0280093419586182e-03   1.0280093419586188e-03
  1.4387985782558438e+11   1.4387985782558438e+11   9.9897185957417223e-01   1.0281404258272325e-03   1.0281404258272325e-03   1.0281404258272332e-03
  1.4454397707459280e+11   1.4454397707459280e+11   9.9897172786845134e-01   1.0282721315480040e-03   1.0282721315480040e-03   1.0282721315480047e-03
  1.4521116175877390e+11   1.4521116175877390e+11   9.9897159553785053e-01   1.0284044621488460e-03   1.0284044621488460e-03   1.0284044621488467e-03
  1.4588142602753473e+11   1.4588142602753473e+11   9.9897146257932623e-01   1.0285374206731365e-03   1.0285374206731365e-03   1.0285374206731371e-03
  1.4655478409559128e+11   1.4655478409559128e+11   9.9897132898981944e-01   1.0286710101798039e-03   1.0286710101798039e-03   1.0286710101798048e-03
  1.4723125024327164e+11   1.4723125024327164e+11   9.9897119476625595e-01   1.0288052337434125e-03   1.0288052337434125e-03   1.0288052337434131e-03
  1.4791083881682071e+11   1.4791083881682071e+11   9.9897105990554513e-01   1.0289400944542499e-03   1.0289400944542499e-03   1.0289400944542505e-03
  1.4859356422870090e+11   1.4859356422870090e+11   9.9897092440458091e-01   1.0290755954184131e-03   1.0290755954184131e-03   1.0290755954184137e-03
  1.4927944095789944e+11   1.4927944095789944e+11   9.9897078826024166e-01   1.0292117397578981e-03   1.0292117397578981e-03   1.0292117397578985e-03
  1.4996848355023740e+11   1.4996848355023740e+11   9.9897065146938879e-01   1.0293485306106854e-03   1.0293485306106854e-03   1.0293485306106861e-03
  1.5066070661867447e+11   1.5066070661867447e+11   9.9897051402886861e-01   1.0294859711308317e-03   1.0294859711308317e-03   1.0294859711308323e-03
  1.5135612484362073e+11   1.5135612484362073e+11   9.9897037593551097e-01   1.0296240644885567e-03   1.0296240644885567e-03   1.0296240644885571e-03
  1.5205475297324969e+11   1.5205475297324969e+11   9.9897023718612910e-01   1.0297628138703362e-03   1.0297628138703362e-03   1.0297628138703368e-03
  1.5275660582380765e+11   1.5275660582380765e+11   9.9897009777752044e-01   1.0299022224789886e-03   1.0299022224789886e-03   1.0299022224789893e-03
  1.5346169827992941e+11   1.5346169827992941e+11   9.9896995770646568e-01   1.0300422935337699e-03   1.0300422935337699e-03   1.0300422935337705e-03
  1.5417004529495615e+11   1.5417004529495615e+11   9.9896981696972897e-01   1.0301830302704631e-03   1.0301830302704631e-03   1.0301830302704637e-03
  1.5488166189124796e+11   1.5488166189124796e+11   9.9896967556405791e-01   1.0303244359414693e-03   1.0303244359414693e-03   1.0303244359414700e-03
  1.5559656316050751e+11   1.5559656316050751e+11   9.9896953348618345e-01   1.0304665138159053e-03   1.0304665138159053e-03   1.0304665138159059e-03
  1.5631476426409506e+11   1.5631476426409506e+11   9.9896939073281976e-01   1.0306092671796901e-03   1.0306092671796901e-03   1.0306092671796907e-03
  1.5703628043335516e+11   1.5703628043335516e+11   9.9896924730066372e-01   1.0307526993356456e-03   1.0307526993356456e-03   1.0307526993356463e-03
  1.5776112696993500e+11   1.5776112696993500e+11   9.9896910318639587e-01   1.0308968136035870e-03   1.0308968136035870e-03   1.0308968136035876e-03
  1.5848931924611108e+11   1.5848931924611108e+11   9.9896895838667898e-01   1.0310416133204187e-03   1.0310416133204187e-03   1.0310416133204193e-03
  1.5922087270511700e+11   1.5922087270511700e+11   9.9896881289815920e-01   1.0311871018402314e-03   1.0311871018402314e-03   1.0311871018402320e-03
  1.5995580286146710e+11   1.5995580286146710e+11   9.9896866671746498e-01   1.0313332825343966e-03   1.0313332825343966e-03   1.0313332825343973e-03
  1.6069412530128757e+11   1.6069412530128757e+11   9.9896851984120771e-01   1.0314801587916653e-03   1.0314801587916653e-03   1.0314801587916660e-03
  1.6143585568264868e+11   1.6143585568264868e+11   9.9896837226598123e-01   1.0316277340182650e-03   1.0316277340182650e-03   1.0316277340182657e-03
  1.6218100973589331e+11   1.6218100973589331e+11   9.9896822398836149e-01   1.0317760116379971e-03   1.0317760116379971e-03   1.0317760116379977e-03
  1.6292960326397214e+11   1.6292960326397214e+11   9.9896807500490703e-01   1.0319249950923367e-03   1.0319249950923367e-03   1.0319249950923373e-03
  1.6368165214278101e+11   1.6368165214278101e+11   9.9896792531215883e-01   1.0320746878405317e-03   1.0320746878405317e-03   1.0320746878405324e-03
  1.6443717232149356e+11   1.6443717232149356e+11   9.9896777490663968e-01   1.0322250933597042e-03   1.0322250933597042e-03   1.0322250933597048e-03
  1.6519617982290149e+11   1.6519617982290149e+11   9.9896762378485449e-01   1.0323762151449483e-03   1.0323762151449483e-03   1.0323762151449489e-03
  1.6595869074375632e+11   1.6595869074375632e+11   9.9896747194328994e-01   1.0325280567094345e-03   1.0325280567094345e-03   1.0325280567094351e-03
  1.6672472125510611e+11   1.6672472125510611e+11   9.9896731937841488e-01   1.0326806215845096e-03   1.0326806215845096e-03   1.0326806215845102e-03
  1.6749428760264383e+11   1.6749428760264383e+11   9.9896716608667968e-01   1.0328339133198014e-03   1.0328339133198014e-03   1.0328339133198021e-03
  1.6826740610704639e+11   1.6826740610704639e+11   9.9896701206451610e-01   1.0329879354833197e-03   1.0329879354833197e-03   1.0329879354833203e-03
  1.6904409316432632e+11   1.6904409316432632e+11   9.9896685730833779e-01   1.0331426916615632e-03   1.0331426916615632e-03   1.0331426916615639e-03
  1.6982436524617459e+11   1.6982436524617459e+11   9.9896670181453973e-01   1.0332981854596216e-03   1.0332981854596216e-03   1.0332981854596223e-03
  1.7060823890031207e+11   1.7060823890031207e+11   9.9896654557949793e-01   1.0334544205012825e-03   1.0334544205012825e-03   1.0334544205012834e-03
  1.7139573075084253e+11   1.7139573075084253e+11   9.9896638859957010e-01   1.0336114004291369e-03   1.0336114004291369e-03   1.0336114004291378e-03
  1.7218685749860095e+11   1.7218685749860095e+11   9.9896623087109460e-01   1.0337691289046848e-03   1.0337691289046848e-03   1.0337691289046855e-03
  1.7298163592150998e+11   1.7298163592150998e+11   9.9896607239039081e-01   1.0339276096084445e-03   1.0339276096084445e-03   1.0339276096084453e-03
  1.7378008287493762e+11   1.7378008287493762e+11   9.9896591315375927e-01   1.0340868462400590e-03   1.0340868462400590e-03   1.0340868462400596e-03
  1.7458221529205075e+11   1.7458221529205075e+11   9.9896575315748093e-01   1.0342468425184057e-03   1.0342468425184057e-03   1.0342468425184063e-03
  1.7538805018417603e+11   1.7538805018417603e+11   9.9896559239781757e-01   1.0344076021817058e-03   1.0344076021817058e-03   1.0344076021817066e-03
  1.7619760464116309e+11   1.7619760464116309e+11   9.9896543087101164e-01   1.0345691289876343e-03   1.0345691289876343e-03   1.0345691289876352e-03
  1.7701089583174255e+11   1.7701089583174255e+11   9.9896526857328583e-01   1.0347314267134318e-03   1.0347314267134318e-03   1.0347314267134327e-03
  1.7782794100389227e+11   1.7782794100389227e+11   9.9896510550084328e-01   1.0348944991560140e-03   1.0348944991560140e-03   1.0348944991560147e-03
  1.7864875748520535e+11   1.7864875748520535e+11   9.9896494164986716e-01   1.0350583501320867e-03   1.0350583501320867e-03   1.0350583501320875e-03
  1.7947336268325247e+11   1.7947336268325247e+11   9.9896477701652109e-01   1.0352229834782573e-03   1.0352229834782573e-03   1.0352229834782580e-03
  1.8030177408595700e+11   1.8030177408595700e+11   9.9896461159694816e-01   1.0353884030511482e-03   1.0353884030511482e-03   1.0353884030511488e-03
  1.8113400926195990e+11   1.8113400926195990e+11   9.9896444538727192e-01   1.0355546127275123e-03   1.0355546127275123e-03   1.0355546127275130e-03
  1.8197008586099826e+11   1.8197008586099826e+11   9.9896427838359492e-01   1.0357216164043491e-03   1.0357216164043491e-03   1.0357216164043500e-03
  1.8281002161427448e+11   1.8281002161427448e+11   9.9896411058200030e-01   1.0358894179990179e-03   1.0358894179990179e-03   1.0358894179990186e-03
  1.8365383433483438e+11   1.8365383433483438e+11   9.9896394197855010e-01   1.0360580214493576e-03   1.0360580214493576e-03   1.0360580214493582e-03
  1.8450154191794736e+11   1.8450154191794736e+11   9.9896377256928559e-01   1.0362274307138023e-03   1.0362274307138023e-03   1.0362274307138030e-03
  1.8535316234148145e+11   1.8535316234148145e+11   9.9896360235022774e-01   1.0363976497715012e-03   1.0363976497715012e-03   1.0363976497715021e-03
  1.8620871366628656e+11   1.8620871366628656e+11   9.9896343131737686e-01   1.0365686826224365e-03   1.0365686826224365e-03   1.0365686826224372e-03
  1.8706821403658017e+11   1.8706821403658017e+11   9.9896325946671183e-01   1.0367405332875430e-03   1.0367405332875430e-03   1.0367405332875437e-03
  1.8793168168032724e+11   1.8793168168032724e+11   9.9896308679419066e-01   1.0369132058088305e-03   1.0369132058088305e-03   1.0369132058088311e-03
  1.8879913490962927e+11   1.8879913490962927e+11   9.9896291329574971e-01   1.0370867042495031e-03   1.0370867042495031e-03   1.0370867042495040e-03
  1.8967059212111484e+11   1.8967059212111484e+11   9.9896273896730525e-01   1.0372610326940836e-03   1.0372610326940836e-03   1.0372610326940842e-03
  1.9054607179632523e+11   1.9054607179632523e+11   9.9896256380475079e-01   1.0374361952485347e-03   1.0374361952485347e-03   1.0374361952485353e-03
  1.9142559250210858e+11   1.9142559250210858e+11   9.9896238780395896e-01   1.0376121960403843e-03   1.0376121960403843e-03   1.0376121960403849e-03
  1.9230917289101614e+11   1.9230917289101614e+11   9.9896221096078042e-01   1.0377890392188486e-03   1.0377890392188486e-03   1.0377890392188494e-03
  1.9319683170169223e+11   1.9319683170169223e+11   9.9896203327104427e-01   1.0379667289549597e-03   1.0379667289549597e-03   1.0379667289549606e-03
  1.9408858775927792e+11   1.9408858775927792e+11   9.9896185473055754e-01   1.0381452694416906e-03   1.0381452694416906e-03   1.0381452694416915e-03
  1.9498445997580414e+11   1.9498445997580414e+11   9.9896167533510516e-01   1.0383246648940810e-03   1.0383246648940810e-03   1.0383246648940818e-03
  1.9588446735059891e+11   1.9588446735059891e+11   9.9896149508044996e-01   1.0385049195493696e-03   1.0385049195493696e-03   1.0385049195493702e-03
  1.9678862897068469e+11   1.9678862897068469e+11   9.9896131396233223e-01   1.0386860376671184e-03   1.0386860376671184e-03   1.0386860376671190e-03
  1.9769696401118579e+11   1.9769696401118579e+11   9.9896113197647007e-01   1.0388680235293439e-03   1.0388680235293439e-03   1.0388680235293446e-03
  1.9860949173573715e+11   1.9860949173573715e+11   9.9896094911855882e-01   1.0390508814406506e-03   1.0390508814406506e-03   1.0390508814406513e-03
  1.9952623149688828e+11   1.9952623149688828e+11   9.9896076538427103e-01   1.0392346157283559e-03   1.0392346157283559e-03   1.0392346157283565e-03
  2.0044720273651593e+11   2.0044720273651593e+11   9.9896058076925653e-01   1.0394192307426309e-03   1.0394192307426309e-03   1.0394192307426318e-03
  2.0137242498623895e+11   2.0137242498623895e+11   9.9896039526914260e-01   1.0396047308566250e-03   1.0396047308566250e-03   1.0396047308566258e-03
  2.0230191786782761e+11   2.0230191786782761e+11   9.9896020887953263e-01   1.0397911204666078e-03   1.0397911204666078e-03   1.0397911204666087e-03
  2.0323570109362210e+11   2.0323570109362210e+11   9.9896002159600716e-01   1.0399784039920969e-03   1.0399784039920969e-03   1.0399784039920978e-03
  2.0417379446695316e+11   2.0417379446695316e+11   9.9895983341412342e-01   1.0401665858760002e-03   1.0401665858760002e-03   1.0401665858760008e-03
  2.0511621788255710e+11   2.0511621788255710e+11   9.9895964432941464e-01   1.0403556705847474e-03   1.0403556705847474e-03   1.0403556705847481e-03
  2.0606299132700006e+11   2.0606299132700006e+11   9.9895945433739086e-01   1.0405456626084320e-03   1.0405456626084320e-03   1.0405456626084327e-03
  2.0701413487910455e+11   2.0701413487910455e+11   9.9895926343353836e-01   1.0407365664609463e-03   1.0407365664609463e-03   1.0407365664609469e-03
  2.0796966871036938e+11   2.0796966871036938e+11   9.9895907161331920e-01   1.0409283866801245e-03   1.0409283866801245e-03   1.0409283866801252e-03
  2.0892961308540408e+11   2.0892961308540408e+11   9.9895887887217139e-01   1.0411211278278795e-03   1.0411211278278795e-03   1.0411211278278803e-03
  2.0989398836235202e+11   2.0989398836235202e+11   9.9895868520550890e-01   1.0413147944903472e-03   1.0413147944903472e-03   1.0413147944903481e-03
  2.1086281499332886e+11   2.1086281499332886e+11   9.9895849060872133e-01   1.0415093912780277e-03   1.0415093912780277e-03   1.0415093912780283e-03
  2.1183611352485043e+11   2.1183611352485043e+11   9.9895829507717349e-01   1.0417049228259288e-03   1.0417049228259288e-03   1.0417049228259295e-03
  2.1281390459827090e+11   2.1281390459827090e+11   9.9895809860620566e-01   1.0419013937937099e-03   1.0419013937937099e-03   1.0419013937937106e-03
  2.1379620895022324e+11   2.1379620895022324e+11   9.9895790119113348e-01   1.0420988088658282e-03   1.0420988088658282e-03   1.0420988088658289e-03
  2.1478304741305374e+11   2.1478304741305374e+11   9.9895770282724761e-01   1.0422971727516845e-03   1.0422971727516845e-03   1.0422971727516851e-03
  2.1577444091526645e+11   2.1577444091526645e+11   9.9895750350981349e-01   1.0424964901857706e-03   1.0424964901857706e-03   1.0424964901857715e-03
  2.1677041048196964e+11   2.1677041048196964e+11   9.9895730323407139e-01   1.0426967659278165e-03   1.0426967659278165e-03   1.0426967659278173e-03
  2.1777097723531635e+11   2.1777097723531635e+11   9.9895710199523646e-01   1.0428980047629411e-03   1.0428980047629411e-03   1.0428980047629418e-03
  2.1877616239495517e+11   2.1877616239495517e+11   9.9895689978849767e-01   1.0431002115018021e-03   1.0431002115018021e-03   1.0431002115018028e-03
  2.1978598727848276e+11   2.1978598727848276e+11   9.9895669660901854e-01   1.0433033909807473e-03   1.0433033909807473e-03   1.0433033909807480e-03
  2.2080047330188968e+11   2.2080047330188968e+11   9.9895649245193741e-01   1.0435075480619655e-03   1.0435075480619655e-03   1.0435075480619662e-03
  2.2181964198002194e+11   2.2181964198002194e+11   9.9895628731236574e-01   1.0437126876336432e-03   1.0437126876336432e-03   1.0437126876336438e-03
  2.2284351492702985e+11   2.2284351492702985e+11   9.9895608118538926e-01   1.0439188146101148e-03   1.0439188146101148e-03   1.0439188146101155e-03
  2.2387211385683377e+11   2.2387211385683377e+11   9.9895587406606734e-01   1.0441259339320213e-03   1.0441259339320213e-03   1.0441259339320219e-03
  2.2490546058357828e+11   2.2490546058357828e+11   9.9895566594943275e-01   1.0443340505664654e-03   1.0443340505664654e-03   1.0443340505664662e-03
  2.2594357702209735e+11   2.2594357702209735e+11   9.9895545683049214e-01   1.0445431695071691e-03   1.0445431695071691e-03   1.0445431695071698e-03
  2.2698648518838211e+11   2.2698648518838211e+11   9.9895524670422475e-01   1.0447532957746333e-03   1.0447532957746333e-03   1.0447532957746340e-03
  2.2803420720004208e+11   2.2803420720004208e+11   9.9895503556558296e-01   1.0449644344162966e-03   1.0449644344162966e-03   1.0449644344162974e-03
  2.2908676527677701e+11   2.2908676527677701e+11   9.9895482340949249e-01   1.0451765905066916e-03   1.0451765905066916e-03   1.0451765905066925e-03
  2.3014418174085089e+11   2.3014418174085089e+11   9.9895461023085164e-01   1.0453897691476170e-03   1.0453897691476170e-03   1.0453897691476179e-03
  2.3120647901755988e+11   2.3120647901755988e+11   9.9895439602453107e-01   1.0456039754682929e-03   1.0456039754682929e-03   1.0456039754682936e-03
  2.3227367963571051e+11   2.3227367963571051e+11   9.9895418078537379e-01   1.0458192146255295e-03   1.0458192146255295e-03   1.0458192146255302e-03
  2.3334580622810043e+11   2.3334580622810043e+11   9.9895396450819540e-01   1.0460354918038891e-03   1.0460354918038891e-03   1.0460354918038898e-03
  2.3442288153199274e+11   2.3442288153199274e+11   9.9895374718778340e-01   1.0462528122158544e-03   1.0462528122158544e-03   1.0462528122158552e-03
  2.3550492838960089e+11   2.3550492838960089e+11   9.9895352881889732e-01   1.0464711811019952e-03   1.0464711811019952e-03   1.0464711811019958e-03
  2.3659196974857611e+11   2.3659196974857611e+11   9.9895330939626814e-01   1.0466906037311376e-03   1.0466906037311376e-03   1.0466906037311383e-03
  2.3768402866248737e+11   2.3768402866248737e+11   9.9895308891459877e-01   1.0469110854005336e-03   1.0469110854005336e-03   1.0469110854005343e-03
  2.3878112829131781e+11   2.3878112829131781e+11   9.9895286736856315e-01   1.0471326314360331e-03   1.0471326314360331e-03   1.0471326314360340e-03
  2.3988329190194849e+11   2.3988329190194849e+11   9.9895264475280710e-01   1.0473552471922539e-03   1.0473552471922539e-03   1.0473552471922545e-03
  2.4099054286865930e+11   2.4099054286865930e+11   9.9895242106194659e-01   1.0475789380527585e-03   1.0475789380527585e-03   1.0475789380527591e-03
  2.4210290467361801e+11   2.4210290467361801e+11   9.9895219629056908e-01   1.0478037094302254e-03   1.0478037094302254e-03   1.0478037094302261e-03
  2.4322040090738110e+11   2.4322040090738110e+11   9.9895197043323269e-01   1.0480295667666276e-03   1.0480295667666276e-03   1.0480295667666282e-03
  2.4434305526939713e+11   2.4434305526939713e+11   9.9895174348446580e-01   1.0482565155334094e-03   1.0482565155334094e-03   1.0482565155334102e-03
  2.4547089156850336e+11   2.4547089156850336e+11   9.9895151543876759e-01   1.0484845612316626e-03   1.0484845612316626e-03   1.0484845612316635e-03
  2.4660393372343362e+11   2.4660393372343362e+11   9.9895128629060692e-01   1.0487137093923089e-03   1.0487137093923089e-03   1.0487137093923098e-03
  2.4774220576332861e+11   2.4774220576332861e+11   9.9895105603442302e-01   1.0489439655762790e-03   1.0489439655762790e-03   1.0489439655762796e-03
  2.4888573182823953e+11   2.4888573182823953e+11   9.9895082466462459e-01   1.0491753353746951e-03   1.0491753353746951e-03   1.0491753353746957e-03
  2.5003453616964294e+11   2.5003453616964294e+11   9.9895059217559024e-01   1.0494078244090554e-03   1.0494078244090554e-03   1.0494078244090560e-03
  2.5118864315095822e+11   2.5118864315095822e+11   9.9895035856166792e-01   1.0496414383314163e-03   1.0496414383314163e-03   1.0496414383314170e-03
  2.5234807724805807e+11   2.5234807724805807e+11   9.9895012381717463e-01   1.0498761828245820e-03   1.0498761828245820e-03   1.0498761828245829e-03
  2.5351286304979071e+11   2.5351286304979071e+11   9.9894988793639694e-01   1.0501120636022870e-03   1.0501120636022870e-03   1.0501120636022879e-03
  2.5468302525850446e+11   2.5468302525850446e+11   9.9894965091358989e-01   1.0503490864093906e-03   1.0503490864093906e-03   1.0503490864093913e-03
  2.5585858869056427e+11   2.5585858869056427e+11   9.9894941274297722e-01   1.0505872570220609e-03   1.0505872570220609e-03   1.0505872570220618e-03
  2.5703957827688647e+11   2.5703957827688647e+11   9.9894917341875145e-01   1.0508265812479716e-03   1.0508265812479716e-03   1.0508265812479722e-03
  2.5822601906345905e+11   2.5822601906345905e+11   9.9894893293507281e-01   1.0510670649264892e-03   1.0510670649264892e-03   1.0510670649264899e-03
  2.5941793621188123e+11   2.5941793621188123e+11   9.9894869128607044e-01   1.0513087139288717e-03   1.0513087139288717e-03   1.0513087139288723e-03
  2.6061535499988977e+11   2.6061535499988977e+11   9.9894844846584074e-01   1.0515515341584607e-03   1.0515515341584607e-03   1.0515515341584616e-03
  2.6181830082189810e+11   2.6181830082189810e+11   9.9894820446844845e-01   1.0517955315508796e-03   1.0517955315508796e-03   1.0517955315508803e-03
  2.6302679918953815e+11   2.6302679918953815e+11   9.9894795928792501e-01   1.0520407120742329e-03   1.0520407120742329e-03   1.0520407120742337e-03
  2.6424087573219501e+11   2.6424087573219501e+11   9.9894771291827000e-01   1.0522870817293026e-03   1.0522870817293026e-03   1.0522870817293033e-03
  2.6546055619755362e+11   2.6546055619755362e+11   9.9894746535344958e-01   1.0525346465497518e-03   1.0525346465497518e-03   1.0525346465497525e-03
  2.6668586645214807e+11   2.6668586645214807e+11   9.9894721658739694e-01   1.0527834126023263e-03   1.0527834126023263e-03   1.0527834126023271e-03
  2.6791683248190369e+11   2.6791683248190369e+11   9.9894696661401228e-01   1.0530333859870579e-03   1.0530333859870579e-03   1.0530333859870586e-03
  2.6915348039269141e+11   2.6915348039269141e+11   9.9894671542716174e-01   1.0532845728374704e-03   1.0532845728374704e-03   1.0532845728374713e-03
  2.7039583641088461e+11   2.7039583641088461e+11   9.9894646302067858e-01   1.0535369793207867e-03   1.0535369793207867e-03   1.0535369793207873e-03
  2.7164392688390891e+11   2.7164392688390891e+11   9.9894620938836109e-01   1.0537906116381353e-03   1.0537906116381353e-03   1.0537906116381362e-03
  2.7289777828080405e+11   2.7289777828080405e+11   9.9894595452397450e-01   1.0540454760247615e-03   1.0540454760247615e-03   1.0540454760247623e-03
  2.7415741719278864e+11   2.7415741719278864e+11   9.9894569842124903e-01   1.0543015787502392e-03   1.0543015787502392e-03   1.0543015787502401e-03
  2.7542287033381635e+11   2.7542287033381635e+11   9.9894544107388061e-01   1.0545589261186815e-03   1.0545589261186815e-03   1.0545589261186821e-03
  2.7669416454115125e+11   2.7669416454115125e+11   9.9894518247553021e-01   1.0548175244689578e-03   1.0548175244689578e-03   1.0548175244689587e-03
  2.7797132677592828e+11   2.7797132677592828e+11   9.9894492261982426e-01   1.0550773801749093e-03   1.0550773801749093e-03   1.0550773801749102e-03
  2.7925438412373364e+11   2.7925438412373364e+11   9.9894466150035377e-01   1.0553384996455633e-03   1.0553384996455633e-03   1.0553384996455639e-03
  2.8054336379517163e+11   2.8054336379517163e+11   9.9894439911067401e-01   1.0556008893253532e-03   1.0556008893253532e-03   1.0556008893253539e-03
  2.8183829312644495e+11   2.8183829312644495e+11   9.9894413544430494e-01   1.0558645556943396e-03   1.0558645556943396e-03   1.0558645556943405e-03
  2.8313919957993787e+11   2.8313919957993787e+11   9.9894387049473077e-01   1.0561295052684333e-03   1.0561295052684333e-03   1.0561295052684341e-03
  2.8444611074479199e+11   2.8444611074479199e+11   9.9894360425539974e-01   1.0563957445996173e-03   1.0563957445996173e-03   1.0563957445996180e-03
  2.8575905433749438e+11   2.8575905433749438e+11   9.9894333671972324e-01   1.0566632802761723e-03   1.0566632802761723e-03   1.0566632802761729e-03
  2.8707805820246918e+11   2.8707805820246918e+11   9.9894306788107623e-01   1.0569321189229058e-03   1.0569321189229058e-03   1.0569321189229067e-03
  2.8840315031266113e+11   2.8840315031266113e+11   9.9894279773279793e-01   1.0572022672013784e-03   1.0572022672013784e-03   1.0572022672013790e-03
  2.8973435877013214e+11   2.8973435877013214e+11   9.9894252626818913e-01   1.0574737318101339e-03   1.0574737318101339e-03   1.0574737318101348e-03
  2.9107171180666083e+11   2.9107171180666083e+11   9.9894225348051435e-01   1.0577465194849341e-03   1.0577465194849341e-03   1.0577465194849347e-03
  2.9241523778433429e+11   2.9241523778433429e+11   9.9894197936300044e-01   1.0580206369989887e-03   1.0580206369989887e-03   1.0580206369989894e-03
  2.9376496519615308e+11   2.9376496519615308e+11   9.9894170390883608e-01   1.0582960911631925e-03   1.0582960911631925e-03   1.0582960911631933e-03
  2.9512092266663898e+11   2.9512092266663898e+11   9.9894142711117284e-01   1.0585728888263628e-03   1.0585728888263628e-03   1.0585728888263637e-03
  2.9648313895243390e+11   2.9648313895243390e+11   9.9894114896312380e-01   1.0588510368754773e-03   1.0588510368754773e-03   1.0588510368754779e-03
  2.9785164294291913e+11   2.9785164294291913e+11   9.9894086945776328e-01   1.0591305422359152e-03   1.0591305422359152e-03   1.0591305422359160e-03
  2.9922646366081830e+11   2.9922646366081830e+11   9.9894058858812762e-01   1.0594114118716981e-03   1.0594114118716981e-03   1.0594114118716988e-03
  3.0060763026282294e+11   3.0060763026282294e+11   9.9894030634721342e-01   1.0596936527857367e-03   1.0596936527857367e-03   1.0596936527857376e-03
  3.0199517204020190e+11   3.0199517204020190e+11   9.9894002272797922e-01   1.0599772720200733e-03   1.0599772720200733e-03   1.0599772720200739e-03
  3.0338911841942657e+11   3.0338911841942657e+11   9.9893973772334310e-01   1.0602622766561322e-03   1.0602622766561322e-03   1.0602622766561331e-03
  3.0478949896279828e+11   3.0478949896279828e+11   9.9893945132618434e-01   1.0605486738149671e-03   1.0605486738149671e-03   1.0605486738149677e-03
  3.0619634336906818e+11   3.0619634336906818e+11   9.9893916352934187e-01   1.0608364706575148e-03   1.0608364706575148e-03   1.0608364706575155e-03
  3.0760968147407050e+11   3.0760968147407050e+11   9.9893887432561435e-01   1.0611256743848453e-03   1.0611256743848453e-03   1.0611256743848461e-03
  3.0902954325135919e+11   3.0902954325135919e+11   9.9893858370776090e-01   1.0614162922384191e-03   1.0614162922384191e-03   1.0614162922384198e-03
  3.1045595881283618e+11   3.1045595881283618e+11   9.9893829166849901e-01   1.0617083315003434e-03   1.0617083315003434e-03   1.0617083315003441e-03
  3.1188895840939355e+11   3.1188895840939355e+11   9.9893799820050555e-01   1.0620017994936305e-03   1.0620017994936305e-03   1.0620017994936314e-03
  3.1332857243155890e+11   3.1332857243155890e+11   9.9893770329641673e-01   1.0622967035824591e-03   1.0622967035824591e-03   1.0622967035824600e-03
  3.1477483141013239e+11   3.1477483141013239e+11   9.9893740694882671e-01   1.0625930511724362e-03   1.0625930511724362e-03   1.0625930511724371e-03
  3.1622776601683795e+11   3.1622776601683795e+11   9.9893710915028844e-01   1.0628908497108626e-03   1.0628908497108626e-03   1.0628908497108632e-03
  3.1768740706497754e+11   3.1768740706497754e+11   9.9893680989331224e-01   1.0631901066869985e-03   1.0631901066869985e-03   1.0631901066869994e-03
  3.1915378551007581e+11   3.1915378551007581e+11   9.9893650917036692e-01   1.0634908296323334e-03   1.0634908296323334e-03   1.0634908296323342e-03
  3.2062693245054675e+11   3.2062693245054675e+11   9.9893620697387842e-01   1.0637930261208548e-03   1.0637930261208548e-03   1.0637930261208556e-03
  3.2210687912834277e+11   3.2210687912834277e+11   9.9893590329622994e-01   1.0640967037693213e-03   1.0640967037693213e-03   1.0640967037693222e-03
  3.2359365692962811e+11   3.2359365692962811e+11   9.9893559812976163e-01   1.0644018702375391e-03   1.0644018702375391e-03   1.0644018702375400e-03
  3.2508729738543469e+11   3.2508729738543469e+11   9.9893529146677063e-01   1.0647085332286348e-03   1.0647085332286348e-03   1.0647085332286357e-03
  3.2658783217233533e+11   3.2658783217233533e+11   9.9893498329951003e-01   1.0650167004893369e-03   1.0650167004893369e-03   1.0650167004893376e-03
  3.2809529311311902e+11   3.2809529311311902e+11   9.9893467362018906e-01   1.0653263798102569e-03   1.0653263798102569e-03   1.0653263798102576e-03
  3.2960971217745825e+11   3.2960971217745825e+11   9.9893436242097300e-01   1.0656375790261702e-03   1.0656375790261702e-03   1.0656375790261711e-03
  3.3113112148259076e+11   3.3113112148259076e+11   9.9893404969398292e-01   1.0659503060163036e-03   1.0659503060163036e-03   1.0659503060163045e-03
  3.3265955329400470e+11   3.3265955329400470e+11   9.9893373543129460e-01   1.0662645687046198e-03   1.0662645687046198e-03   1.0662645687046206e-03
  3.3419504002611493e+11   3.3419504002611493e+11   9.9893341962493920e-01   1.0665803750601092e-03   1.0665803750601092e-03   1.0665803750601098e-03
  3.3573761424295453e+11   3.3573761424295453e+11   9.9893310226690213e-01   1.0668977330970787e-03   1.0668977330970787e-03   1.0668977330970796e-03
  3.3728730865886926e+11   3.3728730865886926e+11   9.9893278334912383e-01   1.0672166508754488e-03   1.0672166508754488e-03   1.0672166508754494e-03
  3.3884415613920343e+11   3.3884415613920343e+11   9.9893246286349824e-01   1.0675371365010458e-03   1.0675371365010458e-03   1.0675371365010465e-03
  3.4040818970100092e+11   3.4040818970100092e+11   9.9893214080187342e-01   1.0678591981259022e-03   1.0678591981259022e-03   1.0678591981259028e-03
  3.4197944251370941e+11   3.4197944251370941e+11   9.9893181715605073e-01   1.0681828439485573e-03   1.0681828439485573e-03   1.0681828439485579e-03
  3.4355794789987427e+11   3.4355794789987427e+11   9.9893149191778485e-01   1.0685080822143583e-03   1.0685080822143583e-03   1.0685080822143591e-03
  3.4514373933585645e+11   3.4514373933585645e+11   9.9893116507878343e-01   1.0688349212157665e-03   1.0688349212157665e-03   1.0688349212157674e-03
  3.4673685045253094e+11   3.4673685045253094e+11   9.9893083663070659e-01   1.0691633692926641e-03   1.0691633692926641e-03   1.0691633692926650e-03
  3.4833731503601166e+11   3.4833731503601166e+11   9.9893050656516658e-01   1.0694934348326648e-03   1.0694934348326648e-03   1.0694934348326657e-03
  3.4994516702835767e+11   3.4994516702835767e+11   9.9893017487372793e-01   1.0698251262714236e-03   1.0698251262714236e-03   1.0698251262714242e-03
  3.5156044052829761e+11   3.5156044052829761e+11   9.9892984154790632e-01   1.0701584520929532e-03   1.0701584520929532e-03   1.0701584520929541e-03
  3.5318316979195697e+11   3.5318316979195697e+11   9.9892950657916946e-01   1.0704934208299406e-03   1.0704934208299406e-03   1.0704934208299413e-03
  3.5481338923357605e+11   3.5481338923357605e+11   9.9892916995893521e-01   1.0708300410640650e-03   1.0708300410640650e-03   1.0708300410640656e-03
  3.5645113342624390e+11   3.5645113342624390e+11   9.9892883167857294e-01   1.0711683214263193e-03   1.0711683214263193e-03   1.0711683214263202e-03
  3.5809643710263623e+11   3.5809643710263623e+11   9.9892849172940201e-01   1.0715082705973383e-03   1.0715082705973383e-03   1.0715082705973389e-03
  3.5974933515574310e+11   3.5974933515574310e+11   9.9892815010269143e-01   1.0718498973077183e-03   1.0718498973077183e-03   1.0718498973077192e-03
  3.6140986263961316e+11   3.6140986263961316e+11   9.9892780678966087e-01   1.0721932103383519e-03   1.0721932103383519e-03   1.0721932103383528e-03
  3.6307805477010175e+11   3.6307805477010175e+11   9.9892746178147851e-01   1.0725382185207573e-03   1.0725382185207573e-03   1.0725382185207582e-03
  3.6475394692560876e+11   3.6475394692560876e+11   9.9892711506926202e-01   1.0728849307374130e-03   1.0728849307374130e-03   1.0728849307374136e-03
  3.6643757464783331e+11   3.6643757464783331e+11   9.9892676664407720e-01   1.0732333559220933e-03   1.0732333559220933e-03   1.0732333559220939e-03
  3.6812897364253204e+11   3.6812897364253204e+11   9.9892641649693914e-01   1.0735835030602102e-03   1.0735835030602102e-03   1.0735835030602108e-03
  3.6982817978026587e+11   3.6982817978026587e+11   9.9892606461881006e-01   1.0739353811891521e-03   1.0739353811891521e-03   1.0739353811891530e-03
  3.7153522909717279e+11   3.7153522909717279e+11   9.9892571100060068e-01   1.0742889993986323e-03   1.0742889993986323e-03   1.0742889993986329e-03
  3.7325015779571985e+11   3.7325015779571985e+11   9.9892535563316820e-01   1.0746443668310313e-03   1.0746443668310313e-03   1.0746443668310322e-03
  3.7497300224548340e+11   3.7497300224548340e+11   9.9892499850731742e-01   1.0750014926817521e-03   1.0750014926817521e-03   1.0750014926817529e-03
  3.7670379898390930e+11   3.7670379898390930e+11   9.9892463961379963e-01   1.0753603861995695e-03   1.0753603861995695e-03   1.0753603861995704e-03
  3.7844258471709277e+11   3.7844258471709277e+11   9.9892427894331226e-01   1.0757210566869854e-03   1.0757210566869854e-03   1.0757210566869862e-03
  3.8018939632056128e+11   3.8018939632056128e+11   9.9892391648649848e-01   1.0760835135005882e-03   1.0760835135005882e-03   1.0760835135005891e-03
  3.8194427084004718e+11   3.8194427084004718e+11   9.9892355223394780e-01   1.0764477660514145e-03   1.0764477660514145e-03   1.0764477660514154e-03
  3.8370724549227844e+11   3.8370724549227844e+11   9.9892318617619380e-01   1.0768138238053096e-03   1.0768138238053096e-03   1.0768138238053105e-03
  3.8547835766577209e+11   3.8547835766577209e+11   9.9892281830371588e-01   1.0771816962832997e-03   1.0771816962832997e-03   1.0771816962833005e-03
  3.8725764492161804e+11   3.8725764492161804e+11   9.9892244860693724e-01   1.0775513930619540e-03   1.0775513930619540e-03   1.0775513930619549e-03
  3.8904514499428046e+11   3.8904514499428046e+11   9.9892207707622549e-01   1.0779229237737646e-03   1.0779229237737646e-03   1.0779229237737654e-03
  3.9084089579240253e+11   3.9084089579240253e+11   9.9892170370189159e-01   1.0782962981075157e-03   1.0782962981075157e-03   1.0782962981075166e-03
  3.9264493539959930e+11   3.9264493539959930e+11   9.9892132847419046e-01   1.0786715258086657e-03   1.0786715258086657e-03   1.0786715258086666e-03
  3.9445730207527850e+11   3.9445730207527850e+11   9.9892095138331938e-01   1.0790486166797275e-03   1.0790486166797275e-03   1.0790486166797283e-03
  3.9627803425543854e+11   3.9627803425543854e+11   9.9892057241941856e-01   1.0794275805806506e-03   1.0794275805806506e-03   1.0794275805806515e-03
  3.9810717055349695e+11   3.9810717055349695e+11   9.9892019157257006e-01   1.0798084274292127e-03   1.0798084274292127e-03   1.0798084274292136e-03
  3.9994474976109778e+11   3.9994474976109778e+11   9.9891980883279785e-01   1.0801911672014045e-03   1.0801911672014045e-03   1.0801911672014054e-03
  4.0179081084893921e+11   4.0179081084893921e+11   9.9891942419006730e-01   1.0805758099318276e-03   1.0805758099318276e-03   1.0805758099318285e-03
  4.0364539296760486e+11   4.0364539296760486e+11   9.9891903763428491e-01   1.0809623657140892e-03   1.0809623657140892e-03   1.0809623657140903e-03
  4.0550853544838434e+11   4.0550853544838434e+11   9.9891864915529804e-01   1.0813508447012007e-03   1.0813508447012007e-03   1.0813508447012016e-03
  4.0738027780411218e+11   4.0738027780411218e+11   9.9891825874289331e-01   1.0817412571059828e-03   1.0817412571059828e-03   1.0817412571059834e-03
  4.0926065973001099e+11   4.0926065973001099e+11   9.9891786638679780e-01   1.0821336132014695e-03   1.0821336132014695e-03   1.0821336132014704e-03
  4.1114972110452295e+11   4.1114972110452295e+11   9.9891747207667791e-01   1.0825279233213181e-03   1.0825279233213181e-03   1.0825279233213189e-03
  4.1304750199016101e+11   4.1304750199016101e+11   9.9891707580213895e-01   1.0829241978602213e-03   1.0829241978602213e-03   1.0829241978602222e-03
  4.1495404263436328e+11   4.1495404263436328e+11   9.9891667755272495e-01   1.0833224472743246e-03   1.0833224472743246e-03   1.0833224472743255e-03
  4.1686938347033636e+11   4.1686938347033636e+11   9.9891627731791754e-01   1.0837226820816415e-03   1.0837226820816415e-03   1.0837226820816423e-03
  4.1879356511791821e+11   4.1879356511791821e+11   9.9891587508713664e-01   1.0841249128624793e-03   1.0841249128624793e-03   1.0841249128624802e-03
  4.2072662838444464e+11   4.2072662838444464e+11   9.9891547084973931e-01   1.0845291502598652e-03   1.0845291502598652e-03   1.0845291502598661e-03
  4.2266861426560242e+11   4.2266861426560242e+11   9.9891506459501911e-01   1.0849354049799725e-03   1.0849354049799725e-03   1.0849354049799734e-03
  4.2461956394631299e+11   4.2461956394631299e+11   9.9891465631220655e-01   1.0853436877925550e-03   1.0853436877925550e-03   1.0853436877925559e-03
  4.2657951880159167e+11   4.2657951880159167e+11   9.9891424599046774e-01   1.0857540095313835e-03   1.0857540095313835e-03   1.0857540095313843e-03
  4.2854852039743921e+11   4.2854852039743921e+11   9.9891383361890440e-01   1.0861663810946840e-03   1.0861663810946840e-03   1.0861663810946848e-03
  4.3052661049171100e+11   4.3052661049171100e+11   9.9891341918655363e-01   1.0865808134455819e-03   1.0865808134455819e-03   1.0865808134455828e-03
  4.3251383103500793e+11   4.3251383103500793e+11   9.9891300268238670e-01   1.0869973176125479e-03   1.0869973176125479e-03   1.0869973176125488e-03
  4.3451022417157141e+11   4.3451022417157141e+11   9.9891258409530925e-01   1.0874159046898486e-03   1.0874159046898486e-03   1.0874159046898495e-03
  4.3651583224016656e+11   4.3651583224016656e+11   9.9891216341416122e-01   1.0878365858380012e-03   1.0878365858380012e-03   1.0878365858380020e-03
  4.3853069777498517e+11   4.3853069777498517e+11   9.9891174062771493e-01   1.0882593722842293e-03   1.0882593722842293e-03   1.0882593722842302e-03
  4.4055486350655347e+11   4.4055486350655347e+11   9.9891131572467617e-01   1.0886842753229254e-03   1.0886842753229254e-03   1.0886842753229263e-03
  4.4258837236262738e+11   4.4258837236262738e+11   9.9891088869368305e-01   1.0891113063161157e-03   1.0891113063161157e-03   1.0891113063161166e-03
  4.4463126746910840e+11   4.4463126746910840e+11   9.9891045952330515e-01   1.0895404766939291e-03   1.0895404766939291e-03   1.0895404766939299e-03
  4.4668359215096350e+11   4.4668359215096350e+11   9.9891002820204411e-01   1.0899717979550689e-03   1.0899717979550689e-03   1.0899717979550698e-03
  4.4874538993313324e+11   4.4874538993313324e+11   9.9890959471833185e-01   1.0904052816672902e-03   1.0904052816672902e-03   1.0904052816672911e-03
  4.5081670454146008e+11   4.5081670454146008e+11   9.9890915906053124e-01   1.0908409394678787e-03   1.0908409394678787e-03   1.0908409394678796e-03
  4.5289757990362134e+11   4.5289757990362134e+11   9.9890872121693497e-01   1.0912787830641374e-03   1.0912787830641374e-03   1.0912787830641383e-03
  4.5498806015004803e+11   4.5498806015004803e+11   9.9890828117576536e-01   1.0917188242338721e-03   1.0917188242338721e-03   1.0917188242338730e-03
  4.5708818961487518e+11   4.5708818961487518e+11   9.9890783892517343e-01   1.0921610748258859e-03   1.0921610748258859e-03   1.0921610748258865e-03
  4.5919801283686755e+11   4.5919801283686755e+11   9.9890739445323873e-01   1.0926055467604717e-03   1.0926055467604717e-03   1.0926055467604726e-03
  4.6131757456037909e+11   4.6131757456037909e+11   9.9890694774796918e-01   1.0930522520299186e-03   1.0930522520299186e-03   1.0930522520299195e-03
  4.6344691973628839e+11   4.6344691973628839e+11   9.9890649879730031e-01   1.0935012026990092e-03   1.0935012026990092e-03   1.0935012026990099e-03
  4.6558609352295813e+11   4.6558609352295813e+11   9.9890604758909374e-01   1.0939524109055321e-03   1.0939524109055321e-03   1.0939524109055329e-03
  4.6773514128719812e+11   4.6773514128719812e+11   9.9890559411113844e-01   1.0944058888607948e-03   1.0944058888607948e-03   1.0944058888607956e-03
  4.6989410860521606e+11   4.6989410860521606e+11   9.9890513835114902e-01   1.0948616488501383e-03   1.0948616488501383e-03   1.0948616488501391e-03
  4.7206304126358997e+11   4.7206304126358997e+11   9.9890468029676571e-01   1.0953197032334602e-03   1.0953197032334602e-03   1.0953197032334610e-03
  4.7424198526024481e+11   4.7424198526024481e+11   9.9890421993555356e-01   1.0957800644457395e-03   1.0957800644457395e-03   1.0957800644457402e-03
  4.7643098680541663e+11   4.7643098680541663e+11   9.9890375725500158e-01   1.0962427449975653e-03   1.0962427449975653e-03   1.0962427449975661e-03
  4.7863009232263800e+11   4.7863009232263800e+11   9.9890329224252361e-01   1.0967077574756711e-03   1.0967077574756711e-03   1.0967077574756717e-03
  4.8083934844972894e+11   4.8083934844972894e+11   9.9890282488545579e-01   1.0971751145434766e-03   1.0971751145434766e-03   1.0971751145434775e-03
  4.8305880203977380e+11   4.8305880203977380e+11   9.9890235517105752e-01   1.0976448289416255e-03   1.0976448289416255e-03   1.0976448289416263e-03
  4.8528850016212097e+11   4.8528850016212097e+11   9.9890188308651073e-01   1.0981169134885362e-03   1.0981169134885362e-03   1.0981169134885371e-03
  4.8752849010338702e+11   4.8752849010338702e+11   9.9890140861891830e-01   1.0985913810809544e-03   1.0985913810809544e-03   1.0985913810809553e-03
  4.8977881936844562e+11   4.8977881936844562e+11   9.9890093175530470e-01   1.0990682446945068e-03   1.0990682446945068e-03   1.0990682446945076e-03
  4.9203953568145111e+11   4.9203953568145111e+11   9.9890045248261494e-01   1.0995475173842658e-03   1.0995475173842658e-03   1.0995475173842667e-03
  4.9431068698683435e+11   4.9431068698683435e+11   9.9889997078771398e-01   1.1000292122853126e-03   1.1000292122853126e-03   1.1000292122853132e-03
  4.9659232145033575e+11   4.9659232145033575e+11   9.9889948665738593e-01   1.1005133426133108e-03   1.1005133426133108e-03   1.1005133426133116e-03
  4.9888448746001270e+11   4.9888448746001270e+11   9.9889900007833421e-01   1.1009999216650779e-03   1.1009999216650779e-03   1.1009999216650785e-03
  5.0118723362727148e+11   5.0118723362727148e+11   9.9889851103718008e-01   1.1014889628191691e-03   1.1014889628191691e-03   1.1014889628191700e-03
  5.0350060878790472e+11   5.0350060878790472e+11   9.9889801952046275e-01   1.1019804795364624e-03   1.1019804795364624e-03   1.1019804795364633e-03
  5.0582466200311481e+11   5.0582466200311481e+11   9.9889752551463851e-01   1.1024744853607446e-03   1.1024744853607446e-03   1.1024744853607455e-03
  5.0815944256056000e+11   5.0815944256056000e+11   9.9889702900607991e-01   1.1029709939193119e-03   1.1029709939193119e-03   1.1029709939193127e-03
  5.1050499997540649e+11   5.1050499997540649e+11   9.9889652998107559e-01   1.1034700189235657e-03   1.1034700189235657e-03   1.1034700189235668e-03
  5.1286138399136584e+11   5.1286138399136584e+11   9.9889602842582970e-01   1.1039715741696201e-03   1.1039715741696201e-03   1.1039715741696207e-03
  5.1522864458175616e+11   5.1522864458175616e+11   9.9889552432646045e-01   1.1044756735389093e-03   1.1044756735389093e-03   1.1044756735389099e-03
  5.1760683195056812e+11   5.1760683195056812e+11   9.9889501766900035e-01   1.1049823309988076e-03   1.1049823309988076e-03   1.1049823309988087e-03
  5.1999599653351727e+11   5.1999599653351727e+11   9.9889450843939609e-01   1.1054915606032456e-03   1.1054915606032456e-03   1.1054915606032462e-03
  5.2239618899911975e+11   5.2239618899911975e+11   9.9889399662350586e-01   1.1060033764933371e-03   1.1060033764933371e-03   1.1060033764933380e-03
  5.2480746024977338e+11   5.2480746024977338e+11   9.9889348220710117e-01   1.1065177928980124e-03   1.1065177928980124e-03   1.1065177928980133e-03
  5.2722986142282214e+11   5.2722986142282214e+11   9.9889296517586457e-01   1.1070348241346492e-03   1.1070348241346492e-03   1.1070348241346501e-03
  5.2966344389165808e+11   5.2966344389165808e+11   9.9889244551538947e-01   1.1075544846097223e-03   1.1075544846097223e-03   1.1075544846097232e-03
  5.3210825926679309e+11   5.3210825926679309e+11   9.9889192321117970e-01   1.1080767888194433e-03   1.1080767888194433e-03   1.1080767888194444e-03
  5.3456435939697137e+11   5.3456435939697137e+11   9.9889139824864881e-01   1.1086017513504197e-03   1.1086017513504197e-03   1.1086017513504205e-03
  5.3703179637025323e+11   5.3703179637025323e+11   9.9889087061311899e-01   1.1091293868803072e-03   1.1091293868803072e-03   1.1091293868803079e-03
  5.3951062251512677e+11   5.3951062251512677e+11   9.9889034028982060e-01   1.1096597101784799e-03   1.1096597101784799e-03   1.1096597101784809e-03
  5.4200089040162384e+11   5.4200089040162384e+11   9.9888980726389254e-01   1.1101927361066954e-03   1.1101927361066954e-03   1.1101927361066963e-03
  5.4450265284242200e+11   5.4450265284242200e+11   9.9888927152037943e-01   1.1107284796197728e-03   1.1107284796197728e-03   1.1107284796197736e-03
  5.4701596289397101e+11   5.4701596289397101e+11   9.9888873304423287e-01   1.1112669557662718e-03   1.1112669557662718e-03   1.1112669557662728e-03
  5.4954087385762482e+11   5.4954087385762482e+11   9.9888819182031008e-01   1.1118081796891814e-03   1.1118081796891814e-03   1.1118081796891823e-03
  5.5207743928075842e+11   5.5207743928075842e+11   9.9888764783337269e-01   1.1123521666266125e-03   1.1123521666266125e-03   1.1123521666266132e-03
  5.5462571295791040e+11   5.5462571295791040e+11   9.9888710106808665e-01   1.1128989319124966e-03   1.1128989319124966e-03   1.1128989319124977e-03
  5.5718574893193042e+11   5.5718574893193042e+11   9.9888655150902206e-01   1.1134484909772913e-03   1.1134484909772913e-03   1.1134484909772920e-03
  5.5975760149511157e+11   5.5975760149511157e+11   9.9888599914065046e-01   1.1140008593486898e-03   1.1140008593486898e-03   1.1140008593486909e-03
  5.6234132519034912e+11   5.6234132519034912e+11   9.9888544394734691e-01   1.1145560526523389e-03   1.1145560526523389e-03   1.1145560526523398e-03
  5.6493697481230334e+11   5.6493697481230334e+11   9.9888488591338664e-01   1.1151140866125647e-03   1.1151140866125647e-03   1.1151140866125656e-03
  5.6754460540854651e+11   5.6754460540854651e+11   9.9888432502294611e-01   1.1156749770530974e-03   1.1156749770530974e-03   1.1156749770530982e-03
  5.7016427228074780e+11   5.7016427228074780e+11   9.9888376126010137e-01   1.1162387398978117e-03   1.1162387398978117e-03   1.1162387398978126e-03
  5.7279603098582800e+11   5.7279603098582800e+11   9.9888319460882780e-01   1.1168053911714661e-03   1.1168053911714661e-03   1.1168053911714670e-03
  5.7543993733715662e+11   5.7543993733715662e+11   9.9888262505299885e-01   1.1173749470004544e-03   1.1173749470004544e-03   1.1173749470004550e-03
  5.7809604740571875e+11   5.7809604740571875e+11   9.9888205257638552e-01   1.1179474236135585e-03   1.1179474236135585e-03   1.1179474236135596e-03
  5.8076441752131116e+11   5.8076441752131116e+11   9.9888147716265641e-01   1.1185228373427106e-03   1.1185228373427106e-03   1.1185228373427117e-03
  5.8344510427374475e+11   5.8344510427374475e+11   9.9888089879537545e-01   1.1191012046237651e-03   1.1191012046237651e-03   1.1191012046237660e-03
  5.8613816451402966e+11   5.8613816451402966e+11   9.9888031745800188e-01   1.1196825419972683e-03   1.1196825419972683e-03   1.1196825419972694e-03
  5.8884365535558838e+11   5.8884365535558838e+11   9.9887973313388989e-01   1.1202668661092444e-03   1.1202668661092444e-03   1.1202668661092455e-03
  5.9156163417547424e+11   5.9156163417547424e+11   9.9887914580628712e-01   1.1208541937119847e-03   1.1208541937119847e-03   1.1208541937119858e-03
  5.9429215861557385e+11   5.9429215861557385e+11   9.9887855545833437e-01   1.1214445416648396e-03   1.1214445416648396e-03   1.1214445416648405e-03
  5.9703528658383655e+11   5.9703528658383655e+11   9.9887796207306412e-01   1.1220379269350250e-03   1.1220379269350250e-03   1.1220379269350261e-03
  5.9979107625551001e+11   5.9979107625551001e+11   9.9887736563340079e-01   1.1226343665984319e-03   1.1226343665984319e-03   1.1226343665984328e-03
  6.0255958607435938e+11   6.0255958607435938e+11   9.9887676612215881e-01   1.1232338778404403e-03   1.1232338778404403e-03   1.1232338778404411e-03
  6.0534087475391357e+11   6.0534087475391357e+11   9.9887616352204256e-01   1.1238364779567460e-03   1.1238364779567460e-03   1.1238364779567467e-03
  6.0813500127871887e+11   6.0813500127871887e+11   9.9887555781564508e-01   1.1244421843541934e-03   1.1244421843541934e-03   1.1244421843541943e-03
  6.1094202490557141e+11   6.1094202490557141e+11   9.9887494898544760e-01   1.1250510145516097e-03   1.1250510145516097e-03   1.1250510145516105e-03
  6.1376200516479456e+11   6.1376200516479456e+11   9.9887433701381867e-01   1.1256629861806564e-03   1.1256629861806564e-03   1.1256629861806570e-03
  6.1659500186148096e+11   6.1659500186148096e+11   9.9887372188301249e-01   1.1262781169866800e-03   1.1262781169866800e-03   1.1262781169866808e-03
  6.1944107507678113e+11   6.1944107507678113e+11   9.9887310357516979e-01   1.1268964248295739e-03   1.1268964248295739e-03   1.1268964248295746e-03
  6.2230028516916016e+11   6.2230028516916016e+11   9.9887248207231460e-01   1.1275179276846457e-03   1.1275179276846457e-03   1.1275179276846465e-03
  6.2517269277568494e+11   6.2517269277568494e+11   9.9887185735635575e-01   1.1281426436434954e-03   1.1281426436434954e-03   1.1281426436434963e-03
  6.2805835881331799e+11   6.2805835881331799e+11   9.9887122940908435e-01   1.1287705909149009e-03   1.1287705909149009e-03   1.1287705909149017e-03
  6.3095734448019434e+11   6.3095734448019434e+11   9.9887059821217361e-01   1.1294017878257065e-03   1.1294017878257065e-03   1.1294017878257072e-03
  6.3386971125692639e+11   6.3386971125692639e+11   9.9886996374717740e-01   1.1300362528217280e-03   1.1300362528217280e-03   1.1300362528217291e-03
  6.3679552090791614e+11   6.3679552090791614e+11   9.9886932599553058e-01   1.1306740044686582e-03   1.1306740044686582e-03   1.1306740044686591e-03
  6.3973483548264954e+11   6.3973483548264954e+11   9.9886868493854619e-01   1.1313150614529837e-03   1.1313150614529837e-03   1.1313150614529846e-03
  6.4268771731701941e+11   6.4268771731701941e+11   9.9886804055741640e-01   1.1319594425829101e-03   1.1319594425829101e-03   1.1319594425829107e-03
  6.4565422903465625e+11   6.4565422903465625e+11   9.9886739283320991e-01   1.1326071667892952e-03   1.1326071667892952e-03   1.1326071667892960e-03
  6.4863443354824011e+11   6.4863443354824011e+11   9.9886674174687262e-01   1.1332582531265885e-03   1.1332582531265885e-03   1.1332582531265894e-03
  6.5162839406084277e+11   6.5162839406084277e+11   9.9886608727922532e-01   1.1339127207737841e-03   1.1339127207737841e-03   1.1339127207737852e-03
  6.5463617406727600e+11   6.5463617406727600e+11   9.9886542941096379e-01   1.1345705890353768e-03   1.1345705890353768e-03   1.1345705890353779e-03
  6.5765783735541992e+11   6.5765783735541992e+11   9.9886476812265679e-01   1.1352318773423290e-03   1.1352318773423290e-03   1.1352318773423301e-03
  6.6069344800759644e+11   6.6069344800759644e+11   9.9886410339474629e-01   1.1358966052530497e-03   1.1358966052530497e-03   1.1358966052530503e-03
  6.6374307040190759e+11   6.6374307040190759e+11   9.9886343520754484e-01   1.1365647924543722e-03   1.1365647924543722e-03   1.1365647924543730e-03
  6.6680676921362183e+11   6.6680676921362183e+11   9.9886276354123671e-01   1.1372364587625573e-03   1.1372364587625573e-03   1.1372364587625581e-03
  6.6988460941652722e+11   6.6988460941652722e+11   9.9886208837587498e-01   1.1379116241242860e-03   1.1379116241242860e-03   1.1379116241242869e-03
  6.7297665628431677e+11   6.7297665628431677e+11   9.9886140969138149e-01   1.1385903086176775e-03   1.1385903086176775e-03   1.1385903086176786e-03
  6.7608297539198193e+11   6.7608297539198193e+11   9.9886072746754595e-01   1.1392725324533086e-03   1.1392725324533086e-03   1.1392725324533095e-03
  6.7920363261718567e+11   6.7920363261718567e+11   9.9886004168402398e-01   1.1399583159752424e-03   1.1399583159752424e-03   1.1399583159752433e-03
  6.8233869414166907e+11   6.8233869414166907e+11   9.9885935232033707e-01   1.1406476796620680e-03   1.1406476796620680e-03   1.1406476796620691e-03
  6.8548822645266199e+11   6.8548822645266199e+11   9.9885865935587126e-01   1.1413406441279517e-03   1.1413406441279517e-03   1.1413406441279526e-03
  6.8865229634427759e+11   6.8865229634427759e+11   9.9885796276987560e-01   1.1420372301236925e-03   1.1420372301236925e-03   1.1420372301236934e-03
  6.9183097091893628e+11   6.9183097091893628e+11   9.9885726254146145e-01   1.1427374585377915e-03   1.1427374585377915e-03   1.1427374585377924e-03
  6.9502431758879761e+11   6.9502431758879761e+11   9.9885655864960177e-01   1.1434413503975320e-03   1.1434413503975320e-03   1.1434413503975329e-03
  6.9823240407717041e+11   6.9823240407717041e+11   9.9885585107312902e-01   1.1441489268700623e-03   1.1441489268700623e-03   1.1441489268700633e-03
  7.0145529841997144e+11   7.0145529841997144e+11   9.9885513979073570e-01   1.1448602092634999e-03   1.1448602092634999e-03   1.1448602092635008e-03
  7.0469306896714526e+11   7.0469306896714526e+11   9.9885442478097120e-01   1.1455752190280336e-03   1.1455752190280336e-03   1.1455752190280344e-03
  7.0794578438413733e+11   7.0794578438413733e+11   9.9885370602224222e-01   1.1462939777570464e-03   1.1462939777570464e-03   1.1462939777570473e-03
  7.1121351365332959e+11   7.1121351365332959e+11   9.9885298349281093e-01   1.1470165071882394e-03   1.1470165071882394e-03   1.1470165071882402e-03
  7.1449632607551196e+11   7.1449632607551196e+11   9.9885225717079462e-01   1.1477428292047717e-03   1.1477428292047717e-03   1.1477428292047723e-03
  7.1779429127136157e+11   7.1779429127136157e+11   9.9885152703416291e-01   1.1484729658364139e-03   1.1484729658364139e-03   1.1484729658364147e-03
  7.2110747918290051e+11   7.2110747918290051e+11   9.9885079306073854e-01   1.1492069392607053e-03   1.1492069392607053e-03   1.1492069392607062e-03
  7.2443596007498914e+11   7.2443596007498914e+11   9.9885005522819525e-01   1.1499447718041236e-03   1.1499447718041236e-03   1.1499447718041245e-03
  7.2777980453682422e+11   7.2777980453682422e+11   9.9884931351405604e-01   1.1506864859432693e-03   1.1506864859432693e-03   1.1506864859432702e-03
  7.3113908348341870e+11   7.3113908348341870e+11   9.9884856789569321e-01   1.1514321043060562e-03   1.1514321043060562e-03   1.1514321043060570e-03
  7.3451386815711438e+11   7.3451386815711438e+11   9.9884781835032632e-01   1.1521816496729144e-03   1.1521816496729144e-03   1.1521816496729152e-03
  7.3790423012910156e+11   7.3790423012910156e+11   9.9884706485502117e-01   1.1529351449780082e-03   1.1529351449780082e-03   1.1529351449780091e-03
  7.4131024130091919e+11   7.4131024130091919e+11   9.9884630738668878e-01   1.1536926133104597e-03   1.1536926133104597e-03   1.1536926133104606e-03
  7.4473197390598889e+11   7.4473197390598889e+11   9.9884554592208363e-01   1.1544540779155866e-03   1.1544540779155866e-03   1.1544540779155875e-03
  7.4816950051115527e+11   7.4816950051115527e+11   9.9884478043780311e-01   1.1552195621961545e-03   1.1552195621961545e-03   1.1552195621961554e-03
  7.5162289401820447e+11   7.5162289401820447e+11   9.9884401091028552e-01   1.1559890897136333e-03   1.1559890897136333e-03   1.1559890897136344e-03
  7.5509222766543408e+11   7.5509222766543408e+11   9.9884323731580982e-01   1.1567626841894735e-03   1.1567626841894735e-03   1.1567626841894744e-03
  7.5857757502918201e+11   7.5857757502918201e+11   9.9884245963049290e-01   1.1575403695063891e-03   1.1575403695063891e-03   1.1575403695063900e-03
  7.6207901002541150e+11   7.6207901002541150e+11   9.9884167783028965e-01   1.1583221697096559e-03   1.1583221697096559e-03   1.1583221697096567e-03
  7.6559660691125696e+11   7.6559660691125696e+11   9.9884089189099079e-01   1.1591081090084189e-03   1.1591081090084189e-03   1.1591081090084198e-03
  7.6913044028660828e+11   7.6913044028660828e+11   9.9884010178822202e-01   1.1598982117770138e-03   1.1598982117770138e-03   1.1598982117770149e-03
  7.7268058509570215e+11   7.7268058509570215e+11   9.9883930749744299e-01   1.1606925025563026e-03   1.1606925025563026e-03   1.1606925025563035e-03
  7.7624711662869275e+11   7.7624711662869275e+11   9.9883850899394411e-01   1.1614910060550186e-03   1.1614910060550186e-03   1.1614910060550197e-03
  7.7983011052325769e+11   7.7983011052325769e+11   9.9883770625284807e-01   1.1622937471511242e-03   1.1622937471511242e-03   1.1622937471511250e-03
  7.8342964276621204e+11   7.8342964276621204e+11   9.9883689924910601e-01   1.1631007508931866e-03   1.1631007508931866e-03   1.1631007508931875e-03
  7.8704578969510010e+11   7.8704578969510010e+11   9.9883608795749745e-01   1.1639120425017591e-03   1.1639120425017591e-03   1.1639120425017599e-03
  7.9067862799982458e+11   7.9067862799982458e+11   9.9883527235262848e-01   1.1647276473707808e-03   1.1647276473707808e-03   1.1647276473707817e-03
  7.9432823472428210e+11   7.9432823472428210e+11   9.9883445240893032e-01   1.1655475910689905e-03   1.1655475910689905e-03   1.1655475910689913e-03
  7.9799468726797852e+11   7.9799468726797852e+11   9.9883362810065790e-01   1.1663718993413458e-03   1.1663718993413458e-03   1.1663718993413467e-03
  8.0167806338767896e+11   8.0167806338767896e+11   9.9883279940188885e-01   1.1672005981104661e-03   1.1672005981104661e-03   1.1672005981104669e-03
  8.0537844119906775e+11   8.0537844119906775e+11   9.9883196628652116e-01   1.1680337134780865e-03   1.1680337134780865e-03   1.1680337134780873e-03
  8.0909589917838135e+11   8.0909589917838135e+11   9.9883112872827273e-01   1.1688712717265151e-03   1.1688712717265151e-03   1.1688712717265160e-03
  8.1283051616409949e+11   8.1283051616409949e+11   9.9883028670067908e-01   1.1697132993201246e-03   1.1697132993201246e-03   1.1697132993201255e-03
  8.1658237135859058e+11   8.1658237135859058e+11   9.9882944017709230e-01   1.1705598229068369e-03   1.1705598229068369e-03   1.1705598229068380e-03
  8.2035154432981763e+11   8.2035154432981763e+11   9.9882858913067951e-01   1.1714108693196403e-03   1.1714108693196403e-03   1.1714108693196413e-03
  8.2413811501300293e+11   8.2413811501300293e+11   9.9882773353442100e-01   1.1722664655781064e-03   1.1722664655781064e-03   1.1722664655781075e-03
  8.2794216371233276e+11   8.2794216371233276e+11   9.9882687336110909e-01   1.1731266388899297e-03   1.1731266388899297e-03   1.1731266388899308e-03
  8.3176377110267090e+11   8.3176377110267090e+11   9.9882600858334658e-01   1.1739914166524832e-03   1.1739914166524832e-03   1.1739914166524843e-03
  8.3560301823124915e+11   8.3560301823124915e+11   9.9882513917354476e-01   1.1748608264543800e-03   1.1748608264543800e-03   1.1748608264543811e-03
  8.3945998651939648e+11   8.3945998651939648e+11   9.9882426510392219e-01   1.1757348960770610e-03   1.1757348960770610e-03   1.1757348960770618e-03
  8.4333475776427563e+11   8.4333475776427563e+11   9.9882338634650281e-01   1.1766136534963926e-03   1.1766136534963926e-03   1.1766136534963935e-03
  8.4722741414059802e+11   8.4722741414059802e+11   9.9882250287311480e-01   1.1774971268842778e-03   1.1774971268842778e-03   1.1774971268842789e-03
  8.5113803820237585e+11   8.5113803820237585e+11   9.9882161465538899e-01   1.1783853446102862e-03   1.1783853446102862e-03   1.1783853446102870e-03
  8.5506671288468408e+11   8.5506671288468408e+11   9.9882072166475599e-01   1.1792783352433012e-03   1.1792783352433012e-03   1.1792783352433021e-03
  8.5901352150539783e+11   8.5901352150539783e+11   9.9881982387244594e-01   1.1801761275531783e-03   1.1801761275531783e-03   1.1801761275531794e-03
  8.6297854776697021e+11   8.6297854776697021e+11   9.9881892124948679e-01   1.1810787505124225e-03   1.1810787505124225e-03   1.1810787505124234e-03
  8.6696187575821790e+11   8.6696187575821790e+11   9.9881801376670132e-01   1.1819862332978865e-03   1.1819862332978865e-03   1.1819862332978874e-03
  8.7096358995607959e+11   8.7096358995607959e+11   9.9881710139470681e-01   1.1828986052924712e-03   1.1828986052924712e-03   1.1828986052924721e-03
  8.7498377522743640e+11   8.7498377522743640e+11   9.9881618410391237e-01   1.1838158960868640e-03   1.1838158960868640e-03   1.1838158960868648e-03
  8.7902251683088245e+11   8.7902251683088245e+11   9.9881526186451786e-01   1.1847381354812725e-03   1.1847381354812725e-03   1.1847381354812736e-03
  8.8307990041856226e+11   8.8307990041856226e+11   9.9881433464651193e-01   1.1856653534871935e-03   1.1856653534871935e-03   1.1856653534871946e-03
  8.8715601203796167e+11   8.8715601203796167e+11   9.9881340241966998e-01   1.1865975803291840e-03   1.1865975803291840e-03   1.1865975803291851e-03
  8.9125093813374402e+11   8.9125093813374402e+11   9.9881246515355249e-01   1.1875348464466604e-03   1.1875348464466604e-03   1.1875348464466615e-03
  8.9536476554959375e+11   8.9536476554959375e+11   9.9881152281750341e-01   1.1884771824957135e-03   1.1884771824957135e-03   1.1884771824957146e-03
  8.9949758153003650e+11   8.9949758153003650e+11   9.9881057538064821e-01   1.1894246193509355e-03   1.1894246193509355e-03   1.1894246193509365e-03
  9.0364947372230042e+11   9.0364947372230042e+11   9.9880962281189201e-01   1.1903771881072703e-03   1.1903771881072703e-03   1.1903771881072711e-03
  9.0782053017818616e+11   9.0782053017818616e+11   9.9880866507991739e-01   1.1913349200818849e-03   1.1913349200818849e-03   1.1913349200818857e-03
  9.1201083935591150e+11   9.1201083935591150e+11   9.9880770215318315e-01   1.1922978468160489e-03   1.1922978468160489e-03   1.1922978468160497e-03
  9.1622049012199915e+11   9.1622049012199915e+11   9.9880673399992215e-01   1.1932660000770427e-03   1.1932660000770427e-03   1.1932660000770435e-03
  9.2044957175317212e+11   9.2044957175317212e+11   9.9880576058813897e-01   1.1942394118600829e-03   1.1942394118600829e-03   1.1942394118600842e-03
  9.2469817393822485e+11   9.2469817393822485e+11   9.9880478188560895e-01   1.1952181143902595e-03   1.1952181143902595e-03   1.1952181143902603e-03
  9.2896638677993628e+11   9.2896638677993628e+11   9.9880379785987461e-01   1.1962021401245020e-03   1.1962021401245020e-03   1.1962021401245031e-03
  9.3325430079699243e+11   9.3325430079699243e+11   9.9880280847824554e-01   1.1971915217535607e-03   1.1971915217535607e-03   1.1971915217535618e-03
  9.3756200692587927e+11   9.3756200692587927e+11   9.9880181370779519e-01   1.1981862922040053e-03   1.1981862922040053e-03   1.1981862922040062e-03
  9.4188959652284180e+11   9.4188959652284180e+11   9.9880081351535899e-01   1.1991864846402486e-03   1.1991864846402486e-03   1.1991864846402495e-03
  9.4623716136579102e+11   9.4623716136579102e+11   9.9879980786753264e-01   1.2001921324665864e-03   1.2001921324665864e-03   1.2001921324665873e-03
  9.5060479365628088e+11   9.5060479365628088e+11   9.9879879673066996e-01   1.2012032693292601e-03   1.2012032693292601e-03   1.2012032693292610e-03
  9.5499258602143689e+11   9.5499258602143689e+11   9.9879778007088060e-01   1.2022199291185397e-03   1.2022199291185397e-03   1.2022199291185408e-03
  9.5940063151593164e+11   9.5940063151593164e+11   9.9879675785402833e-01   1.2032421459708244e-03   1.2032421459708244e-03   1.2032421459708255e-03
  9.6382902362397046e+11   9.6382902362397046e+11   9.9879573004572852e-01   1.2042699542707718e-03   1.2042699542707718e-03   1.2042699542707726e-03
  9.6827785626125061e+11   9.6827785626125061e+11   9.9879469661134568e-01   1.2053033886534404e-03   1.2053033886534404e-03   1.2053033886534415e-03
  9.7274722377696411e+11   9.7274722377696411e+11   9.9879365751599269e-01   1.2063424840064564e-03   1.2063424840064564e-03   1.2063424840064575e-03
  9.7723722095581116e+11   9.7723722095581116e+11   9.9879261272452691e-01   1.2073872754722078e-03   1.2073872754722078e-03   1.2073872754722089e-03
  9.8174794301998645e+11   9.8174794301998645e+11   9.9879156220154919e-01   1.2084377984500514e-03   1.2084377984500514e-03   1.2084377984500523e-03
  9.8627948563120996e+11   9.8627948563120996e+11   9.9879050591140062e-01   1.2094940885985475e-03   1.2094940885985475e-03   1.2094940885985486e-03
  9.9083194489276855e+11   9.9083194489276855e+11   9.9878944381816148e-01   1.2105561818377196e-03   1.2105561818377196e-03   1.2105561818377204e-03
  9.9540541735152954e+11   9.9540541735152954e+11   9.9878837588564784e-01   1.2116241143513310e-03   1.2116241143513310e-03   1.2116241143513319e-03
  1.0000000000000000e+12   1.0000000000000000e+12   9.9878730207741018e-01   1.2126979225891862e-03   1.2126979225891862e-03   1.2126979225891871e-03
  1.0046157902783926e+12   1.0046157902783926e+12   9.9878622235672987e-01   1.2137776432694625e-03   1.2137776432694625e-03   1.2137776432694634e-03
  1.0092528860766875e+12   1.0092528860766875e+12   9.9878513668661828e-01   1.2148633133810555e-03   1.2148633133810555e-03   1.2148633133810564e-03
  1.0139113857366799e+12   1.0139113857366799e+12   9.9878404502981322e-01   1.2159549701859500e-03   1.2159549701859500e-03   1.2159549701859511e-03
  1.0185913880541149e+12   1.0185913880541149e+12   9.9878294734877771e-01   1.2170526512216258e-03   1.2170526512216258e-03   1.2170526512216267e-03
  1.0232929922807537e+12   1.0232929922807537e+12   9.9878184360569577e-01   1.2181563943034768e-03   1.2181563943034768e-03   1.2181563943034776e-03
  1.0280162981264746e+12   1.0280162981264746e+12   9.9878073376247201e-01   1.2192662375272538e-03   1.2192662375272538e-03   1.2192662375272547e-03
  1.0327614057613959e+12   1.0327614057613959e+12   9.9877961778072766e-01   1.2203822192715427e-03   1.2203822192715427e-03   1.2203822192715435e-03
  1.0375284158180127e+12   1.0375284158180127e+12   9.9877849562179899e-01   1.2215043782002632e-03   1.2215043782002632e-03   1.2215043782002641e-03
  1.0423174293933058e+12   1.0423174293933058e+12   9.9877736724673405e-01   1.2226327532651867e-03   1.2226327532651867e-03   1.2226327532651876e-03
  1.0471285480508986e+12   1.0471285480508986e+12   9.9877623261629067e-01   1.2237673837084885e-03   1.2237673837084885e-03   1.2237673837084896e-03
  1.0519618738232235e+12   1.0519618738232235e+12   9.9877509169093392e-01   1.2249083090653287e-03   1.2249083090653287e-03   1.2249083090653296e-03
  1.0568175092136606e+12   1.0568175092136606e+12   9.9877394443083278e-01   1.2260555691664453e-03   1.2260555691664453e-03   1.2260555691664462e-03
  1.0616955571987241e+12   1.0616955571987241e+12   9.9877279079585857e-01   1.2272092041407893e-03   1.2272092041407893e-03   1.2272092041407901e-03
  1.0665961212302590e+12   1.0665961212302590e+12   9.9877163074558106e-01   1.2283692544181844e-03   1.2283692544181844e-03   1.2283692544181853e-03
  1.0715193052376093e+12   1.0715193052376093e+12   9.9877046423926730e-01   1.2295357607320020e-03   1.2295357607320020e-03   1.2295357607320029e-03
  1.0764652136298350e+12   1.0764652136298350e+12   9.9876929123587732e-01   1.2307087641218804e-03   1.2307087641218804e-03   1.2307087641218813e-03
  1.0814339512979353e+12   1.0814339512979353e+12   9.9876811169406277e-01   1.2318883059364643e-03   1.2318883059364643e-03   1.2318883059364652e-03
  1.0864256236170688e+12   1.0864256236170688e+12   9.9876692557216307e-01   1.2330744278361734e-03   1.2330744278361734e-03   1.2330744278361743e-03
  1.0914403364487572e+12   1.0914403364487572e+12   9.9876573282820325e-01   1.2342671717959924e-03   1.2342671717959924e-03   1.2342671717959933e-03
  1.0964781961431829e+12   1.0964781961431829e+12   9.9876453341989091e-01   1.2354665801083122e-03   1.2354665801083122e-03   1.2354665801083131e-03
  1.1015393095414146e+12   1.1015393095414146e+12   9.9876332730461337e-01   1.2366726953857757e-03   1.2366726953857757e-03   1.2366726953857768e-03
  1.1066237839776675e+12   1.1066237839776675e+12   9.9876211443943497e-01   1.2378855605641662e-03   1.2378855605641662e-03   1.2378855605641673e-03
  1.1117317272815896e+12   1.1117317272815896e+12   9.9876089478109398e-01   1.2391052189053245e-03   1.2391052189053245e-03   1.2391052189053254e-03
  1.1168632477805613e+12   1.1168632477805613e+12   9.9875966828599894e-01   1.2403317140000990e-03   1.2403317140000990e-03   1.2403317140001003e-03
  1.1220184543019653e+12   1.1220184543019653e+12   9.9875843491022787e-01   1.2415650897713171e-03   1.2415650897713171e-03   1.2415650897713180e-03
  1.1271974561755093e+12   1.1271974561755093e+12   9.9875719460952228e-01   1.2428053904768009e-03   1.2428053904768009e-03   1.2428053904768020e-03
  1.1324003632355579e+12   1.1324003632355579e+12   9.9875594733928663e-01   1.2440526607124082e-03   1.2440526607124082e-03   1.2440526607124095e-03
  1.1376272858234333e+12   1.1376272858234333e+12   9.9875469305458409e-01   1.2453069454151009e-03   1.2453069454151009e-03   1.2453069454151017e-03
  1.1428783347897712e+12   1.1428783347897712e+12   9.9875343171013320e-01   1.2465682898660535e-03   1.2465682898660535e-03   1.2465682898660543e-03
  1.1481536214968840e+12   1.1481536214968840e+12   9.9875216326030547e-01   1.2478367396937975e-03   1.2478367396937975e-03   1.2478367396937984e-03
  1.1534532578210952e+12   1.1534532578210952e+12   9.9875088765912168e-01   1.2491123408773818e-03   1.2491123408773818e-03   1.2491123408773829e-03
  1.1587773561551262e+12   1.1587773561551262e+12   9.9874960486024966e-01   1.2503951397495865e-03   1.2503951397495865e-03   1.2503951397495874e-03
  1.1641260294104885e+12   1.1641260294104885e+12   9.9874831481699899e-01   1.2516851830001628e-03   1.2516851830001628e-03   1.2516851830001638e-03
  1.1694993910198748e+12   1.1694993910198748e+12   9.9874701748232009e-01   1.2529825176791059e-03   1.2529825176791059e-03   1.2529825176791068e-03
  1.1748975549395303e+12   1.1748975549395303e+12   9.9874571280879920e-01   1.2542871911999565e-03   1.2542871911999565e-03   1.2542871911999575e-03
  1.1803206356517273e+12   1.1803206356517273e+12   9.9874440074865600e-01   1.2555992513431592e-03   1.2555992513431592e-03   1.2555992513431603e-03
  1.1857687481671597e+12   1.1857687481671597e+12   9.9874308125373978e-01   1.2569187462594341e-03   1.2569187462594341e-03   1.2569187462594352e-03
  1.1912420080273762e+12   1.1912420080273762e+12   9.9874175427552592e-01   1.2582457244731922e-03   1.2582457244731924e-03   1.2582457244731933e-03
  1.1967405313072419e+12   1.1967405313072419e+12   9.9874041976511307e-01   1.2595802348859915e-03   1.2595802348859915e-03   1.2595802348859925e-03
  1.2022644346174131e+12   1.2022644346174131e+12   9.9873907767321901e-01   1.2609223267800297e-03   1.2609223267800299e-03   1.2609223267800310e-03
  1.2078138351067822e+12   1.2078138351067822e+12   9.9873772795017735e-01   1.2622720498216638e-03   1.2622720498216638e-03   1.2622720498216651e-03
  1.2133888504649761e+12   1.2133888504649761e+12   9.9873637054593423e-01   1.2636294540649795e-03   1.2636294540649795e-03   1.2636294540649805e-03
  1.2189895989248674e+12   1.2189895989248674e+12   9.9873500541004367e-01   1.2649945899553998e-03   1.2649945899553996e-03   1.2649945899554009e-03
  1.2246161992650515e+12   1.2246161992650515e+12   9.9873363249166569e-01   1.2663675083333192e-03   1.2663675083333195e-03   1.2663675083333205e-03
  1.2302687708123811e+12   1.2302687708123811e+12   9.9873225173956115e-01   1.2677482604377900e-03   1.2677482604377900e-03   1.2677482604377913e-03
  1.2359474334445120e+12   1.2359474334445120e+12   9.9873086310208892e-01   1.2691368979102487e-03   1.2691368979102487e-03   1.2691368979102498e-03
  1.2416523075924146e+12   1.2416523075924146e+12   9.9872946652720074e-01   1.2705334727982696e-03   1.2705334727982694e-03   1.2705334727982709e-03
  1.2473835142429434e+12   1.2473835142429434e+12   9.9872806196243968e-01   1.2719380375593721e-03   1.2719380375593721e-03   1.2719380375593734e-03
  1.2531411749414131e+12   1.2531411749414131e+12   9.9872664935493427e-01   1.2733506450648688e-03   1.2733506450648688e-03   1.2733506450648699e-03
  1.2589254117941663e+12   1.2589254117941663e+12   9.9872522865139535e-01   1.2747713486037468e-03   1.2747713486037468e-03   1.2747713486037479e-03
  1.2647363474711523e+12   1.2647363474711523e+12   9.9872379979811254e-01   1.2762002018865970e-03   1.2762002018865970e-03   1.2762002018865981e-03
  1.2705741052085393e+12   1.2705741052085393e+12   9.9872236274094961e-01   1.2776372590495853e-03   1.2776372590495850e-03   1.2776372590495863e-03
  1.2764388088113435e+12   1.2764388088113435e+12   9.9872091742534075e-01   1.2790825746584727e-03   1.2790825746584727e-03   1.2790825746584738e-03
  1.2823305826560232e+12   1.2823305826560232e+12   9.9871946379628651e-01   1.2805362037126670e-03   1.2805362037126670e-03   1.2805362037126681e-03
  1.2882495516931323e+12   1.2882495516931323e+12   9.9871800179834980e-01   1.2819982016493282e-03   1.2819982016493282e-03   1.2819982016493293e-03
  1.2941958414499863e+12   1.2941958414499863e+12   9.9871653137565164e-01   1.2834686243475227e-03   1.2834686243475227e-03   1.2834686243475238e-03
  1.3001695780332925e+12   1.3001695780332925e+12   9.9871505247186665e-01   1.2849475281324081e-03   1.2849475281324079e-03   1.2849475281324092e-03
  1.3061708881318403e+12   1.3061708881318403e+12   9.9871356503021957e-01   1.2864349697794771e-03   1.2864349697794769e-03   1.2864349697794784e-03
  1.3121998990192041e+12   1.3121998990192041e+12   9.9871206899348031e-01   1.2879310065188501e-03   1.2879310065188499e-03   1.2879310065188512e-03
  1.3182567385564102e+12   1.3182567385564102e+12   9.9871056430395944e-01   1.2894356960395986e-03   1.2894356960395986e-03   1.2894356960395999e-03
  1.3243415351946643e+12   1.3243415351946643e+12   9.9870905090350492e-01   1.2909490964941334e-03   1.2909490964941334e-03   1.2909490964941345e-03
  1.3304544179780874e+12   1.3304544179780874e+12   9.9870752873349666e-01   1.2924712665026367e-03   1.2924712665026367e-03   1.2924712665026376e-03
  1.3365955165464460e+12   1.3365955165464460e+12   9.9870599773484148e-01   1.2940022651575409e-03   1.2940022651575409e-03   1.2940022651575422e-03
  1.3427649611378643e+12   1.3427649611378643e+12   9.9870445784797102e-01   1.2955421520280479e-03   1.2955421520280479e-03   1.2955421520280490e-03
  1.3489628825916506e+12   1.3489628825916506e+12   9.9870290901283432e-01   1.2970909871647253e-03   1.2970909871647251e-03   1.2970909871647266e-03
  1.3551894123510349e+12   1.3551894123510349e+12   9.9870135116889491e-01   1.2986488311041273e-03   1.2986488311041270e-03   1.2986488311041286e-03
  1.3614446824659512e+12   1.3614446824659512e+12   9.9869978425512573e-01   1.3002157448734758e-03   1.3002157448734758e-03   1.3002157448734769e-03
  1.3677288255958467e+12   1.3677288255958467e+12   9.9869820821000377e-01   1.3017917899953977e-03   1.3017917899953977e-03   1.3017917899953988e-03
  1.3740419750125149e+12   1.3740419750125149e+12   9.9869662297150641e-01   1.3033770284927154e-03   1.3033770284927154e-03   1.3033770284927165e-03
  1.3803842646028867e+12   1.3803842646028867e+12   9.9869502847710589e-01   1.3049715228932810e-03   1.3049715228932810e-03   1.3049715228932821e-03
  1.3867558288718867e+12   1.3867558288718867e+12   9.9869342466376421e-01   1.3065753362348736e-03   1.3065753362348736e-03   1.3065753362348747e-03
  1.3931568029453035e+12   1.3931568029453035e+12   9.9869181146792907e-01   1.3081885320701564e-03   1.3081885320701567e-03   1.3081885320701575e-03
  1.3995873225726206e+12   1.3995873225726206e+12   9.9869018882552751e-01   1.3098111744716712e-03   1.3098111744716712e-03   1.3098111744716723e-03
  1.4060475241299128e+12   1.4060475241299128e+12   9.9868855667196221e-01   1.3114433280369063e-03   1.3114433280369065e-03   1.3114433280369073e-03
  1.4125375446227554e+12   1.4125375446227554e+12   9.9868691494210571e-01   1.3130850578934284e-03   1.3130850578934286e-03   1.3130850578934295e-03
  1.4190575216890955e+12   1.4190575216890955e+12   9.9868526357029519e-01   1.3147364297040384e-03   1.3147364297040384e-03   1.3147364297040394e-03
  1.4256075936021880e+12   1.4256075936021880e+12   9.9868360249032717e-01   1.3163975096720116e-03   1.3163975096720116e-03   1.3163975096720127e-03
  1.4321878992735396e+12   1.4321878992735396e+12   9.9868193163545271e-01   1.3180683645463991e-03   1.3180683645463993e-03   1.3180683645464002e-03
  1.4387985782558496e+12   1.4387985782558496e+12   9.9868025093837176e-01   1.3197490616273808e-03   1.3197490616273810e-03   1.3197490616273819e-03
  1.4454397707459280e+12   1.4454397707459280e+12   9.9867856033122759e-01   1.3214396687716706e-03   1.3214396687716704e-03   1.3214396687716717e-03
  1.4521116175877390e+12   1.4521116175877390e+12   9.9867685974560105e-01   1.3231402543980102e-03   1.3231402543980102e-03   1.3231402543980113e-03
  1.4588142602753474e+12   1.4588142602753474e+12   9.9867514911250654e-01   1.3248508874927005e-03   1.3248508874927005e-03   1.3248508874927015e-03
  1.4655478409559128e+12   1.4655478409559128e+12   9.9867342836238404e-01   1.3265716376151999e-03   1.3265716376151999e-03   1.3265716376152010e-03
  1.4723125024327163e+12   1.4723125024327163e+12   9.9867169742509543e-01   1.3283025749037966e-03   1.3283025749037966e-03   1.3283025749037977e-03
  1.4791083881682073e+12   1.4791083881682073e+12   9.9866995622991783e-01   1.3300437700813419e-03   1.3300437700813422e-03   1.3300437700813430e-03
  1.4859356422870090e+12   1.4859356422870090e+12   9.9866820470553819e-01   1.3317952944610400e-03   1.3317952944610397e-03   1.3317952944610410e-03
  1.4927944095789944e+12   1.4927944095789944e+12   9.9866644278004690e-01   1.3335572199523137e-03   1.3335572199523137e-03   1.3335572199523148e-03
  1.4996848355023740e+12   1.4996848355023740e+12   9.9866467038093254e-01   1.3353296190667435e-03   1.3353296190667433e-03   1.3353296190667444e-03
  1.5066070661867449e+12   1.5066070661867449e+12   9.9866288743507503e-01   1.3371125649240521e-03   1.3371125649240521e-03   1.3371125649240532e-03
  1.5135612484362073e+12   1.5135612484362073e+12   9.9866109386874091e-01   1.3389061312581820e-03   1.3389061312581822e-03   1.3389061312581831e-03
  1.5205475297324971e+12   1.5205475297324971e+12   9.9865928960757566e-01   1.3407103924234357e-03   1.3407103924234359e-03   1.3407103924234368e-03
  1.5275660582380764e+12   1.5275660582380764e+12   9.9865747457659848e-01   1.3425254234006743e-03   1.3425254234006743e-03   1.3425254234006754e-03
  1.5346169827992942e+12   1.5346169827992942e+12   9.9865564870019563e-01   1.3443512998036050e-03   1.3443512998036053e-03   1.3443512998036061e-03
  1.5417004529495552e+12   1.5417004529495552e+12   9.9865381190211411e-01   1.3461880978851363e-03   1.3461880978851361e-03   1.3461880978851374e-03
  1.5488166189124858e+12   1.5488166189124858e+12   9.9865196410545531e-01   1.3480358945438041e-03   1.3480358945438039e-03   1.3480358945438054e-03
  1.5559656316050750e+12   1.5559656316050750e+12   9.9865010523266906e-01   1.3498947673302611e-03   1.3498947673302609e-03   1.3498947673302620e-03
  1.5631476426409507e+12   1.5631476426409507e+12   9.9864823520554535e-01   1.3517647944538752e-03   1.3517647944538752e-03   1.3517647944538763e-03
  1.5703628043335515e+12   1.5703628043335515e+12   9.9864635394520984e-01   1.3536460547893712e-03   1.3536460547893712e-03   1.3536460547893723e-03
  1.5776112696993501e+12   1.5776112696993501e+12   9.9864446137211571e-01   1.3555386278835601e-03   1.3555386278835601e-03   1.3555386278835612e-03
  1.5848931924611108e+12   1.5848931924611108e+12   9.9864255740603691e-01   1.3574425939621539e-03   1.3574425939621541e-03   1.3574425939621552e-03
  1.5922087270511699e+12   1.5922087270511699e+12   9.9864064196606250e-01   1.3593580339366592e-03   1.3593580339366592e-03   1.3593580339366605e-03
  1.5995580286146711e+12   1.5995580286146711e+12   9.9863871497058798e-01   1.3612850294113393e-03   1.3612850294113393e-03   1.3612850294113402e-03
  1.6069412530128755e+12   1.6069412530128755e+12   9.9863677633730885e-01   1.3632236626902696e-03   1.3632236626902696e-03   1.3632236626902709e-03
  1.6143585568264871e+12   1.6143585568264871e+12   9.9863482598321462e-01   1.3651740167844807e-03   1.3651740167844807e-03   1.3651740167844820e-03
  1.6218100973589331e+12   1.6218100973589331e+12   9.9863286382457983e-01   1.3671361754191635e-03   1.3671361754191637e-03   1.3671361754191648e-03
  1.6292960326397214e+12   1.6292960326397214e+12   9.9863088977695802e-01   1.3691102230409835e-03   1.3691102230409832e-03   1.3691102230409848e-03
  1.6368165214278101e+12   1.6368165214278101e+12   9.9862890375517355e-01   1.3710962448254720e-03   1.3710962448254722e-03   1.3710962448254733e-03
  1.6443717232149358e+12   1.6443717232149358e+12   9.9862690567331447e-01   1.3730943266844972e-03   1.3730943266844970e-03   1.3730943266844985e-03
  1.6519617982290149e+12   1.6519617982290149e+12   9.9862489544472521e-01   1.3751045552738319e-03   1.3751045552738322e-03   1.3751045552738332e-03
  1.6595869074375564e+12   1.6595869074375564e+12   9.9862287298199837e-01   1.3771270180008171e-03   1.3771270180008169e-03   1.3771270180008182e-03
  1.6672472125510679e+12   1.6672472125510679e+12   9.9862083819696701e-01   1.3791618030321040e-03   1.3791618030321040e-03   1.3791618030321053e-03
  1.6749428760264382e+12   1.6749428760264382e+12   9.9861879100069761e-01   1.3812089993014830e-03   1.3812089993014832e-03   1.3812089993014843e-03
  1.6826740610704639e+12   1.6826740610704639e+12   9.9861673130348128e-01   1.3832686965178356e-03   1.3832686965178356e-03   1.3832686965178369e-03
  1.6904409316432632e+12   1.6904409316432632e+12   9.9861465901482604e-01   1.3853409851731493e-03   1.3853409851731495e-03   1.3853409851731504e-03
  1.6982436524617461e+12   1.6982436524617461e+12   9.9861257404344850e-01   1.3874259565506393e-03   1.3874259565506393e-03   1.3874259565506406e-03
  1.7060823890031208e+12   1.7060823890031208e+12   9.9861047629726618e-01   1.3895237027329709e-03   1.3895237027329709e-03   1.3895237027329722e-03
  1.7139573075084253e+12   1.7139573075084253e+12   9.9860836568338873e-01   1.3916343166105844e-03   1.3916343166105846e-03   1.3916343166105853e-03
  1.7218685749860095e+12   1.7218685749860095e+12   9.9860624210810900e-01   1.3937578918901015e-03   1.3937578918901013e-03   1.3937578918901028e-03
  1.7298163592150996e+12   1.7298163592150996e+12   9.9860410547689638e-01   1.3958945231028496e-03   1.3958945231028496e-03   1.3958945231028507e-03
  1.7378008287493762e+12   1.7378008287493762e+12   9.9860195569438548e-01   1.3980443056134904e-03   1.3980443056134904e-03   1.3980443056134917e-03
  1.7458221529205073e+12   1.7458221529205073e+12   9.9859979266437038e-01   1.4002073356287332e-03   1.4002073356287335e-03   1.4002073356287345e-03
  1.7538805018417603e+12   1.7538805018417603e+12   9.9859761628979304e-01   1.4023837102061711e-03   1.4023837102061711e-03   1.4023837102061722e-03
  1.7619760464116309e+12   1.7619760464116309e+12   9.9859542647273603e-01   1.4045735272632249e-03   1.4045735272632247e-03   1.4045735272632260e-03
  1.7701089583174255e+12   1.7701089583174255e+12   9.9859322311441301e-01   1.4067768855861777e-03   1.4067768855861777e-03   1.4067768855861788e-03
  1.7782794100389229e+12   1.7782794100389229e+12   9.9859100611515972e-01   1.4089938848393341e-03   1.4089938848393343e-03   1.4089938848393354e-03
  1.7864875748520461e+12   1.7864875748520461e+12   9.9858877537442481e-01   1.4112246255742922e-03   1.4112246255742922e-03   1.4112246255742935e-03
  1.7947336268325320e+12   1.7947336268325320e+12   9.9858653079075987e-01   1.4134692092393191e-03   1.4134692092393191e-03   1.4134692092393202e-03
  1.8030177408595698e+12   1.8030177408595698e+12   9.9858427226181035e-01   1.4157277381888322e-03   1.4157277381888322e-03   1.4157277381888333e-03
  1.8113400926195989e+12   1.8113400926195989e+12   9.9858199968430617e-01   1.4180003156930297e-03   1.4180003156930297e-03   1.4180003156930307e-03
  1.8197008586099827e+12   1.8197008586099827e+12   9.9857971295405157e-01   1.4202870459476046e-03   1.4202870459476046e-03   1.4202870459476056e-03
  1.8281002161427446e+12   1.8281002161427446e+12   9.9857741196591554e-01   1.4225880340835852e-03   1.4225880340835852e-03   1.4225880340835865e-03
  1.8365383433483438e+12   1.8365383433483438e+12   9.9857509661382182e-01   1.4249033861773073e-03   1.4249033861773073e-03   1.4249033861773086e-03
  1.8450154191794736e+12   1.8450154191794736e+12   9.9857276679073870e-01   1.4272332092604956e-03   1.4272332092604958e-03   1.4272332092604967e-03
  1.8535316234148142e+12   1.8535316234148142e+12   9.9857042238866867e-01   1.4295776113304771e-03   1.4295776113304771e-03   1.4295776113304784e-03
  1.8620871366628657e+12   1.8620871366628657e+12   9.9856806329863868e-01   1.4319367013605269e-03   1.4319367013605265e-03   1.4319367013605280e-03
  1.8706821403658015e+12   1.8706821403658015e+12   9.9856568941068879e-01   1.4343105893103332e-03   1.4343105893103334e-03   1.4343105893103345e-03
  1.8793168168032725e+12   1.8793168168032725e+12   9.9856330061386256e-01   1.4366993861365804e-03   1.4366993861365802e-03   1.4366993861365817e-03
  1.8879913490962927e+12   1.8879913490962927e+12   9.9856089679619553e-01   1.4391032038036768e-03   1.4391032038036768e-03   1.4391032038036779e-03
  1.8967059212111484e+12   1.8967059212111484e+12   9.9855847784470464e-01   1.4415221552946198e-03   1.4415221552946200e-03   1.4415221552946209e-03
  1.9054607179632522e+12   1.9054607179632522e+12   9.9855604364537731e-01   1.4439563546219754e-03   1.4439563546219754e-03   1.4439563546219762e-03
  1.9142559250210859e+12   1.9142559250210859e+12   9.9855359408316036e-01   1.4464059168390112e-03   1.4464059168390110e-03   1.4464059168390120e-03
  1.9230917289101536e+12   1.9230917289101536e+12   9.9855112904194832e-01   1.4488709580509685e-03   1.4488709580509687e-03   1.4488709580509694e-03
  1.9319683170169302e+12   1.9319683170169302e+12   9.9854864840457269e-01   1.4513515954264660e-03   1.4513515954264660e-03   1.4513515954264673e-03
  1.9408858775927793e+12   1.9408858775927793e+12   9.9854615205279029e-01   1.4538479472090337e-03   1.4538479472090337e-03   1.4538479472090346e-03
  1.9498445997580415e+12   1.9498445997580415e+12   9.9854363986727035e-01   1.4563601327288321e-03   1.4563601327288321e-03   1.4563601327288332e-03
  1.9588446735059890e+12   1.9588446735059890e+12   9.9854111172758475e-01   1.4588882724144755e-03   1.4588882724144757e-03   1.4588882724144766e-03
  1.9678862897068469e+12   1.9678862897068469e+12   9.9853856751219416e-01   1.4614324878050185e-03   1.4614324878050185e-03   1.4614324878050196e-03
  1.9769696401118579e+12   1.9769696401118579e+12   9.9853600709843715e-01   1.4639929015620974e-03   1.4639929015620970e-03   1.4639929015620985e-03
  1.9860949173573716e+12   1.9860949173573716e+12   9.9853343036251696e-01   1.4665696374822261e-03   1.4665696374822261e-03   1.4665696374822272e-03
  1.9952623149688828e+12   1.9952623149688828e+12   9.9853083717949009e-01   1.4691628205092304e-03   1.4691628205092302e-03   1.4691628205092315e-03
  2.0044720273651594e+12   2.0044720273651594e+12   9.9852822742325231e-01   1.4717725767468528e-03   1.4717725767468531e-03   1.4717725767468541e-03
  2.0137242498623894e+12   2.0137242498623894e+12   9.9852560096652776e-01   1.4743990334715232e-03   1.4743990334715232e-03   1.4743990334715243e-03
  2.0230191786782759e+12   2.0230191786782759e+12   9.9852295768085397e-01   1.4770423191452645e-03   1.4770423191452645e-03   1.4770423191452656e-03
  2.0323570109362209e+12   2.0323570109362209e+12   9.9852029743657045e-01   1.4797025634287868e-03   1.4797025634287865e-03   1.4797025634287878e-03
  2.0417379446695317e+12   2.0417379446695317e+12   9.9851762010280443e-01   1.4823798971947437e-03   1.4823798971947434e-03   1.4823798971947447e-03
  2.0511621788255710e+12   2.0511621788255710e+12   9.9851492554745802e-01   1.4850744525411394e-03   1.4850744525411396e-03   1.4850744525411407e-03
  2.0606299132700005e+12   2.0606299132700005e+12   9.9851221363719422e-01   1.4877863628049233e-03   1.4877863628049235e-03   1.4877863628049246e-03
  2.0701413487910371e+12   2.0701413487910371e+12   9.9850948423742358e-01   1.4905157625757599e-03   1.4905157625757599e-03   1.4905157625757610e-03
  2.0796966871037024e+12   2.0796966871037024e+12   9.9850673721228933e-01   1.4932627877099647e-03   1.4932627877099649e-03   1.4932627877099658e-03
  2.0892961308540408e+12   2.0892961308540408e+12   9.9850397242465472e-01   1.4960275753446058e-03   1.4960275753446060e-03   1.4960275753446068e-03
  2.0989398836235203e+12   2.0989398836235203e+12   9.9850118973608737e-01   1.4988102639118264e-03   1.4988102639118264e-03   1.4988102639118274e-03
  2.1086281499332886e+12   2.1086281499332886e+12   9.9849838900684595e-01   1.5016109931533109e-03   1.5016109931533109e-03   1.5016109931533120e-03
  2.1183611352485044e+12   2.1183611352485044e+12   9.9849557009586420e-01   1.5044299041349482e-03   1.5044299041349482e-03   1.5044299041349495e-03
  2.1281390459827090e+12   2.1281390459827090e+12   9.9849273286073759e-01   1.5072671392616884e-03   1.5072671392616882e-03   1.5072671392616895e-03
  2.1379620895022324e+12   2.1379620895022324e+12   9.9848987715770654e-01   1.5101228422926001e-03   1.5101228422925998e-03   1.5101228422926014e-03
  2.1478304741305376e+12   2.1478304741305376e+12   9.9848700284164305e-01   1.5129971583560918e-03   1.5129971583560918e-03   1.5129971583560931e-03
  2.1577444091526646e+12   2.1577444091526646e+12   9.9848410976603386e-01   1.5158902339653573e-03   1.5158902339653573e-03   1.5158902339653584e-03
  2.1677041048196963e+12   2.1677041048196963e+12   9.9848119778296518e-01   1.5188022170340189e-03   1.5188022170340191e-03   1.5188022170340200e-03
  2.1777097723531636e+12   2.1777097723531636e+12   9.9847826674310725e-01   1.5217332568919506e-03   1.5217332568919504e-03   1.5217332568919517e-03
  2.1877616239495518e+12   2.1877616239495518e+12   9.9847531649569787e-01   1.5246835043013288e-03   1.5246835043013290e-03   1.5246835043013298e-03
  2.1978598727848276e+12   2.1978598727848276e+12   9.9847234688852626e-01   1.5276531114728940e-03   1.5276531114728935e-03   1.5276531114728953e-03
  2.2080047330189058e+12   2.2080047330189058e+12   9.9846935776791668e-01   1.5306422320823959e-03   1.5306422320823961e-03   1.5306422320823972e-03
  2.2181964198002192e+12   2.2181964198002192e+12   9.9846634897871200e-01   1.5336510212872832e-03   1.5336510212872832e-03   1.5336510212872842e-03
  2.2284351492702983e+12   2.2284351492702983e+12   9.9846332036425556e-01   1.5366796357436006e-03   1.5366796357436006e-03   1.5366796357436019e-03
  2.2387211385683472e+12   2.2387211385683472e+12   9.9846027176637608e-01   1.5397282336231052e-03   1.5397282336231054e-03   1.5397282336231065e-03
  2.2490546058357827e+12   2.2490546058357827e+12   9.9845720302536856e-01   1.5427969746305882e-03   1.5427969746305882e-03   1.5427969746305895e-03
  2.2594357702209736e+12   2.2594357702209736e+12   9.9845411397997774e-01   1.5458860200214725e-03   1.5458860200214725e-03   1.5458860200214739e-03
  2.2698648518838213e+12   2.2698648518838213e+12   9.9845100446737955e-01   1.5489955326195971e-03   1.5489955326195969e-03   1.5489955326195984e-03
  2.2803420720004209e+12   2.2803420720004209e+12   9.9844787432316395e-01   1.5521256768352436e-03   1.5521256768352438e-03   1.5521256768352449e-03
  2.2908676527677700e+12   2.2908676527677700e+12   9.9844472338131574e-01   1.5552766186834118e-03   1.5552766186834118e-03   1.5552766186834131e-03
  2.3014418174085088e+12   2.3014418174085088e+12   9.9844155147419678e-01   1.5584485258023396e-03   1.5584485258023396e-03   1.5584485258023409e-03
  2.3120647901755986e+12   2.3120647901755986e+12   9.9843835843252682e-01   1.5616415674722416e-03   1.5616415674722421e-03   1.5616415674722429e-03
  2.3227367963571050e+12   2.3227367963571050e+12   9.9843514408536493e-01   1.5648559146343223e-03   1.5648559146343223e-03   1.5648559146343236e-03
  2.3334580622810044e+12   2.3334580622810044e+12   9.9843190826008910e-01   1.5680917399100392e-03   1.5680917399100392e-03   1.5680917399100405e-03
  2.3442288153199272e+12   2.3442288153199272e+12   9.9842865078237852e-01   1.5713492176205972e-03   1.5713492176205968e-03   1.5713492176205985e-03
  2.3550492838960088e+12   2.3550492838960088e+12   9.9842537147619248e-01   1.5746285238067287e-03   1.5746285238067287e-03   1.5746285238067300e-03
  2.3659196974857515e+12   2.3659196974857515e+12   9.9842207016375040e-01   1.5779298362487316e-03   1.5779298362487318e-03   1.5779298362487329e-03
  2.3768402866248833e+12   2.3768402866248833e+12   9.9841874666551234e-01   1.5812533344867696e-03   1.5812533344867694e-03   1.5812533344867709e-03
  2.3878112829131782e+12   2.3878112829131782e+12   9.9841540080015767e-01   1.5845991998414220e-03   1.5845991998414220e-03   1.5845991998414233e-03
  2.3988329190194849e+12   2.3988329190194849e+12   9.9841203238456466e-01   1.5879676154345677e-03   1.5879676154345677e-03   1.5879676154345690e-03
  2.4099054286865933e+12   2.4099054286865933e+12   9.9840864123378870e-01   1.5913587662104913e-03   1.5913587662104913e-03   1.5913587662104926e-03
  2.4210290467361802e+12   2.4210290467361802e+12   9.9840522716104185e-01   1.5947728389572883e-03   1.5947728389572883e-03   1.5947728389572899e-03
  2.4322040090738110e+12   2.4322040090738110e+12   9.9840178997767060e-01   1.5982100223285724e-03   1.5982100223285724e-03   1.5982100223285738e-03
  2.4434305526939712e+12   2.4434305526939712e+12   9.9839832949313367e-01   1.6016705068654720e-03   1.6016705068654720e-03   1.6016705068654736e-03
  2.4547089156850337e+12   2.4547089156850337e+12   9.9839484551498026e-01   1.6051544850189004e-03   1.6051544850189006e-03   1.6051544850189019e-03
  2.4660393372343359e+12   2.4660393372343359e+12   9.9839133784882705e-01   1.6086621511721508e-03   1.6086621511721506e-03   1.6086621511721521e-03
  2.4774220576332861e+12   2.4774220576332861e+12   9.9838780629833535e-01   1.6121937016637998e-03   1.6121937016637998e-03   1.6121937016638013e-03
  2.4888573182823955e+12   2.4888573182823955e+12   9.9838425066518810e-01   1.6157493348108935e-03   1.6157493348108935e-03   1.6157493348108950e-03
  2.5003453616964297e+12   2.5003453616964297e+12   9.9838067074906667e-01   1.6193292509324728e-03   1.6193292509324728e-03   1.6193292509324743e-03
  2.5118864315095820e+12   2.5118864315095820e+12   9.9837706634762569e-01   1.6229336523734209e-03   1.6229336523734209e-03   1.6229336523734224e-03
  2.5234807724805806e+12   2.5234807724805806e+12   9.9837343725647054e-01   1.6265627435286065e-03   1.6265627435286068e-03   1.6265627435286081e-03
  2.5351286304979072e+12   2.5351286304979072e+12   9.9836978326913184e-01   1.6302167308673854e-03   1.6302167308673856e-03   1.6302167308673867e-03
  2.5468302525850342e+12   2.5468302525850342e+12   9.9836610417704086e-01   1.6338958229584317e-03   1.6338958229584319e-03   1.6338958229584327e-03
  2.5585858869056528e+12   2.5585858869056528e+12   9.9836239976950414e-01   1.6376002304949019e-03   1.6376002304949019e-03   1.6376002304949037e-03
  2.5703957827688647e+12   2.5703957827688647e+12   9.9835866983367927e-01   1.6413301663199212e-03   1.6413301663199215e-03   1.6413301663199226e-03
  2.5822601906345903e+12   2.5822601906345903e+12   9.9835491415454669e-01   1.6450858454524827e-03   1.6450858454524825e-03   1.6450858454524840e-03
  2.5941793621188125e+12   2.5941793621188125e+12   9.9835113251488550e-01   1.6488674851136416e-03   1.6488674851136416e-03   1.6488674851136431e-03
  2.6061535499988975e+12   2.6061535499988975e+12   9.9834732469524612e-01   1.6526753047530864e-03   1.6526753047530866e-03   1.6526753047530877e-03
  2.6181830082189810e+12   2.6181830082189810e+12   9.9834349047392312e-01   1.6565095260760903e-03   1.6565095260760903e-03   1.6565095260760916e-03
  2.6302679918953813e+12   2.6302679918953813e+12   9.9833962962692824e-01   1.6603703730708331e-03   1.6603703730708331e-03   1.6603703730708346e-03
  2.6424087573219502e+12   2.6424087573219502e+12   9.9833574192796304e-01   1.6642580720360775e-03   1.6642580720360775e-03   1.6642580720360790e-03
  2.6546055619755361e+12   2.6546055619755361e+12   9.9833182714838997e-01   1.6681728516092520e-03   1.6681728516092520e-03   1.6681728516092533e-03
  2.6668586645214805e+12   2.6668586645214805e+12   9.9832788505720427e-01   1.6721149427949293e-03   1.6721149427949291e-03   1.6721149427949306e-03
  2.6791683248190371e+12   2.6791683248190371e+12   9.9832391542100540e-01   1.6760845789936651e-03   1.6760845789936651e-03   1.6760845789936666e-03
  2.6915348039269141e+12   2.6915348039269141e+12   9.9831991800396802e-01   1.6800819960312724e-03   1.6800819960312724e-03   1.6800819960312735e-03
  2.7039583641088462e+12   2.7039583641088462e+12   9.9831589256781073e-01   1.6841074321885042e-03   1.6841074321885044e-03   1.6841074321885055e-03
  2.7164392688390894e+12   2.7164392688390894e+12   9.9831183887176800e-01   1.6881611282311168e-03   1.6881611282311168e-03   1.6881611282311183e-03
  2.7289777828080405e+12   2.7289777828080405e+12   9.9830775667255878e-01   1.6922433274403849e-03   1.6922433274403847e-03   1.6922433274403864e-03
  2.7415741719278750e+12   2.7415741719278750e+12   9.9830364572435526e-01   1.6963542756440431e-03   1.6963542756440429e-03   1.6963542756440442e-03
  2.7542287033381743e+12   2.7542287033381743e+12   9.9829950577875159e-01   1.7004942212476505e-03   1.7004942212476503e-03   1.7004942212476518e-03
  2.7669416454115127e+12   2.7669416454115127e+12   9.9829533658473280e-01   1.7046634152663718e-03   1.7046634152663716e-03   1.7046634152663733e-03
  2.7797132677592827e+12   2.7797132677592827e+12   9.9829113788864177e-01   1.7088621113572787e-03   1.7088621113572784e-03   1.7088621113572804e-03
  2.7925438412373364e+12   2.7925438412373364e+12   9.9828690943414722e-01   1.7130905658520336e-03   1.7130905658520341e-03   1.7130905658520349e-03
  2.8054336379517163e+12   2.8054336379517163e+12   9.9828265096220914e-01   1.7173490377900608e-03   1.7173490377900605e-03   1.7173490377900621e-03
  2.8183829312644492e+12   2.8183829312644492e+12   9.9827836221104693e-01   1.7216377889521920e-03   1.7216377889521918e-03   1.7216377889521935e-03
  2.8313919957993789e+12   2.8313919957993789e+12   9.9827404291610444e-01   1.7259570838948010e-03   1.7259570838948010e-03   1.7259570838948023e-03
  2.8444611074479199e+12   2.8444611074479199e+12   9.9826969281001487e-01   1.7303071899843784e-03   1.7303071899843784e-03   1.7303071899843797e-03
  2.8575905433749438e+12   2.8575905433749438e+12   9.9826531162256649e-01   1.7346883774326425e-03   1.7346883774326427e-03   1.7346883774326440e-03
  2.8707805820246919e+12   2.8707805820246919e+12   9.9826089908066706e-01   1.7391009193321416e-03   1.7391009193321416e-03   1.7391009193321429e-03
  2.8840315031266118e+12   2.8840315031266118e+12   9.9825645490830672e-01   1.7435450916923336e-03   1.7435450916923336e-03   1.7435450916923351e-03
  2.8973435877013213e+12   2.8973435877013213e+12   9.9825197882652295e-01   1.7480211734762143e-03   1.7480211734762143e-03   1.7480211734762158e-03
  2.9107171180666079e+12   2.9107171180666079e+12   9.9824747055336172e-01   1.7525294466374729e-03   1.7525294466374729e-03   1.7525294466374742e-03
  2.9241523778433428e+12   2.9241523778433428e+12   9.9824292980384111e-01   1.7570701961581406e-03   1.7570701961581406e-03   1.7570701961581419e-03
  2.9376496519615308e+12   2.9376496519615308e+12   9.9823835628991242e-01   1.7616437100868164e-03   1.7616437100868164e-03   1.7616437100868177e-03
  2.9512092266663779e+12   2.9512092266663779e+12   9.9823374972042167e-01   1.7662502795774370e-03   1.7662502795774367e-03   1.7662502795774385e-03
  2.9648313895243516e+12   2.9648313895243516e+12   9.9822910980107060e-01   1.7708901989285969e-03   1.7708901989285969e-03   1.7708901989285982e-03
  2.9785164294291909e+12   2.9785164294291909e+12   9.9822443623437562e-01   1.7755637656234071e-03   1.7755637656234071e-03   1.7755637656234088e-03
  2.9922646366081831e+12   2.9922646366081831e+12   9.9821972871962916e-01   1.7802712803700108e-03   1.7802712803700110e-03   1.7802712803700121e-03
  3.0060763026282290e+12   3.0060763026282290e+12   9.9821498695285660e-01   1.7850130471426045e-03   1.7850130471426047e-03   1.7850130471426058e-03
  3.0199517204020190e+12   3.0199517204020190e+12   9.9821021062677617e-01   1.7897893732230813e-03   1.7897893732230811e-03   1.7897893732230826e-03
  3.0338911841942656e+12   3.0338911841942656e+12   9.9820539943075581e-01   1.7946005692432866e-03   1.7946005692432861e-03   1.7946005692432881e-03
  3.0478949896279829e+12   3.0478949896279829e+12   9.9820055305077127e-01   1.7994469492278987e-03   1.7994469492278987e-03   1.7994469492279002e-03
  3.0619634336906816e+12   3.0619634336906816e+12   9.9819567116936125e-01   1.8043288306378916e-03   1.8043288306378916e-03   1.8043288306378931e-03
  3.0760968147407051e+12   3.0760968147407051e+12   9.9819075346558450e-01   1.8092465344146712e-03   1.8092465344146712e-03   1.8092465344146725e-03
  3.0902954325135918e+12   3.0902954325135918e+12   9.9818579961497444e-01   1.8142003850248572e-03   1.8142003850248570e-03   1.8142003850248585e-03
  3.1045595881283618e+12   3.1045595881283618e+12   9.9818080928949349e-01   1.8191907105056810e-03   1.8191907105056810e-03   1.8191907105056825e-03
  3.1188895840939355e+12   3.1188895840939355e+12   9.9817578215748815e-01   1.8242178425110899e-03   1.8242178425110899e-03   1.8242178425110914e-03
  3.1332857243155889e+12   3.1332857243155889e+12   9.9817071788364065e-01   1.8292821163585242e-03   1.8292821163585239e-03   1.8292821163585257e-03
  3.1477483141013237e+12   3.1477483141013237e+12   9.9816561612892274e-01   1.8343838710763493e-03   1.8343838710763495e-03   1.8343838710763510e-03
  3.1622776601683794e+12   3.1622776601683794e+12   9.9816047655054718e-01   1.8395234494520219e-03   1.8395234494520216e-03   1.8395234494520234e-03
  3.1768740706497627e+12   3.1768740706497627e+12   9.9815529880191822e-01   1.8447011980809627e-03   1.8447011980809629e-03   1.8447011980809642e-03
  3.1915378551007715e+12   3.1915378551007715e+12   9.9815008253258308e-01   1.8499174674161411e-03   1.8499174674161413e-03   1.8499174674161427e-03
  3.2062693245054673e+12   3.2062693245054673e+12   9.9814482738818078e-01   1.8551726118183661e-03   1.8551726118183664e-03   1.8551726118183679e-03
  3.2210687912834282e+12   3.2210687912834282e+12   9.9813953301039171e-01   1.8604669896074143e-03   1.8604669896074141e-03   1.8604669896074161e-03
  3.2359365692962812e+12   3.2359365692962812e+12   9.9813419903688527e-01   1.8658009631138126e-03   1.8658009631138128e-03   1.8658009631138143e-03
  3.2508729738543472e+12   3.2508729738543472e+12   9.9812882510126766e-01   1.8711748987314397e-03   1.8711748987314393e-03   1.8711748987314415e-03
  3.2658783217233530e+12   3.2658783217233530e+12   9.9812341083302814e-01   1.8765891669709140e-03   1.8765891669709140e-03   1.8765891669709159e-03
  3.2809529311311904e+12   3.2809529311311904e+12   9.9811795585748531e-01   1.8820441425137927e-03   1.8820441425137927e-03   1.8820441425137944e-03
  3.2960971217745830e+12   3.2960971217745830e+12   9.9811245979573160e-01   1.8875402042675287e-03   1.8875402042675289e-03   1.8875402042675305e-03
  3.3113112148259077e+12   3.3113112148259077e+12   9.9810692226457787e-01   1.8930777354213017e-03   1.8930777354213015e-03   1.8930777354213032e-03
  3.3265955329400469e+12   3.3265955329400469e+12   9.9810134287649654e-01   1.8986571235026838e-03   1.8986571235026835e-03   1.8986571235026853e-03
  3.3419504002611494e+12   3.3419504002611494e+12   9.9809572123956403e-01   1.9042787604351141e-03   1.9042787604351137e-03   1.9042787604351158e-03
  3.3573761424295449e+12   3.3573761424295449e+12   9.9809005695740294e-01   1.9099430425962812e-03   1.9099430425962812e-03   1.9099430425962827e-03
  3.3728730865886924e+12   3.3728730865886924e+12   9.9808434962912174e-01   1.9156503708773905e-03   1.9156503708773905e-03   1.9156503708773922e-03
  3.3884415613920342e+12   3.3884415613920342e+12   9.9807859884925576e-01   1.9214011507432752e-03   1.9214011507432754e-03   1.9214011507432771e-03
  3.4040818970100093e+12   3.4040818970100093e+12   9.9807280420770572e-01   1.9271957922934709e-03   1.9271957922934711e-03   1.9271957922934724e-03
  3.4197944251370801e+12   3.4197944251370801e+12   9.9806696528967487e-01   1.9330347103242026e-03   1.9330347103242024e-03   1.9330347103242043e-03
  3.4355794789987568e+12   3.4355794789987568e+12   9.9806108167560792e-01   1.9389183243913031e-03   1.9389183243913037e-03   1.9389183243913046e-03
  3.4514373933585645e+12   3.4514373933585645e+12   9.9805515294112512e-01   1.9448470588740582e-03   1.9448470588740582e-03   1.9448470588740597e-03
  3.4673685045253096e+12   3.4673685045253096e+12   9.9804917865695908e-01   1.9508213430401151e-03   1.9508213430401151e-03   1.9508213430401166e-03
  3.4833731503601162e+12   3.4833731503601162e+12   9.9804315838888791e-01   1.9568416111112943e-03   1.9568416111112943e-03   1.9568416111112961e-03
  3.4994516702835767e+12   3.4994516702835767e+12   9.9803709169766874e-01   1.9629083023304269e-03   1.9629083023304274e-03   1.9629083023304287e-03
  3.5156044052829761e+12   3.5156044052829761e+12   9.9803097813896990e-01   1.9690218610292375e-03   1.9690218610292380e-03   1.9690218610292393e-03
  3.5318316979195698e+12   3.5318316979195698e+12   9.9802481726330206e-01   1.9751827366972820e-03   1.9751827366972824e-03   1.9751827366972833e-03
  3.5481338923357603e+12   3.5481338923357603e+12   9.9801860861594727e-01   1.9813913840518787e-03   1.9813913840518783e-03   1.9813913840518805e-03
  3.5645113342624390e+12   3.5645113342624390e+12   9.9801235173688985e-01   1.9876482631091793e-03   1.9876482631091793e-03   1.9876482631091814e-03
  3.5809643710263623e+12   3.5809643710263623e+12   9.9800604616074295e-01   1.9939538392563269e-03   1.9939538392563269e-03   1.9939538392563282e-03
  3.5974933515574307e+12   3.5974933515574307e+12   9.9799969141667444e-01   2.0003085833246838e-03   2.0003085833246847e-03   2.0003085833246856e-03
  3.6140986263961313e+12   3.6140986263961313e+12   9.9799328702833501e-01   2.0067129716642377e-03   2.0067129716642377e-03   2.0067129716642394e-03
  3.6307805477010176e+12   3.6307805477010176e+12   9.9798683251378006e-01   2.0131674862191654e-03   2.0131674862191654e-03   2.0131674862191671e-03
  3.6475394692560879e+12   3.6475394692560879e+12   9.9798032738539477e-01   2.0196726146045150e-03   2.0196726146045154e-03   2.0196726146045163e-03
  3.6643757464783330e+12   3.6643757464783330e+12   9.9797377114981478e-01   2.0262288501841355e-03   2.0262288501841355e-03   2.0262288501841376e-03
  3.6812897364253057e+12   3.6812897364253057e+12   9.9796716330784940e-01   2.0328366921498098e-03   2.0328366921498098e-03   2.0328366921498115e-03
  3.6982817978026738e+12   3.6982817978026738e+12   9.9796050335439757e-01   2.0394966456016095e-03   2.0394966456016095e-03   2.0394966456016113e-03
  3.7153522909717280e+12   3.7153522909717280e+12   9.9795379077836988e-01   2.0462092216294667e-03   2.0462092216294672e-03   2.0462092216294680e-03
  3.7325015779571987e+12   3.7325015779571987e+12   9.9794702506260302e-01   2.0529749373961385e-03   2.0529749373961385e-03   2.0529749373961403e-03
  3.7497300224548340e+12   3.7497300224548340e+12   9.9794020568377784e-01   2.0597943162213544e-03   2.0597943162213544e-03   2.0597943162213562e-03
  3.7670379898390933e+12   3.7670379898390933e+12   9.9793333211233193e-01   2.0666678876673284e-03   2.0666678876673284e-03   2.0666678876673302e-03
  3.7844258471709277e+12   3.7844258471709277e+12   9.9792640381237352e-01   2.0735961876256260e-03   2.0735961876256260e-03   2.0735961876256277e-03
  3.8018939632056128e+12   3.8018939632056128e+12   9.9791942024159375e-01   2.0805797584054066e-03   2.0805797584054061e-03   2.0805797584054083e-03
  3.8194427084004722e+12   3.8194427084004722e+12   9.9791238085117606e-01   2.0876191488230240e-03   2.0876191488230240e-03   2.0876191488230257e-03
  3.8370724549227842e+12   3.8370724549227842e+12   9.9790528508570620e-01   2.0947149142930793e-03   2.0947149142930793e-03   2.0947149142930810e-03
  3.8547835766577207e+12   3.8547835766577207e+12   9.9789813238307823e-01   2.1018676169209240e-03   2.1018676169209235e-03   2.1018676169209257e-03
  3.8725764492161807e+12   3.8725764492161807e+12   9.9789092217440267e-01   2.1090778255965625e-03   2.1090778255965625e-03   2.1090778255965642e-03
  3.8904514499428047e+12   3.8904514499428047e+12   9.9788365388390909e-01   2.1163461160901295e-03   2.1163461160901295e-03   2.1163461160901313e-03
  3.9084089579240249e+12   3.9084089579240249e+12   9.9787632692885042e-01   2.1236730711488606e-03   2.1236730711488598e-03   2.1236730711488619e-03
  3.9264493539960093e+12   3.9264493539960093e+12   9.9786894071940357e-01   2.1310592805955713e-03   2.1310592805955709e-03   2.1310592805955731e-03
  3.9445730207527847e+12   3.9445730207527847e+12   9.9786149465857055e-01   2.1385053414287591e-03   2.1385053414287591e-03   2.1385053414287604e-03
  3.9627803425543853e+12   3.9627803425543853e+12   9.9785398814207493e-01   2.1460118579243064e-03   2.1460118579243069e-03   2.1460118579243082e-03
  3.9810717055349854e+12   3.9810717055349854e+12   9.9784642055826045e-01   2.1535794417387893e-03   2.1535794417387893e-03   2.1535794417387910e-03
  3.9994474976109775e+12   3.9994474976109775e+12   9.9783879128798469e-01   2.1612087120144096e-03   2.1612087120144096e-03   2.1612087120144114e-03
  4.0179081084893921e+12   4.0179081084893921e+12   9.9783109970451356e-01   2.1689002954857432e-03   2.1689002954857436e-03   2.1689002954857445e-03
  4.0364539296760483e+12   4.0364539296760483e+12   9.9782334517341109e-01   2.1766548265880772e-03   2.1766548265880776e-03   2.1766548265880789e-03
  4.0550853544838433e+12   4.0550853544838433e+12   9.9781552705243171e-01   2.1844729475675442e-03   2.1844729475675442e-03   2.1844729475675459e-03
  4.0738027780411221e+12   4.0738027780411221e+12   9.9780764469140615e-01   2.1923553085930448e-03   2.1923553085930443e-03   2.1923553085930465e-03
  4.0926065973001094e+12   4.0926065973001094e+12   9.9779969743212915e-01   2.2003025678700009e-03   2.2003025678700018e-03   2.2003025678700031e-03
  4.1114972110452295e+12   4.1114972110452295e+12   9.9779168460824330e-01   2.2083153917559048e-03   2.2083153917559053e-03   2.2083153917559066e-03
  4.1304750199016104e+12   4.1304750199016104e+12   9.9778360554512147e-01   2.2163944548777856e-03   2.2163944548777856e-03   2.2163944548777873e-03
  4.1495404263436328e+12   4.1495404263436328e+12   9.9777545955974756e-01   2.2245404402516048e-03   2.2245404402516039e-03   2.2245404402516070e-03
  4.1686938347033638e+12   4.1686938347033638e+12   9.9776724596059563e-01   2.2327540394035282e-03   2.2327540394035277e-03   2.2327540394035303e-03
  4.1879356511791826e+12   4.1879356511791826e+12   9.9775896404750597e-01   2.2410359524932537e-03   2.2410359524932537e-03   2.2410359524932554e-03
  4.2072662838444292e+12   4.2072662838444292e+12   9.9775061311155988e-01   2.2493868884393363e-03   2.2493868884393363e-03   2.2493868884393381e-03
  4.2266861426560415e+12   4.2266861426560415e+12   9.9774219243495266e-01   2.2578075650465652e-03   2.2578075650465648e-03   2.2578075650465670e-03
  4.2461956394631299e+12   4.2461956394631299e+12   9.9773370129086381e-01   2.2662987091353727e-03   2.2662987091353732e-03   2.2662987091353745e-03
  4.2657951880159170e+12   4.2657951880159170e+12   9.9772513894332582e-01   2.2748610566735265e-03   2.2748610566735265e-03   2.2748610566735278e-03
  4.2854852039743921e+12   4.2854852039743921e+12   9.9771650464708928e-01   2.2834953529098432e-03   2.2834953529098432e-03   2.2834953529098454e-03
  4.3052661049171099e+12   4.3052661049171099e+12   9.9770779764748907e-01   2.2922023525101605e-03   2.2922023525101605e-03   2.2922023525101622e-03
  4.3251383103500796e+12   4.3251383103500796e+12   9.9769901718030363e-01   2.3009828196955784e-03   2.3009828196955784e-03   2.3009828196955801e-03
  4.3451022417157144e+12   4.3451022417157144e+12   9.9769016247161602e-01   2.3098375283830039e-03   2.3098375283830039e-03   2.3098375283830061e-03
  4.3651583224016655e+12   4.3651583224016655e+12   9.9768123273767106e-01   2.3187672623279491e-03   2.3187672623279487e-03   2.3187672623279513e-03
  4.3853069777498516e+12   4.3853069777498516e+12   9.9767222718472925e-01   2.3277728152697884e-03   2.3277728152697884e-03   2.3277728152697906e-03
  4.4055486350655342e+12   4.4055486350655342e+12   9.9766314500891973e-01   2.3368549910794305e-03   2.3368549910794310e-03   2.3368549910794327e-03
  4.4258837236262734e+12   4.4258837236262734e+12   9.9765398539608985e-01   2.3460146039093834e-03   2.3460146039093839e-03   2.3460146039093852e-03
  4.4463126746910840e+12   4.4463126746910840e+12   9.9764474752165266e-01   2.3552524783463967e-03   2.3552524783463972e-03   2.3552524783463989e-03
  4.4668359215096348e+12   4.4668359215096348e+12   9.9763543055043236e-01   2.3645694495666668e-03   2.3645694495666664e-03   2.3645694495666690e-03
  4.4874538993313320e+12   4.4874538993313320e+12   9.9762603363650559e-01   2.3739663634935711e-03   2.3739663634935707e-03   2.3739663634935733e-03
  4.5081670454146006e+12   4.5081670454146006e+12   9.9761655592304110e-01   2.3834440769581254e-03   2.3834440769581250e-03   2.3834440769581271e-03
  4.5289757990361953e+12   4.5289757990361953e+12   9.9760699654213703e-01   2.3930034578621348e-03   2.3930034578621344e-03   2.3930034578621370e-03
  4.5498806015004990e+12   4.5498806015004990e+12   9.9759735461465515e-01   2.4026453853440784e-03   2.4026453853440784e-03   2.4026453853440801e-03
  4.5708818961487520e+12   4.5708818961487520e+12   9.9758762925005129e-01   2.4123707499477359e-03   2.4123707499477359e-03   2.4123707499477385e-03
  4.5919801283686758e+12   4.5919801283686758e+12   9.9757781954620539e-01   2.4221804537938370e-03   2.4221804537938370e-03   2.4221804537938388e-03
  4.6131757456037910e+12   4.6131757456037910e+12   9.9756792458924470e-01   2.4320754107544614e-03   2.4320754107544614e-03   2.4320754107544636e-03
  4.6344691973628838e+12   4.6344691973628838e+12   9.9755794345336879e-01   2.4420565466304407e-03   2.4420565466304403e-03   2.4420565466304425e-03
  4.6558609352295820e+12   4.6558609352295820e+12   9.9754787520066757e-01   2.4521247993318208e-03   2.4521247993318212e-03   2.4521247993318225e-03
  4.6773514128719814e+12   4.6773514128719814e+12   9.9753771888093778e-01   2.4622811190613937e-03   2.4622811190613942e-03   2.4622811190613955e-03
  4.6989410860521611e+12   4.6989410860521611e+12   9.9752747353149773e-01   2.4725264685013068e-03   2.4725264685013064e-03   2.4725264685013094e-03
  4.7206304126358994e+12   4.7206304126358994e+12   9.9751713817699628e-01   2.4828618230029200e-03   2.4828618230029200e-03   2.4828618230029217e-03
  4.7424198526024482e+12   4.7424198526024482e+12   9.9750671182921935e-01   2.4932881707799347e-03   2.4932881707799351e-03   2.4932881707799364e-03
  4.7643098680541660e+12   4.7643098680541660e+12   9.9749619348689444e-01   2.5038065131047431e-03   2.5038065131047431e-03   2.5038065131047448e-03
  4.7863009232263799e+12   4.7863009232263799e+12   9.9748558213549088e-01   2.5144178645082481e-03   2.5144178645082477e-03   2.5144178645082503e-03
  4.8083934844972900e+12   4.8083934844972900e+12   9.9747487674701618e-01   2.5251232529831229e-03   2.5251232529831229e-03   2.5251232529831247e-03
  4.8305880203977383e+12   4.8305880203977383e+12   9.9746407627980871e-01   2.5359237201904887e-03   2.5359237201904891e-03   2.5359237201904908e-03
  4.8528850016212100e+12   4.8528850016212100e+12   9.9745317967832892e-01   2.5468203216702607e-03   2.5468203216702607e-03   2.5468203216702629e-03
  4.8752849010338506e+12   4.8752849010338506e+12   9.9744218587294409e-01   2.5578141270551219e-03   2.5578141270551219e-03   2.5578141270551241e-03
  4.8977881936844766e+12   4.8977881936844766e+12   9.9743109377971106e-01   2.5689062202881793e-03   2.5689062202881793e-03   2.5689062202881815e-03
  4.9203953568145107e+12   4.9203953568145107e+12   9.9741990230015487e-01   2.5800976998443569e-03   2.5800976998443569e-03   2.5800976998443591e-03
  4.9431068698683438e+12   4.9431068698683438e+12   9.9740861032104344e-01   2.5913896789558056e-03   2.5913896789558056e-03   2.5913896789558077e-03
  4.9659232145033574e+12   4.9659232145033574e+12   9.9739721671415815e-01   2.6027832858410869e-03   2.6027832858410878e-03   2.6027832858410891e-03
  4.9888448746001270e+12   4.9888448746001270e+12   9.9738572033606077e-01   2.6142796639384114e-03   2.6142796639384114e-03   2.6142796639384135e-03
  5.0118723362727148e+12   5.0118723362727148e+12   9.9737412002785619e-01   2.6258799721429796e-03   2.6258799721429796e-03   2.6258799721429818e-03
  5.0350060878790479e+12   5.0350060878790479e+12   9.9736241461495068e-01   2.6375853850485118e-03   2.6375853850485122e-03   2.6375853850485139e-03
  5.0582466200311475e+12   5.0582466200311475e+12   9.9735060290680633e-01   2.6493970931929173e-03   2.6493970931929173e-03   2.6493970931929195e-03
  5.0815944256055996e+12   5.0815944256055996e+12   9.9733868369669088e-01   2.6613163033083866e-03   2.6613163033083866e-03   2.6613163033083888e-03
  5.1050499997540645e+12   5.1050499997540645e+12   9.9732665576142321e-01   2.6733442385758919e-03   2.6733442385758915e-03   2.6733442385758941e-03
  5.1286138399136582e+12   5.1286138399136582e+12   9.9731451786111491e-01   2.6854821388840920e-03   2.6854821388840925e-03   2.6854821388840946e-03
  5.1522864458175615e+12   5.1522864458175615e+12   9.9730226873890637e-01   2.6977312610929065e-03   2.6977312610929065e-03   2.6977312610929082e-03
  5.1760683195056816e+12   5.1760683195056816e+12   9.9728990712069743e-01   2.7100928793017710e-03   2.7100928793017706e-03   2.7100928793017732e-03
  5.1999599653351729e+12   5.1999599653351729e+12   9.9727743171487671e-01   2.7225682851225535e-03   2.7225682851225535e-03   2.7225682851225556e-03
  5.2239618899911973e+12   5.2239618899911973e+12   9.9726484121204184e-01   2.7351587879574247e-03   2.7351587879574243e-03   2.7351587879574269e-03
  5.2480746024977119e+12   5.2480746024977119e+12   9.9725213428471760e-01   2.7478657152816641e-03   2.7478657152816646e-03   2.7478657152816663e-03
  5.2722986142282432e+12   5.2722986142282432e+12   9.9723930958706763e-01   2.7606904129315077e-03   2.7606904129315077e-03   2.7606904129315103e-03
  5.2966344389165811e+12   5.2966344389165811e+12   9.9722636575460222e-01   2.7736342453970456e-03   2.7736342453970452e-03   2.7736342453970478e-03
  5.3210825926679316e+12   5.3210825926679316e+12   9.9721330140387876e-01   2.7866985961206014e-03   2.7866985961206014e-03   2.7866985961206032e-03
  5.3456435939697139e+12   5.3456435939697139e+12   9.9720011513219886e-01   2.7998848678002439e-03   2.7998848678002439e-03   2.7998848678002465e-03
  5.3703179637025322e+12   5.3703179637025322e+12   9.9718680551730032e-01   2.8131944826988290e-03   2.8131944826988286e-03   2.8131944826988316e-03
  5.3951062251512676e+12   5.3951062251512676e+12   9.9717337111704063e-01   2.8266288829586405e-03   2.8266288829586410e-03   2.8266288829586427e-03
  5.4200089040162383e+12   5.4200089040162383e+12   9.9715981046907753e-01   2.8401895309217258e-03   2.8401895309217258e-03   2.8401895309217279e-03
  5.4450265284242197e+12   5.4450265284242197e+12   9.9714612209054321e-01   2.8538779094559115e-03   2.8538779094559115e-03   2.8538779094559141e-03
  5.4701596289397100e+12   5.4701596289397100e+12   9.9713230447771239e-01   2.8676955222868383e-03   2.8676955222868383e-03   2.8676955222868405e-03
  5.4954087385762480e+12   5.4954087385762480e+12   9.9711835610566313e-01   2.8816438943360173e-03   2.8816438943360173e-03   2.8816438943360199e-03
  5.5207743928075850e+12   5.5207743928075850e+12   9.9710427542793445e-01   2.8957245720649008e-03   2.8957245720649012e-03   2.8957245720649025e-03
  5.5462571295791045e+12   5.5462571295791045e+12   9.9709006087617391e-01   2.9099391238253717e-03   2.9099391238253712e-03   2.9099391238253734e-03
  5.5718574893193037e+12   5.5718574893193037e+12   9.9707571085978264e-01   2.9242891402166062e-03   2.9242891402166062e-03   2.9242891402166083e-03
  5.5975760149511162e+12   5.5975760149511162e+12   9.9706122376555073e-01   2.9387762344483407e-03   2.9387762344483411e-03   2.9387762344483433e-03
  5.6234132519034912e+12   5.6234132519034912e+12   9.9704659795728812e-01   2.9534020427109016e-03   2.9534020427109012e-03   2.9534020427109046e-03
  5.6493697481230107e+12   5.6493697481230107e+12   9.9703183177544707e-01   2.9681682245520226e-03   2.9681682245520226e-03   2.9681682245520252e-03
  5.6754460540854883e+12   5.6754460540854883e+12   9.9701692353673865e-01   2.9830764632605353e-03   2.9830764632605353e-03   2.9830764632605374e-03
  5.7016427228074775e+12   5.7016427228074775e+12   9.9700187153374198e-01   2.9981284662570504e-03   2.9981284662570504e-03   2.9981284662570534e-03
  5.7279603098582803e+12   5.7279603098582803e+12   9.9698667403450703e-01   3.0133259654920915e-03   3.0133259654920911e-03   3.0133259654920941e-03
  5.7543993733715664e+12   5.7543993733715664e+12   9.9697132928214782e-01   3.0286707178513311e-03   3.0286707178513311e-03   3.0286707178513337e-03
  5.7809604740571865e+12   5.7809604740571865e+12   9.9695583549443079e-01   3.0441645055684090e-03   3.0441645055684090e-03   3.0441645055684112e-03
  5.8076441752131123e+12   5.8076441752131123e+12   9.9694019086335361e-01   3.0598091366454438e-03   3.0598091366454438e-03   3.0598091366454464e-03
  5.8344510427374473e+12   5.8344510427374473e+12   9.9692439355471774e-01   3.0756064452813676e-03   3.0756064452813676e-03   3.0756064452813702e-03
  5.8613816451402969e+12   5.8613816451402969e+12   9.9690844170769100e-01   3.0915582923081034e-03   3.0915582923081030e-03   3.0915582923081060e-03
  5.8884365535558838e+12   5.8884365535558838e+12   9.9689233343436412e-01   3.1076665656349653e-03   3.1076665656349653e-03   3.1076665656349679e-03
  5.9156163417547432e+12   5.9156163417547432e+12   9.9687606681929763e-01   3.1239331807014640e-03   3.1239331807014640e-03   3.1239331807014666e-03
  5.9429215861557393e+12   5.9429215861557393e+12   9.9685963991906079e-01   3.1403600809383546e-03   3.1403600809383546e-03   3.1403600809383572e-03
  5.9703528658383662e+12   5.9703528658383662e+12   9.9684305076176183e-01   3.1569492382374875e-03   3.1569492382374875e-03   3.1569492382374897e-03
  5.9979107625551006e+12   5.9979107625551006e+12   9.9682629734656869e-01   3.1737026534304825e-03   3.1737026534304829e-03   3.1737026534304851e-03
  6.0255958607435928e+12   6.0255958607435928e+12   9.9680937764322286e-01   3.1906223567762628e-03   3.1906223567762628e-03   3.1906223567762658e-03
  6.0534087475391357e+12   6.0534087475391357e+12   9.9679228959154131e-01   3.2077104084579241e-03   3.2077104084579241e-03   3.2077104084579267e-03
  6.0813500127871641e+12   6.0813500127871641e+12   9.9677503110091015e-01   3.2249688990889573e-03   3.2249688990889573e-03   3.2249688990889603e-03
  6.1094202490557393e+12   6.1094202490557393e+12   9.9675760004977010e-01   3.2423999502290022e-03   3.2423999502290027e-03   3.2423999502290053e-03
  6.1376200516479453e+12   6.1376200516479453e+12   9.9673999428508997e-01   3.2600057149092844e-03   3.2600057149092844e-03   3.2600057149092870e-03
  6.1659500186148096e+12   6.1659500186148096e+12   9.9672221162183072e-01   3.2777883781683090e-03   3.2777883781683085e-03   3.2777883781683124e-03
  6.1944107507678115e+12   6.1944107507678115e+12   9.9670424984240169e-01   3.2957501575974499e-03   3.2957501575974499e-03   3.2957501575974530e-03
  6.2230028516916016e+12   6.2230028516916016e+12   9.9668610669610214e-01   3.3138933038970248e-03   3.3138933038970243e-03   3.3138933038970278e-03
  6.2517269277568486e+12   6.2517269277568486e+12   9.9666777989855615e-01   3.3322201014430201e-03   3.3322201014430197e-03   3.3322201014430227e-03
  6.2805835881331797e+12   6.2805835881331797e+12   9.9664926713113444e-01   3.3507328688646863e-03   3.3507328688646863e-03   3.3507328688646893e-03
  6.3095734448019424e+12   6.3095734448019424e+12   9.9663056604036615e-01   3.3694339596330191e-03   3.3694339596330191e-03   3.3694339596330217e-03
  6.3386971125692637e+12   6.3386971125692637e+12   9.9661167423733854e-01   3.3883257626607039e-03   3.3883257626607039e-03   3.3883257626607065e-03
  6.3679552090791621e+12   6.3679552090791621e+12   9.9659258929708572e-01   3.4074107029135711e-03   3.4074107029135716e-03   3.4074107029135733e-03
  6.3973483548264951e+12   6.3973483548264951e+12   9.9657330875796535e-01   3.4266912420336882e-03   3.4266912420336877e-03   3.4266912420336916e-03
  6.4268771731701943e+12   6.4268771731701943e+12   9.9655383012102439e-01   3.4461698789746116e-03   3.4461698789746116e-03   3.4461698789746151e-03
  6.4565422903465625e+12   6.4565422903465625e+12   9.9653415084935038e-01   3.4658491506489157e-03   3.4658491506489161e-03   3.4658491506489178e-03
  6.4863443354824014e+12   6.4863443354824014e+12   9.9651426836741108e-01   3.4857316325881075e-03   3.4857316325881071e-03   3.4857316325881101e-03
  6.5162839406084277e+12   6.5162839406084277e+12   9.9649418006038371e-01   3.5058199396154812e-03   3.5058199396154803e-03   3.5058199396154838e-03
  6.5463617406727334e+12   6.5463617406727334e+12   9.9647388327346720e-01   3.5261167265320417e-03   3.5261167265320426e-03   3.5261167265320443e-03
  6.5765783735542256e+12   6.5765783735542256e+12   9.9645337531118350e-01   3.5466246888157175e-03   3.5466246888157167e-03   3.5466246888157201e-03
  6.6069344800759648e+12   6.6069344800759648e+12   9.9643265343666509e-01   3.5673465633340906e-03   3.5673465633340906e-03   3.5673465633340932e-03
  6.6374307040190762e+12   6.6374307040190762e+12   9.9641171487092772e-01   3.5882851290713995e-03   3.5882851290713995e-03   3.5882851290714025e-03
  6.6680676921362188e+12   6.6680676921362188e+12   9.9639055679212962e-01   3.6094432078694204e-03   3.6094432078694208e-03   3.6094432078694239e-03
  6.6988460941652725e+12   6.6988460941652725e+12   9.9636917633481603e-01   3.6308236651829734e-03   3.6308236651829730e-03   3.6308236651829769e-03
  6.7297665628431680e+12   6.7297665628431680e+12   9.9634757058914880e-01   3.6524294108503208e-03   3.6524294108503212e-03   3.6524294108503238e-03
  6.7608297539198184e+12   6.7608297539198184e+12   9.9632573660012036e-01   3.6742633998787517e-03   3.6742633998787517e-03   3.6742633998787552e-03
  6.7920363261718574e+12   6.7920363261718574e+12   9.9630367136675380e-01   3.6963286332454539e-03   3.6963286332454539e-03   3.6963286332454570e-03
  6.8233869414166904e+12   6.8233869414166904e+12   9.9628137184128474e-01   3.7186281587143874e-03   3.7186281587143874e-03   3.7186281587143909e-03
  6.8548822645266201e+12   6.8548822645266201e+12   9.9625883492833001e-01   3.7411650716693040e-03   3.7411650716693040e-03   3.7411650716693066e-03
  6.8865229634427764e+12   6.8865229634427764e+12   9.9623605748403599e-01   3.7639425159630979e-03   3.7639425159630979e-03   3.7639425159631014e-03
  6.9183097091893623e+12   6.9183097091893623e+12   9.9621303631521485e-01   3.7869636847841807e-03   3.7869636847841811e-03   3.7869636847841846e-03
  6.9502431758879766e+12   6.9502431758879766e+12   9.9618976817845895e-01   3.8102318215401088e-03   3.8102318215401084e-03   3.8102318215401127e-03
  6.9823240407717334e+12   6.9823240407717334e+12   9.9616624977924040e-01   3.8337502207585849e-03   3.8337502207585849e-03   3.8337502207585888e-03
  7.0145529841997139e+12   7.0145529841997139e+12   9.9614247777099241e-01   3.8575222290066595e-03   3.8575222290066599e-03   3.8575222290066630e-03
  7.0469306896714521e+12   7.0469306896714521e+12   9.9611844875417077e-01   3.8815512458282623e-03   3.8815512458282627e-03   3.8815512458282662e-03
  7.0794578438414023e+12   7.0794578438414023e+12   9.9609415927529854e-01   3.9058407247004575e-03   3.9058407247004570e-03   3.9058407247004614e-03
  7.1121351365332959e+12   7.1121351365332959e+12   9.9606960582599047e-01   3.9303941740087339e-03   3.9303941740087330e-03   3.9303941740087374e-03
  7.1449632607551201e+12   7.1449632607551201e+12   9.9604478484195680e-01   3.9552151580423238e-03   3.9552151580423238e-03   3.9552151580423273e-03
  7.1779429127136152e+12   7.1779429127136152e+12   9.9601969270199009e-01   3.9803072980091293e-03   3.9803072980091293e-03   3.9803072980091328e-03
  7.2110747918290049e+12   7.2110747918290049e+12   9.9599432572692781e-01   4.0056742730712469e-03   4.0056742730712469e-03   4.0056742730712504e-03
  7.2443596007498916e+12   7.2443596007498916e+12   9.9596868017859763e-01   4.0313198214014826e-03   4.0313198214014826e-03   4.0313198214014861e-03
  7.2777980453682422e+12   7.2777980453682422e+12   9.9594275225873785e-01   4.0572477412612589e-03   4.0572477412612589e-03   4.0572477412612624e-03
  7.3113908348341875e+12   7.3113908348341875e+12   9.9591653810789893e-01   4.0834618921001715e-03   4.0834618921001707e-03   4.0834618921001750e-03
  7.3451386815711436e+12   7.3451386815711436e+12   9.9589003380432106e-01   4.1099661956780905e-03   4.1099661956780905e-03   4.1099661956780940e-03
  7.3790423012910156e+12   7.3790423012910156e+12   9.9586323536278909e-01   4.1367646372100922e-03   4.1367646372100914e-03   4.1367646372100957e-03
  7.4131024130091924e+12   7.4131024130091924e+12   9.9583613873346455e-01   4.1638612665344851e-03   4.1638612665344842e-03   4.1638612665344894e-03
  7.4473197390598887e+12   7.4473197390598887e+12   9.9580873980069429e-01   4.1912601993049151e-03   4.1912601993049151e-03   4.1912601993049185e-03
  7.4816950051115225e+12   7.4816950051115225e+12   9.9578103438179233e-01   4.2189656182068181e-03   4.2189656182068181e-03   4.2189656182068215e-03
  7.5162289401820762e+12   7.5162289401820762e+12   9.9575301822580042e-01   4.2469817741987185e-03   4.2469817741987185e-03   4.2469817741987220e-03
  7.5509222766543408e+12   7.5509222766543408e+12   9.9572468701222028e-01   4.2753129877788430e-03   4.2753129877788430e-03   4.2753129877788464e-03
  7.5857757502918203e+12   7.5857757502918203e+12   9.9569603634972081e-01   4.3039636502782662e-03   4.3039636502782662e-03   4.3039636502782697e-03
  7.6207901002541143e+12   7.6207901002541143e+12   9.9566706177481890e-01   4.3329382251801780e-03   4.3329382251801772e-03   4.3329382251801815e-03
  7.6559660691125693e+12   7.6559660691125693e+12   9.9563775875053273e-01   4.3622412494665119e-03   4.3622412494665128e-03   4.3622412494665154e-03
  7.6913044028660830e+12   7.6913044028660830e+12   9.9560812266500665e-01   4.3918773349925144e-03   4.3918773349925144e-03   4.3918773349925179e-03
  7.7268058509570215e+12   7.7268058509570215e+12   9.9557814883010942e-01   4.4218511698897785e-03   4.4218511698897794e-03   4.4218511698897820e-03
  7.7624711662869277e+12   7.7624711662869277e+12   9.9554783248000112e-01   4.4521675199981113e-03   4.4521675199981122e-03   4.4521675199981148e-03
  7.7983011052325771e+12   7.7983011052325771e+12   9.9551716876967167e-01   4.4828312303273931e-03   4.4828312303273931e-03   4.4828312303273974e-03
  7.8342964276621201e+12   7.8342964276621201e+12   9.9548615277344943e-01   4.5138472265498471e-03   4.5138472265498471e-03   4.5138472265498506e-03
  7.8704578969510010e+12   7.8704578969510010e+12   9.9545477948347594e-01   4.5452205165231636e-03   4.5452205165231645e-03   4.5452205165231680e-03
  7.9067862799982451e+12   7.9067862799982451e+12   9.9542304380815338e-01   4.5769561918456696e-03   4.5769561918456696e-03   4.5769561918456740e-03
  7.9432823472428213e+12   7.9432823472428213e+12   9.9539094057055522e-01   4.6090594294440242e-03   4.6090594294440242e-03   4.6090594294440276e-03
  7.9799468726797852e+12   7.9799468726797852e+12   9.9535846450680510e-01   4.6415354931939046e-03   4.6415354931939037e-03   4.6415354931939089e-03
  8.0167806338767900e+12   8.0167806338767900e+12   9.9532561026442423e-01   4.6743897355749310e-03   4.6743897355749318e-03   4.6743897355749353e-03
  8.0537844119906436e+12   8.0537844119906436e+12   9.9529237240063861e-01   4.7076275993604205e-03   4.7076275993604205e-03   4.7076275993604248e-03
  8.0909589917838467e+12   8.0909589917838467e+12   9.9525874538065673e-01   4.7412546193425784e-03   4.7412546193425793e-03   4.7412546193425819e-03
  8.1283051616409951e+12   8.1283051616409951e+12   9.9522472357590519e-01   4.7752764240938878e-03   4.7752764240938869e-03   4.7752764240938921e-03
  8.1658237135859062e+12   8.1658237135859062e+12   9.9519030126223285e-01   4.8096987377662876e-03   4.8096987377662876e-03   4.8096987377662919e-03
  8.2035154432981768e+12   8.2035154432981768e+12   9.9515547261807136e-01   4.8445273819278456e-03   4.8445273819278456e-03   4.8445273819278491e-03
  8.2413811501300293e+12   8.2413811501300293e+12   9.9512023172256059e-01   4.8797682774385370e-03   4.8797682774385379e-03   4.8797682774385414e-03
  8.2794216371233281e+12   8.2794216371233281e+12   9.9508457255363325e-01   4.9154274463659364e-03   4.9154274463659364e-03   4.9154274463659399e-03
  8.3176377110267090e+12   8.3176377110267090e+12   9.9504848898605747e-01   4.9515110139416833e-03   4.9515110139416833e-03   4.9515110139416877e-03
  8.3560301823124912e+12   8.3560301823124912e+12   9.9501197478943981e-01   4.9880252105593053e-03   4.9880252105593062e-03   4.9880252105593097e-03
  8.3945998651939648e+12   8.3945998651939648e+12   9.9497502362618417e-01   5.0249763738149707e-03   5.0249763738149716e-03   5.0249763738149751e-03
  8.4333475776427568e+12   8.4333475776427568e+12   9.9493762904940730e-01   5.0623709505919047e-03   5.0623709505919047e-03   5.0623709505919091e-03
  8.4722741414059805e+12   8.4722741414059805e+12   9.9489978450081007e-01   5.1002154991890520e-03   5.1002154991890520e-03   5.1002154991890564e-03
  8.5113803820237588e+12   8.5113803820237588e+12   9.9486148330850344e-01   5.1385166914957019e-03   5.1385166914957028e-03   5.1385166914957063e-03
  8.5506671288468408e+12   8.5506671288468408e+12   9.9482271868478644e-01   5.1772813152128104e-03   5.1772813152128087e-03   5.1772813152128148e-03
  8.5901352150539775e+12   8.5901352150539775e+12   9.9478348372387748e-01   5.2165162761217826e-03   5.2165162761217817e-03   5.2165162761217869e-03
  8.6297854776697021e+12   8.6297854776697021e+12   9.9474377139959680e-01   5.2562286004024699e-03   5.2562286004024699e-03   5.2562286004024742e-03
  8.6696187575821436e+12   8.6696187575821436e+12   9.9470357456299807e-01   5.2964254370011085e-03   5.2964254370011085e-03   5.2964254370011128e-03
  8.7096358995608320e+12   8.7096358995608320e+12   9.9466288593994978e-01   5.3371140600493435e-03   5.3371140600493435e-03   5.3371140600493479e-03
  8.7498377522743643e+12   8.7498377522743643e+12   9.9462169812866363e-01   5.3783018713353748e-03   5.3783018713353739e-03   5.3783018713353800e-03
  8.7902251683088242e+12   8.7902251683088242e+12   9.9458000359716969e-01   5.4199964028294606e-03   5.4199964028294589e-03   5.4199964028294658e-03
  8.8307990041856211e+12   8.8307990041856211e+12   9.9453779468073555e-01   5.4622053192634763e-03   5.4622053192634754e-03   5.4622053192634815e-03
  8.8715601203796172e+12   8.8715601203796172e+12   9.9449506357923223e-01   5.5049364207668209e-03   5.5049364207668209e-03   5.5049364207668261e-03
  8.9125093813374414e+12   8.9125093813374414e+12   9.9445180235443931e-01   5.5481976455598369e-03   5.5481976455598369e-03   5.5481976455598421e-03
  8.9536476554959375e+12   8.9536476554959375e+12   9.9440800292729314e-01   5.5919970727060552e-03   5.5919970727060552e-03   5.5919970727060595e-03
  8.9949758153003652e+12   8.9949758153003652e+12   9.9436365707507490e-01   5.6363429249242187e-03   5.6363429249242187e-03   5.6363429249242239e-03
  9.0364947372230039e+12   9.0364947372230039e+12   9.9431875642853695e-01   5.6812435714621769e-03   5.6812435714621769e-03   5.6812435714621821e-03
  9.0782053017818613e+12   9.0782053017818613e+12   9.9427329246896534e-01   5.7267075310337241e-03   5.7267075310337250e-03   5.7267075310337293e-03
  9.1201083935591152e+12   9.1201083935591152e+12   9.9422725652517940e-01   5.7727434748196371e-03   5.7727434748196362e-03   5.7727434748196431e-03
  9.1622049012199922e+12   9.1622049012199922e+12   9.9418063977046411e-01   5.8193602295350437e-03   5.8193602295350437e-03   5.8193602295350489e-03
  9.2044957175317227e+12   9.2044957175317227e+12   9.9413343321943493e-01   5.8665667805642419e-03   5.8665667805642419e-03   5.8665667805642471e-03
  9.2469817393822480e+12   9.2469817393822480e+12   9.9408562772483477e-01   5.9143722751643108e-03   5.9143722751643108e-03   5.9143722751643160e-03
  9.2896638677993633e+12   9.2896638677993633e+12   9.9403721397425937e-01   5.9627860257398264e-03   5.9627860257398264e-03   5.9627860257398307e-03
  9.3325430079698867e+12   9.3325430079698867e+12   9.9398818248680909e-01   6.0118175131899506e-03   6.0118175131899515e-03   6.0118175131899567e-03
  9.3756200692588301e+12   9.3756200692588301e+12   9.9393852360966950e-01   6.0614763903295262e-03   6.0614763903295262e-03   6.0614763903295323e-03
  9.4188959652284180e+12   9.4188959652284180e+12   9.9388822751461336e-01   6.1117724853857703e-03   6.1117724853857703e-03   6.1117724853857755e-03
  9.4623716136579102e+12   9.4623716136579102e+12   9.9383728419442585e-01   6.1627158055733555e-03   6.1627158055733555e-03   6.1627158055733607e-03
  9.5060479365628086e+12   9.5060479365628086e+12   9.9378568345925078e-01   6.2143165407482440e-03   6.2143165407482432e-03   6.2143165407482501e-03
  9.5499258602143691e+12   9.5499258602143691e+12   9.9373341493285583e-01   6.2665850671434027e-03   6.2665850671434027e-03   6.2665850671434079e-03
  9.5940063151593164e+12   9.5940063151593164e+12   9.9368046804881160e-01   6.3195319511876449e-03   6.3195319511876449e-03   6.3195319511876501e-03
  9.6382902362397051e+12   9.6382902362397051e+12   9.9362683204658930e-01   6.3731679534099420e-03   6.3731679534099412e-03   6.3731679534099472e-03
  9.6827785626125059e+12   9.6827785626125059e+12   9.9357249596756858e-01   6.4275040324306238e-03   6.4275040324306230e-03   6.4275040324306290e-03
  9.7274722377696406e+12   9.7274722377696406e+12   9.9351744865095670e-01   6.4825513490423788e-03   6.4825513490423779e-03   6.4825513490423849e-03
  9.7723722095581113e+12   9.7723722095581113e+12   9.9346167872961633e-01   6.5383212703828087e-03   6.5383212703828087e-03   6.5383212703828148e-03
  9.8174794301998633e+12   9.8174794301998633e+12   9.9340517462579880e-01   6.5948253742002189e-03   6.5948253742002189e-03   6.5948253742002258e-03
  9.8627948563120996e+12   9.8627948563120996e+12   9.9334792454678345e-01   6.6520754532156424e-03   6.6520754532156424e-03   6.6520754532156485e-03
  9.9083194489276855e+12   9.9083194489276855e+12   9.9328991648041587e-01   6.7100835195832587e-03   6.7100835195832587e-03   6.7100835195832648e-03
  9.9540541735152949e+12   9.9540541735152949e+12   9.9323113819054798e-01   6.7688618094510124e-03   6.7688618094510116e-03   6.7688618094510194e-03
  1.0000000000000000e+13   1.0000000000000000e+13   9.9317157721237470e-01   6.8284227876244013e-03   6.8284227876244013e-03   6.8284227876244073e-03
  1.0046157902783926e+13   1.0046157902783926e+13   9.9311122084766335e-01   6.8887791523357250e-03   6.8887791523357242e-03   6.8887791523357311e-03
  1.0092528860766875e+13   1.0092528860766875e+13   9.9305005615987796e-01   6.9499438401211047e-03   6.9499438401211056e-03   6.9499438401211108e-03
  1.0139113857366799e+13   1.0139113857366799e+13   9.9298806996919131e-01   7.0119300308076771e-03   7.0119300308076771e-03   7.0119300308076841e-03
  1.0185913880541148e+13   1.0185913880541148e+13   9.9292524884738420e-01   7.0747511526149734e-03   7.0747511526149734e-03   7.0747511526149786e-03
  1.0232929922807537e+13   1.0232929922807537e+13   9.9286157911262807e-01   7.1384208873710763e-03   7.1384208873710771e-03   7.1384208873710824e-03
  1.0280162981264746e+13   1.0280162981264746e+13   9.9279704682415171e-01   7.2029531758475256e-03   7.2029531758475247e-03   7.2029531758475308e-03
  1.0327614057613959e+13   1.0327614057613959e+13   9.9273163777678275e-01   7.2683622232164223e-03   7.2683622232164223e-03   7.2683622232164284e-03
  1.0375284158180127e+13   1.0375284158180127e+13   9.9266533749536767e-01   7.3346625046315653e-03   7.3346625046315653e-03   7.3346625046315714e-03
  1.0423174293933057e+13   1.0423174293933057e+13   9.9259813122906271e-01   7.4018687709364482e-03   7.4018687709364473e-03   7.4018687709364551e-03
  1.0471285480508984e+13   1.0471285480508984e+13   9.9253000394549595e-01   7.4699960545032270e-03   7.4699960545032270e-03   7.4699960545032331e-03
  1.0519618738232234e+13   1.0519618738232234e+13   9.9246094032479404e-01   7.5390596752052189e-03   7.5390596752052189e-03   7.5390596752052249e-03
  1.0568175092136607e+13   1.0568175092136607e+13   9.9239092475347357e-01   7.6090752465255828e-03   7.6090752465255828e-03   7.6090752465255897e-03
  1.0616955571987242e+13   1.0616955571987242e+13   9.9231994131819257e-01   7.6800586818065409e-03   7.6800586818065401e-03   7.6800586818065479e-03
  1.0665961212302590e+13   1.0665961212302590e+13   9.9224797379935747e-01   7.7520262006417050e-03   7.7520262006417059e-03   7.7520262006417111e-03
  1.0715193052376092e+13   1.0715193052376092e+13   9.9217500566458416e-01   7.8249943354151644e-03   7.8249943354151662e-03   7.8249943354151696e-03
  1.0764652136298350e+13   1.0764652136298350e+13   9.9210102006200807e-01   7.8989799379912094e-03   7.8989799379912129e-03   7.8989799379912164e-03
  1.0814339512979354e+13   1.0814339512979354e+13   9.9202599981344131e-01   7.9740001865578301e-03   7.9740001865578301e-03   7.9740001865578371e-03
  1.0864256236170689e+13   1.0864256236170689e+13   9.9194992740737142e-01   8.0500725926276970e-03   8.0500725926276988e-03   8.0500725926277040e-03
  1.0914403364487572e+13   1.0914403364487572e+13   9.9187278499179909e-01   8.1272150082001161e-03   8.1272150082001161e-03   8.1272150082001230e-03
  1.0964781961431828e+13   1.0964781961431828e+13   9.9179455436690966e-01   8.2054456330895240e-03   8.2054456330895240e-03   8.2054456330895309e-03
  1.1015393095414145e+13   1.1015393095414145e+13   9.9171521697757714e-01   8.2847830224218998e-03   8.2847830224218998e-03   8.2847830224219085e-03
  1.1066237839776676e+13   1.1066237839776676e+13   9.9163475390569467e-01   8.3652460943045154e-03   8.3652460943045119e-03   8.3652460943045223e-03
  1.1117317272815896e+13   1.1117317272815896e+13   9.9155314586232512e-01   8.4468541376739922e-03   8.4468541376739922e-03   8.4468541376739991e-03
  1.1168632477805611e+13   1.1168632477805611e+13   9.9147037317967335e-01   8.5296268203257381e-03   8.5296268203257381e-03   8.5296268203257451e-03
  1.1220184543019652e+13   1.1220184543019652e+13   9.9138641580287046e-01   8.6135841971286421e-03   8.6135841971286421e-03   8.6135841971286490e-03
  1.1271974561755094e+13   1.1271974561755094e+13   9.9130125328156826e-01   8.6987467184309938e-03   8.6987467184309938e-03   8.6987467184310007e-03
  1.1324003632355578e+13   1.1324003632355578e+13   9.9121486476133769e-01   8.7851352386613697e-03   8.7851352386613679e-03   8.7851352386613766e-03
  1.1376272858234334e+13   1.1376272858234334e+13   9.9112722897487060e-01   8.8727710251285240e-03   8.8727710251285240e-03   8.8727710251285327e-03
  1.1428783347897713e+13   1.1428783347897713e+13   9.9103832423297300e-01   8.9616757670262469e-03   8.9616757670262486e-03   8.9616757670262538e-03
  1.1481536214968840e+13   1.1481536214968840e+13   9.9094812841535196e-01   9.0518715846473630e-03   9.0518715846473630e-03   9.0518715846473682e-03
  1.1534532578210953e+13   1.1534532578210953e+13   9.9085661896118704e-01   9.1433810388121019e-03   9.1433810388121019e-03   9.1433810388121105e-03
  1.1587773561551262e+13   1.1587773561551262e+13   9.9076377285948347e-01   9.2362271405157983e-03   9.2362271405157983e-03   9.2362271405158052e-03
  1.1641260294104885e+13   1.1641260294104885e+13   9.9066956663919781e-01   9.3304333608013480e-03   9.3304333608013480e-03   9.3304333608013566e-03
  1.1694993910198748e+13   1.1694993910198748e+13   9.9057397635913802e-01   9.4260236408613383e-03   9.4260236408613383e-03   9.4260236408613453e-03
  1.1748975549395303e+13   1.1748975549395303e+13   9.9047697759762421e-01   9.5230224023750490e-03   9.5230224023750490e-03   9.5230224023750559e-03
  1.1803206356517273e+13   1.1803206356517273e+13   9.9037854544191128e-01   9.6214545580879871e-03   9.6214545580879853e-03   9.6214545580879940e-03
  1.1857687481671596e+13   1.1857687481671596e+13   9.9027865447736307e-01   9.7213455226360691e-03   9.7213455226360657e-03   9.7213455226360778e-03
  1.1912420080273762e+13   1.1912420080273762e+13   9.9017727877637551e-01   9.8227212236236452e-03   9.8227212236236469e-03   9.8227212236236539e-03
  1.1967405313072418e+13   1.1967405313072418e+13   9.9007439188703961e-01   9.9256081129597343e-03   9.9256081129597325e-03   9.9256081129597412e-03
  1.2022644346174131e+13   1.2022644346174131e+13   9.8996996682154037e-01   1.0030033178458847e-02   1.0030033178458847e-02   1.0030033178458854e-02
  1.2078138351067822e+13   1.2078138351067822e+13   9.8986397604428733e-01   1.0136023955711797e-02   1.0136023955711797e-02   1.0136023955711806e-02
  1.2133888504649762e+13   1.2133888504649762e+13   9.8975639145976479e-01   1.0243608540234391e-02   1.0243608540234391e-02   1.0243608540234400e-02
  1.2189895989248674e+13   1.2189895989248674e+13   9.8964718440009947e-01   1.0352815599899760e-02   1.0352815599899758e-02   1.0352815599899768e-02
  1.2246161992650514e+13   1.2246161992650514e+13   9.8953632561233962e-01   1.0463674387659497e-02   1.0463674387659499e-02   1.0463674387659506e-02
  1.2302687708123811e+13   1.2302687708123811e+13   9.8942378524543551e-01   1.0576214754563497e-02   1.0576214754563497e-02   1.0576214754563508e-02
  1.2359474334445119e+13   1.2359474334445119e+13   9.8930953283691592e-01   1.0690467163083344e-02   1.0690467163083344e-02   1.0690467163083353e-02
  1.2416523075924145e+13   1.2416523075924145e+13   9.8919353729925363e-01   1.0806462700745522e-02   1.0806462700745522e-02   1.0806462700745532e-02
  1.2473835142429432e+13   1.2473835142429432e+13   9.8907576690591548e-01   1.0924233094083741e-02   1.0924233094083741e-02   1.0924233094083750e-02
  1.2531411749414131e+13   1.2531411749414131e+13   9.8895618927708251e-01   1.1043810722916662e-02   1.1043810722916662e-02   1.1043810722916670e-02
  1.2589254117941713e+13   1.2589254117941713e+13   9.8883477136504094e-01   1.1165228634958139e-02   1.1165228634958137e-02   1.1165228634958150e-02
  1.2647363474711521e+13   1.2647363474711521e+13   9.8871147943923221e-01   1.1288520560766983e-02   1.1288520560766983e-02   1.1288520560766992e-02
  1.2705741052085393e+13   1.2705741052085393e+13   9.8858627907095120e-01   1.1413720929047987e-02   1.1413720929047990e-02   1.1413720929047995e-02
  1.2764388088113436e+13   1.2764388088113436e+13   9.8845913511769234e-01   1.1540864882306795e-02   1.1540864882306797e-02   1.1540864882306805e-02
  1.2823305826560230e+13   1.2823305826560230e+13   9.8833001170712953e-01   1.1669988292869604e-02   1.1669988292869604e-02   1.1669988292869615e-02
  1.2882495516931322e+13   1.2882495516931322e+13   9.8819887222072333e-01   1.1801127779275951e-02   1.1801127779275951e-02   1.1801127779275960e-02
  1.2941958414499863e+13   1.2941958414499863e+13   9.8806567927694644e-01   1.1934320723052604e-02   1.1934320723052604e-02   1.1934320723052616e-02
  1.3001695780332926e+13   1.3001695780332926e+13   9.8793039471412336e-01   1.2069605285875834e-02   1.2069605285875832e-02   1.2069605285875843e-02
  1.3061708881318404e+13   1.3061708881318404e+13   9.8779297957286660e-01   1.2207020427132583e-02   1.2207020427132583e-02   1.2207020427132592e-02
  1.3121998990192041e+13   1.3121998990192041e+13   9.8765339407810915e-01   1.2346605921889882e-02   1.2346605921889882e-02   1.2346605921889894e-02
  1.3182567385564102e+13   1.3182567385564102e+13   9.8751159762072083e-01   1.2488402379278342e-02   1.2488402379278344e-02   1.2488402379278353e-02
  1.3243415351946643e+13   1.3243415351946643e+13   9.8736754873869703e-01   1.2632451261302146e-02   1.2632451261302146e-02   1.2632451261302156e-02
  1.3304544179780873e+13   1.3304544179780873e+13   9.8722120509791556e-01   1.2778794902083529e-02   1.2778794902083529e-02   1.2778794902083541e-02
  1.3365955165464459e+13   1.3365955165464459e+13   9.8707252347244856e-01   1.2927476527550857e-02   1.2927476527550856e-02   1.2927476527550864e-02
  1.3427649611378643e+13   1.3427649611378643e+13   9.8692145972442036e-01   1.3078540275578992e-02   1.3078540275578993e-02   1.3078540275579000e-02
  1.3489628825916506e+13   1.3489628825916506e+13   9.8676796878340300e-01   1.3232031216596196e-02   1.3232031216596198e-02   1.3232031216596206e-02
  1.3551894123510350e+13   1.3551894123510350e+13   9.8661200462533749e-01   1.3387995374661737e-02   1.3387995374661735e-02   1.3387995374661748e-02
  1.3614446824659510e+13   1.3614446824659510e+13   9.8645352025097210e-01   1.3546479749027080e-02   1.3546479749027080e-02   1.3546479749027091e-02
  1.3677288255958467e+13   1.3677288255958467e+13   9.8629246766380796e-01   1.3707532336191108e-02   1.3707532336191108e-02   1.3707532336191120e-02
  1.3740419750125148e+13   1.3740419750125148e+13   9.8612879784754004e-01   1.3871202152459183e-02   1.3871202152459183e-02   1.3871202152459194e-02
  1.3803842646028867e+13   1.3803842646028867e+13   9.8596246074298421e-01   1.4037539257014916e-02   1.4037539257014914e-02   1.4037539257014928e-02
  1.3867558288718867e+13   1.3867558288718867e+13   9.8579340522448144e-01   1.4206594775517719e-02   1.4206594775517719e-02   1.4206594775517731e-02
  1.3931568029453035e+13   1.3931568029453035e+13   9.8562157907576253e-01   1.4378420924236652e-02   1.4378420924236654e-02   1.4378420924236662e-02
  1.3995873225726207e+13   1.3995873225726207e+13   9.8544692896527097e-01   1.4553071034728193e-02   1.4553071034728193e-02   1.4553071034728205e-02
  1.4060475241299129e+13   1.4060475241299129e+13   9.8526940042092648e-01   1.4730599579072655e-02   1.4730599579072655e-02   1.4730599579072669e-02
  1.4125375446227555e+13   1.4125375446227555e+13   9.8508893780432039e-01   1.4911062195678662e-02   1.4911062195678662e-02   1.4911062195678677e-02
  1.4190575216890955e+13   1.4190575216890955e+13   9.8490548428433400e-01   1.5094515715665172e-02   1.5094515715665169e-02   1.5094515715665184e-02
  1.4256075936021879e+13   1.4256075936021879e+13   9.8471898181016437e-01   1.5281018189834945e-02   1.5281018189834945e-02   1.5281018189834955e-02
  1.4321878992735395e+13   1.4321878992735395e+13   9.8452937108374894e-01   1.5470628916250173e-02   1.5470628916250171e-02   1.5470628916250187e-02
  1.4387985782558496e+13   1.4387985782558496e+13   9.8433659153157949e-01   1.5663408468419685e-02   1.5663408468419685e-02   1.5663408468419699e-02
  1.4454397707459279e+13   1.4454397707459279e+13   9.8414058127588988e-01   1.5859418724109425e-02   1.5859418724109425e-02   1.5859418724109436e-02
  1.4521116175877391e+13   1.4521116175877391e+13   9.8394127710520751e-01   1.6058722894791662e-02   1.6058722894791662e-02   1.6058722894791676e-02
  1.4588142602753475e+13   1.4588142602753475e+13   9.8373861444426136e-01   1.6261385555737758e-02   1.6261385555737761e-02   1.6261385555737772e-02
  1.4655478409559129e+13   1.4655478409559129e+13   9.8353252732322916e-01   1.6467472676770154e-02   1.6467472676770154e-02   1.6467472676770165e-02
  1.4723125024327164e+13   1.4723125024327164e+13   9.8332294834631417e-01   1.6677051653684879e-02   1.6677051653684879e-02   1.6677051653684896e-02
  1.4791083881682072e+13   1.4791083881682072e+13   9.8310980865964437e-01   1.6890191340354990e-02   1.6890191340354990e-02   1.6890191340355000e-02
  1.4859356422870090e+13   1.4859356422870090e+13   9.8289303791847449e-01   1.7106962081524773e-02   1.7106962081524773e-02   1.7106962081524787e-02
  1.4927944095789943e+13   1.4927944095789943e+13   9.8267256425369010e-01   1.7327435746309114e-02   1.7327435746309114e-02   1.7327435746309128e-02
  1.4996848355023740e+13   1.4996848355023740e+13   9.8244831423759116e-01   1.7551685762407749e-02   1.7551685762407752e-02   1.7551685762407770e-02
  1.5066070661867449e+13   1.5066070661867449e+13   9.8222021284895555e-01   1.7779787151043436e-02   1.7779787151043433e-02   1.7779787151043454e-02
  1.5135612484362072e+13   1.5135612484362072e+13   9.8198818343736072e-01   1.8011816562638328e-02   1.8011816562638332e-02   1.8011816562638346e-02
  1.5205475297324969e+13   1.5205475297324969e+13   9.8175214768676100e-01   1.8247852313237976e-02   1.8247852313237979e-02   1.8247852313237993e-02
  1.5275660582380764e+13   1.5275660582380764e+13   9.8151202557830786e-01   1.8487974421691179e-02   1.8487974421691179e-02   1.8487974421691197e-02
  1.5346169827992941e+13   1.5346169827992941e+13   9.8126773535239942e-01   1.8732264647599847e-02   1.8732264647599851e-02   1.8732264647599861e-02
  1.5417004529495553e+13   1.5417004529495553e+13   9.8101919346995137e-01   1.8980806530047672e-02   1.8980806530047672e-02   1.8980806530047689e-02
  1.5488166189124859e+13   1.5488166189124859e+13   9.8076631457288466e-01   1.9233685427114407e-02   1.9233685427114407e-02   1.9233685427114424e-02
  1.5559656316050750e+13   1.5559656316050750e+13   9.8050901144381253e-01   1.9490988556186573e-02   1.9490988556186573e-02   1.9490988556186591e-02
  1.5631476426409508e+13   1.5631476426409508e+13   9.8024719496492008e-01   1.9752805035078952e-02   1.9752805035078952e-02   1.9752805035078973e-02
  1.5703628043335516e+13   1.5703628043335516e+13   9.7998077407603301e-01   2.0019225923966131e-02   2.0019225923966131e-02   2.0019225923966148e-02
  1.5776112696993500e+13   1.5776112696993500e+13   9.7970965573186097e-01   2.0290344268138170e-02   2.0290344268138170e-02   2.0290344268138187e-02
  1.5848931924611109e+13   1.5848931924611109e+13   9.7943374485841184e-01   2.0566255141587383e-02   2.0566255141587383e-02   2.0566255141587400e-02
  1.5922087270511699e+13   1.5922087270511699e+13   9.7915294430856192e-01   2.0847055691437379e-02   2.0847055691437383e-02   2.0847055691437393e-02
  1.5995580286146711e+13   1.5995580286146711e+13   9.7886715481679532e-01   2.1132845183203821e-02   2.1132845183203821e-02   2.1132845183203838e-02
  1.6069412530128756e+13   1.6069412530128756e+13   9.7857627495308830e-01   2.1423725046910858e-02   2.1423725046910858e-02   2.1423725046910876e-02
  1.6143585568264869e+13   1.6143585568264869e+13   9.7828020107593638e-01   2.1719798924062703e-02   2.1719798924062703e-02   2.1719798924062724e-02
  1.6218100973589332e+13   1.6218100973589332e+13   9.7797882728452978e-01   2.2021172715469460e-02   2.2021172715469460e-02   2.2021172715469477e-02
  1.6292960326397215e+13   1.6292960326397215e+13   9.7767204537006325e-01   2.2327954629935861e-02   2.2327954629935861e-02   2.2327954629935882e-02
  1.6368165214278102e+13   1.6368165214278102e+13   9.7735974476618470e-01   2.2640255233814327e-02   2.2640255233814327e-02   2.2640255233814351e-02
  1.6443717232149357e+13   1.6443717232149357e+13   9.7704181249857314e-01   2.2958187501426013e-02   2.2958187501426006e-02   2.2958187501426034e-02
  1.6519617982290148e+13   1.6519617982290148e+13   9.7671813313366718e-01   2.3281866866331956e-02   2.3281866866331959e-02   2.3281866866331977e-02
  1.6595869074375562e+13   1.6595869074375562e+13   9.7638858872652212e-01   2.3611411273477056e-02   2.3611411273477059e-02   2.3611411273477073e-02
  1.6672472125510678e+13   1.6672472125510678e+13   9.7605305876780812e-01   2.3946941232191106e-02   2.3946941232191106e-02   2.3946941232191123e-02
  1.6749428760264381e+13   1.6749428760264381e+13   9.7571142012995693e-01   2.4288579870042213e-02   2.4288579870042216e-02   2.4288579870042234e-02
  1.6826740610704639e+13   1.6826740610704639e+13   9.7536354701245853e-01   2.4636452987540448e-02   2.4636452987540448e-02   2.4636452987540473e-02
  1.6904409316432633e+13   1.6904409316432633e+13   9.7500931088631493e-01   2.4990689113684170e-02   2.4990689113684170e-02   2.4990689113684190e-02
  1.6982436524617461e+13   1.6982436524617461e+13   9.7464858043766212e-01   2.5351419562337052e-02   2.5351419562337052e-02   2.5351419562337073e-02
  1.7060823890031209e+13   1.7060823890031209e+13   9.7428122151057450e-01   2.5718778489424769e-02   2.5718778489424769e-02   2.5718778489424790e-02
  1.7139573075084252e+13   1.7139573075084252e+13   9.7390709704905953e-01   2.6092902950939533e-02   2.6092902950939540e-02   2.6092902950939557e-02
  1.7218685749860096e+13   1.7218685749860096e+13   9.7352606703825417e-01   2.6473932961744880e-02   2.6473932961744877e-02   2.6473932961744908e-02
  1.7298163592150998e+13   1.7298163592150998e+13   9.7313798844485477e-01   2.6862011555144491e-02   2.6862011555144494e-02   2.6862011555144512e-02
  1.7378008287493764e+13   1.7378008287493764e+13   9.7274271515679656e-01   2.7257284843202528e-02   2.7257284843202528e-02   2.7257284843202553e-02
  1.7458221529205074e+13   1.7458221529205074e+13   9.7234009792219966e-01   2.7659902077799382e-02   2.7659902077799385e-02   2.7659902077799409e-02
  1.7538805018417604e+13   1.7538805018417604e+13   9.7192998428762178e-01   2.8070015712377161e-02   2.8070015712377161e-02   2.8070015712377192e-02
  1.7619760464116309e+13   1.7619760464116309e+13   9.7151221853563585e-01   2.8487781464363218e-02   2.8487781464363215e-02   2.8487781464363243e-02
  1.7701089583174258e+13   1.7701089583174258e+13   9.7108664162175085e-01   2.8913358378248311e-02   2.8913358378248315e-02   2.8913358378248336e-02
  1.7782794100389227e+13   1.7782794100389227e+13   9.7065309111074849e-01   2.9346908889250501e-02   2.9346908889250501e-02   2.9346908889250529e-02
  1.7864875748520461e+13   1.7864875748520461e+13   9.7021140111243542e-01   2.9788598887563564e-02   2.9788598887563564e-02   2.9788598887563595e-02
  1.7947336268325320e+13   1.7947336268325320e+13   9.6976140221687035e-01   3.0238597783128710e-02   3.0238597783128710e-02   3.0238597783128738e-02
  1.8030177408595699e+13   1.8030177408595699e+13   9.6930292142915853e-01   3.0697078570840700e-02   3.0697078570840697e-02   3.0697078570840725e-02
  1.8113400926195988e+13   1.8113400926195988e+13   9.6883578210378318e-01   3.1164217896215721e-02   3.1164217896215721e-02   3.1164217896215755e-02
  1.8197008586099824e+13   1.8197008586099824e+13   9.6835980387859999e-01   3.1640196121398949e-02   3.1640196121398935e-02   3.1640196121398984e-02
  1.8281002161427445e+13   1.8281002161427445e+13   9.6787480260852699e-01   3.2125197391472002e-02   3.2125197391472002e-02   3.2125197391472037e-02
  1.8365383433483438e+13   1.8365383433483438e+13   9.6738059029898393e-01   3.2619409701014949e-02   3.2619409701014949e-02   3.2619409701014984e-02
  1.8450154191794738e+13   1.8450154191794738e+13   9.6687697503918812e-01   3.3123024960810848e-02   3.3123024960810848e-02   3.3123024960810883e-02
  1.8535316234148145e+13   1.8535316234148145e+13   9.6636376093535981e-01   3.3636239064639112e-02   3.3636239064639112e-02   3.3636239064639147e-02
  1.8620871366628656e+13   1.8620871366628656e+13   9.6584074804392972e-01   3.4159251956069156e-02   3.4159251956069156e-02   3.4159251956069191e-02
  1.8706821403658016e+13   1.8706821403658016e+13   9.6530773230485278e-01   3.4692267695146148e-02   3.4692267695146148e-02   3.4692267695146189e-02
  1.8793168168032723e+13   1.8793168168032723e+13   9.6476450547510784e-01   3.5235494524891178e-02   3.5235494524891178e-02   3.5235494524891213e-02
  1.8879913490962926e+13   1.8879913490962926e+13   9.6421085506249049e-01   3.5789144937508600e-02   3.5789144937508607e-02   3.5789144937508635e-02
  1.8967059212111484e+13   1.8967059212111484e+13   9.6364656425982098e-01   3.6353435740177999e-02   3.6353435740177999e-02   3.6353435740178033e-02
  1.9054607179632523e+13   1.9054607179632523e+13   9.6307141187969425e-01   3.6928588120304792e-02   3.6928588120304792e-02   3.6928588120304827e-02
  1.9142559250210859e+13   1.9142559250210859e+13   9.6248517228988140e-01   3.7514827710117549e-02   3.7514827710117542e-02   3.7514827710117590e-02
  1.9230917289101535e+13   1.9230917289101535e+13   9.6188761534953549e-01   3.8112384650463502e-02   3.8112384650463502e-02   3.8112384650463536e-02
  1.9319683170169301e+13   1.9319683170169301e+13   9.6127850634634748e-01   3.8721493653651559e-02   3.8721493653651552e-02   3.8721493653651601e-02
  1.9408858775927793e+13   1.9408858775927793e+13   9.6065760593481386e-01   3.9342394065185228e-02   3.9342394065185221e-02   3.9342394065185263e-02
  1.9498445997580414e+13   1.9498445997580414e+13   9.6002467007576509e-01   3.9975329924233846e-02   3.9975329924233839e-02   3.9975329924233888e-02
  1.9588446735059891e+13   1.9588446735059891e+13   9.5937944997734670e-01   4.0620550022652399e-02   4.0620550022652399e-02   4.0620550022652434e-02
  1.9678862897068469e+13   1.9678862897068469e+13   9.5872169203765467e-01   4.1278307962344218e-02   4.1278307962344218e-02   4.1278307962344267e-02
  1.9769696401118578e+13   1.9769696401118578e+13   9.5805113778920492e-01   4.1948862210794184e-02   4.1948862210794191e-02   4.1948862210794219e-02
  1.9860949173573715e+13   1.9860949173573715e+13   9.5736752384544910e-01   4.2632476154549952e-02   4.2632476154549952e-02   4.2632476154549993e-02
  1.9952623149688828e+13   1.9952623149688828e+13   9.5667058184957954e-01   4.3329418150419352e-02   4.3329418150419352e-02   4.3329418150419401e-02
  2.0044720273651594e+13   2.0044720273651594e+13   9.5596003842585253e-01   4.4039961574146427e-02   4.4039961574146427e-02   4.4039961574146469e-02
  2.0137242498623895e+13   2.0137242498623895e+13   9.5523561513367583e-01   4.4764384866323260e-02   4.4764384866323267e-02   4.4764384866323302e-02
  2.0230191786782762e+13   2.0230191786782762e+13   9.5449702842473150e-01   4.5502971575267552e-02   4.5502971575267559e-02   4.5502971575267601e-02
  2.0323570109362211e+13   2.0323570109362211e+13   9.5374398960342133e-01   4.6256010396577715e-02   4.6256010396577708e-02   4.6256010396577764e-02
  2.0417379446695316e+13   2.0417379446695316e+13   9.5297620479092382e-01   4.7023795209075098e-02   4.7023795209075098e-02   4.7023795209075153e-02
  2.0511621788255711e+13   2.0511621788255711e+13   9.5219337489317779e-01   4.7806625106821279e-02   4.7806625106821279e-02   4.7806625106821321e-02
  2.0606299132700004e+13   2.0606299132700004e+13   9.5139519557310437e-01   4.8604804426894500e-02   4.8604804426894500e-02   4.8604804426894556e-02
  2.0701413487910371e+13   2.0701413487910371e+13   9.5058135722744863e-01   4.9418642772550432e-02   4.9418642772550432e-02   4.9418642772550474e-02
  2.0796966871037023e+13   2.0796966871037023e+13   9.4975154496856817e-01   5.0248455031430800e-02   5.0248455031430800e-02   5.0248455031430848e-02
  2.0892961308540410e+13   2.0892961308540410e+13   9.4890543861156451e-01   5.1094561388434434e-02   5.1094561388434434e-02   5.1094561388434490e-02
  2.0989398836235203e+13   2.0989398836235203e+13   9.4804271266714413e-01   5.1957287332855012e-02   5.1957287332855012e-02   5.1957287332855061e-02
  2.1086281499332887e+13   2.1086281499332887e+13   9.4716303634065224e-01   5.2836963659346738e-02   5.2836963659346731e-02   5.2836963659346793e-02
  2.1183611352485043e+13   2.1183611352485043e+13   9.4626607353768821e-01   5.3733926462310837e-02   5.3733926462310837e-02   5.3733926462310892e-02
  2.1281390459827090e+13   2.1281390459827090e+13   9.4535148287675663e-01   5.4648517123242507e-02   5.4648517123242507e-02   5.4648517123242556e-02
  2.1379620895022324e+13   2.1379620895022324e+13   9.4441891770946274e-01   5.5581082290536203e-02   5.5581082290536203e-02   5.5581082290536266e-02
  2.1478304741305375e+13   2.1478304741305375e+13   9.4346802614872338e-01   5.6531973851275633e-02   5.6531973851275633e-02   5.6531973851275688e-02
  2.1577444091526645e+13   2.1577444091526645e+13   9.4249845110549735e-01   5.7501548894501653e-02   5.7501548894501653e-02   5.7501548894501708e-02
  2.1677041048196961e+13   2.1677041048196961e+13   9.4150983033460789e-01   5.8490169665391022e-02   5.8490169665391022e-02   5.8490169665391084e-02
  2.1777097723531637e+13   2.1777097723531637e+13   9.4050179649020305e-01   5.9498203509795664e-02   5.9498203509795670e-02   5.9498203509795740e-02
  2.1877616239495520e+13   2.1877616239495520e+13   9.3947397719141534e-01   6.0526022808583574e-02   6.0526022808583560e-02   6.0526022808583643e-02
  2.1978598727848273e+13   2.1978598727848273e+13   9.3842599509883884e-01   6.1574004901159989e-02   6.1574004901159982e-02   6.1574004901160065e-02
  2.2080047330189059e+13   2.2080047330189059e+13   9.3735746800246755e-01   6.2642531997531364e-02   6.2642531997531364e-02   6.2642531997531434e-02
  2.2181964198002195e+13   2.2181964198002195e+13   9.3626800892169604e-01   6.3731991078302963e-02   6.3731991078302963e-02   6.3731991078303032e-02
  2.2284351492702984e+13   2.2284351492702984e+13   9.3515722621806840e-01   6.4842773781930568e-02   6.4842773781930568e-02   6.4842773781930638e-02
  2.2387211385683469e+13   2.2387211385683469e+13   9.3402472372147927e-01   6.5975276278519748e-02   6.5975276278519748e-02   6.5975276278519818e-02
  2.2490546058357828e+13   2.2490546058357828e+13   9.3287010087051281e-01   6.7129899129486220e-02   6.7129899129486220e-02   6.7129899129486290e-02
  2.2594357702209734e+13   2.2594357702209734e+13   9.3169295286762688e-01   6.8307047132372053e-02   6.8307047132372053e-02   6.8307047132372123e-02
  2.2698648518838211e+13   2.2698648518838211e+13   9.3049287084997634e-01   6.9507129150022620e-02   6.9507129150022620e-02   6.9507129150022690e-02
  2.2803420720004211e+13   2.2803420720004211e+13   9.2926944207660089e-01   7.0730557923398066e-02   7.0730557923398066e-02   7.0730557923398135e-02
  2.2908676527677699e+13   2.2908676527677699e+13   9.2802225013276185e-01   7.1977749867237123e-02   7.1977749867237123e-02   7.1977749867237192e-02
  2.3014418174085090e+13   2.3014418174085090e+13   9.2675087515222776e-01   7.3249124847771338e-02   7.3249124847771338e-02   7.3249124847771407e-02
  2.3120647901755988e+13   2.3120647901755988e+13   9.2545489405832726e-01   7.4545105941671658e-02   7.4545105941671658e-02   7.4545105941671741e-02
  2.3227367963571051e+13   2.3227367963571051e+13   9.2413388082457482e-01   7.5866119175424088e-02   7.5866119175424088e-02   7.5866119175424171e-02
  2.3334580622810043e+13   2.3334580622810043e+13   9.2278740675570237e-01   7.7212593244296579e-02   7.7212593244296579e-02   7.7212593244296662e-02
  2.3442288153199273e+13   2.3442288153199273e+13   9.2141504078995318e-01   7.8584959210045560e-02   7.8584959210045546e-02   7.8584959210045657e-02
  2.3550492838960090e+13   2.3550492838960090e+13   9.2001634982347635e-01   7.9983650176522592e-02   7.9983650176522592e-02   7.9983650176522675e-02
  2.3659196974857613e+13   2.3659196974857613e+13   9.1859089905765567e-01   8.1409100942343368e-02   8.1409100942343368e-02   8.1409100942343451e-02
  2.3768402866248832e+13   2.3768402866248832e+13   9.1713825237024016e-01   8.2861747629759036e-02   8.2861747629759036e-02   8.2861747629759105e-02
  2.3878112829131781e+13   2.3878112829131781e+13   9.1565797271111482e-01   8.4342027288884139e-02   8.4342027288884139e-02   8.4342027288884222e-02
  2.3988329190194852e+13   2.3988329190194852e+13   9.1414962252361975e-01   8.5850377476379316e-02   8.5850377476379330e-02   8.5850377476379386e-02
  2.4099054286865930e+13   2.4099054286865930e+13   9.1261276419208881e-01   8.7387235807910330e-02   8.7387235807910343e-02   8.7387235807910413e-02
  2.4210290467361801e+13   2.4210290467361801e+13   9.1104696051654466e-01   8.8953039483454482e-02   8.8953039483454482e-02   8.8953039483454566e-02
  2.4322040090738109e+13   2.4322040090738109e+13   9.0945177521535114e-01   9.0548224784647899e-02   9.0548224784647899e-02   9.0548224784647996e-02
  2.4434305526939715e+13   2.4434305526939715e+13   9.0782677345662455e-01   9.2173226543374426e-02   9.2173226543374426e-02   9.2173226543374523e-02
  2.4547089156850336e+13   2.4547089156850336e+13   9.0617152241889198e-01   9.3828477581107017e-02   9.3828477581107017e-02   9.3828477581107114e-02
  2.4660393372343363e+13   2.4660393372343363e+13   9.0448559188199007e-01   9.5514408118008917e-02   9.5514408118008917e-02   9.5514408118009014e-02
  2.4774220576332863e+13   2.4774220576332863e+13   9.0276855484884500e-01   9.7231445151154047e-02   9.7231445151154047e-02   9.7231445151154144e-02
  2.4888573182823953e+13   2.4888573182823953e+13   9.0101998819862672e-01   9.8980011801372239e-02   9.8980011801372239e-02   9.8980011801372336e-02
  2.5003453616964297e+13   2.5003453616964297e+13   8.9923947337180754e-01   1.0076052662819150e-01   1.0076052662819150e-01   1.0076052662819160e-01
  2.5118864315095820e+13   2.5118864315095820e+13   8.9742659708766126e-01   1.0257340291233767e-01   1.0257340291233767e-01   1.0257340291233778e-01
  2.5234807724805805e+13   2.5234807724805805e+13   8.9558095209468935e-01   1.0441904790530976e-01   1.0441904790530976e-01   1.0441904790530986e-01
  2.5351286304979070e+13   2.5351286304979070e+13   8.9370213795423747e-01   1.0629786204576161e-01   1.0629786204576161e-01   1.0629786204576171e-01
  2.5468302525850340e+13   2.5468302525850340e+13   8.9178976185780467e-01   1.0821023814219424e-01   1.0821023814219424e-01   1.0821023814219437e-01
  2.5585858869056531e+13   2.5585858869056531e+13   8.8984343947769706e-01   1.1015656052230194e-01   1.1015656052230194e-01   1.1015656052230205e-01
  2.5703957827688645e+13   2.5703957827688645e+13   8.8786279585147343e-01   1.1213720414852577e-01   1.1213720414852577e-01   1.1213720414852585e-01
  2.5822601906345906e+13   2.5822601906345906e+13   8.8584746629991851e-01   1.1415253370008067e-01   1.1415253370008067e-01   1.1415253370008076e-01
  2.5941793621188125e+13   2.5941793621188125e+13   8.8379709737850209e-01   1.1620290262149706e-01   1.1620290262149706e-01   1.1620290262149716e-01
  2.6061535499988977e+13   2.6061535499988977e+13   8.8171134786190497e-01   1.1828865213809422e-01   1.1828865213809422e-01   1.1828865213809432e-01
  2.6181830082189809e+13   2.6181830082189809e+13   8.7958988976119090e-01   1.2041011023880821e-01   1.2041011023880821e-01   1.2041011023880832e-01
  2.6302679918953816e+13   2.6302679918953816e+13   8.7743240937271072e-01   1.2256759062728850e-01   1.2256759062728850e-01   1.2256759062728860e-01
  2.6424087573219500e+13   2.6424087573219500e+13   8.7523860835836298e-01   1.2476139164163591e-01   1.2476139164163591e-01   1.2476139164163605e-01
  2.6546055619755363e+13   2.6546055619755363e+13   8.7300820485588615e-01   1.2699179514411285e-01   1.2699179514411285e-01   1.2699179514411299e-01
  2.6668586645214809e+13   2.6668586645214809e+13   8.7074093461807289e-01   1.2925906538192605e-01   1.2925906538192605e-01   1.2925906538192619e-01
  2.6791683248190371e+13   2.6791683248190371e+13   8.6843655217970250e-01   1.3156344782029655e-01   1.3156344782029655e-01   1.3156344782029666e-01
  2.6915348039269141e+13   2.6915348039269141e+13   8.6609483205027116e-01   1.3390516794972782e-01   1.3390516794972782e-01   1.3390516794972795e-01
  2.7039583641088461e+13   2.7039583641088461e+13   8.6371556993096832e-01   1.3628443006903060e-01   1.3628443006903060e-01   1.3628443006903074e-01
  2.7164392688390891e+13   2.7164392688390891e+13   8.6129858395383940e-01   1.3870141604615954e-01   1.3870141604615954e-01   1.3870141604615971e-01
  2.7289777828080406e+13   2.7289777828080406e+13   8.5884371594057074e-01   1.4115628405942821e-01   1.4115628405942821e-01   1.4115628405942837e-01
  2.7415741719278750e+13   2.7415741719278750e+13   8.5635083267873902e-01   1.4364916732125999e-01   1.4364916732125999e-01   1.4364916732126012e-01
  2.7542287033381746e+13   2.7542287033381746e+13   8.5381982721245253e-01   1.4618017278754644e-01   1.4618017278754644e-01   1.4618017278754658e-01
  2.7669416454115129e+13   2.7669416454115129e+13   8.5125062014443298e-01   1.4874937985556611e-01   1.4874937985556611e-01   1.4874937985556624e-01
  2.7797132677592828e+13   2.7797132677592828e+13   8.4864316094627912e-01   1.5135683905371994e-01   1.5135683905371994e-01   1.5135683905372008e-01
  2.7925438412373363e+13   2.7925438412373363e+13   8.4599742927313948e-01   1.5400257072685949e-01   1.5400257072685947e-01   1.5400257072685966e-01
  2.8054336379517160e+13   2.8054336379517160e+13   8.4331343627916366e-01   1.5668656372083528e-01   1.5668656372083528e-01   1.5668656372083545e-01
  2.8183829312644492e+13   2.8183829312644492e+13   8.4059122592939728e-01   1.5940877407060169e-01   1.5940877407060167e-01   1.5940877407060186e-01
  2.8313919957993789e+13   2.8313919957993789e+13   8.3783087630371866e-01   1.6216912369628031e-01   1.6216912369628031e-01   1.6216912369628048e-01
  2.8444611074479199e+13   2.8444611074479199e+13   8.3503250088836978e-01   1.6496749911162928e-01   1.6496749911162928e-01   1.6496749911162942e-01
  2.8575905433749438e+13   2.8575905433749438e+13   8.3219624985002738e-01   1.6780375014997156e-01   1.6780375014997156e-01   1.6780375014997176e-01
  2.8707805820246922e+13   2.8707805820246922e+13   8.2932231128694078e-01   1.7067768871305830e-01   1.7067768871305830e-01   1.7067768871305844e-01
  2.8840315031266117e+13   2.8840315031266117e+13   8.2641091245211729e-01   1.7358908754788152e-01   1.7358908754788152e-01   1.7358908754788174e-01
  2.8973435877013215e+13   2.8973435877013215e+13   8.2346232094244576e-01   1.7653767905755341e-01   1.7653767905755341e-01   1.7653767905755358e-01
  2.9107171180666082e+13   2.9107171180666082e+13   8.2047684584854552e-01   1.7952315415145342e-01   1.7952315415145342e-01   1.7952315415145362e-01
  2.9241523778433426e+13   2.9241523778433426e+13   8.1745483885863413e-01   1.8254516114136493e-01   1.8254516114136493e-01   1.8254516114136510e-01
  2.9376496519615305e+13   2.9376496519615305e+13   8.1439669530999526e-01   1.8560330469000363e-01   1.8560330469000363e-01   1.8560330469000383e-01
  2.9512092266663781e+13   2.9512092266663781e+13   8.1130285518236944e-01   1.8869714481762956e-01   1.8869714481762956e-01   1.8869714481762975e-01
  2.9648313895243516e+13   2.9648313895243516e+13   8.0817380402630357e-01   1.9182619597369543e-01   1.9182619597369543e-01   1.9182619597369563e-01
  2.9785164294291910e+13   2.9785164294291910e+13   8.0501007381999723e-01   1.9498992618000185e-01   1.9498992618000185e-01   1.9498992618000202e-01
  2.9922646366081828e+13   2.9922646366081828e+13   8.0181224374762339e-01   1.9818775625237567e-01   1.9818775625237567e-01   1.9818775625237584e-01
  3.0060763026282293e+13   3.0060763026282293e+13   7.9858094089216214e-01   2.0141905910783695e-01   2.0141905910783695e-01   2.0141905910783711e-01
  3.0199517204020191e+13   3.0199517204020191e+13   7.9531684083704712e-01   2.0468315916295210e-01   2.0468315916295210e-01   2.0468315916295227e-01
  3.0338911841942656e+13   3.0338911841942656e+13   7.9202066816933858e-01   2.0797933183066050e-01   2.0797933183066050e-01   2.0797933183066070e-01
  3.0478949896279832e+13   3.0478949896279832e+13   7.8869319687800887e-01   2.1130680312199002e-01   2.1130680312199002e-01   2.1130680312199024e-01
  3.0619634336906820e+13   3.0619634336906820e+13   7.8533525064062282e-01   2.1466474935937632e-01   2.1466474935937632e-01   2.1466474935937652e-01
  3.0760968147407047e+13   3.0760968147407047e+13   7.8194770299225980e-01   2.1805229700773926e-01   2.1805229700773926e-01   2.1805229700773945e-01
  3.0902954325135922e+13   3.0902954325135922e+13   7.7853147737141548e-01   2.2146852262858360e-01   2.2146852262858360e-01   2.2146852262858380e-01
  3.1045595881283621e+13   3.1045595881283621e+13   7.7508754703660010e-01   2.2491245296339885e-01   2.2491245296339885e-01   2.2491245296339910e-01
  3.1188895840939352e+13   3.1188895840939352e+13   7.7161693484844596e-01   2.2838306515155313e-01   2.2838306515155313e-01   2.2838306515155332e-01
  3.1332857243155887e+13   3.1332857243155887e+13   7.6812071291244455e-01   2.3187928708755448e-01   2.3187928708755448e-01   2.3187928708755470e-01
  3.1477483141013238e+13   3.1477483141013238e+13   7.6460000207798551e-01   2.3539999792201347e-01   2.3539999792201347e-01   2.3539999792201369e-01
  3.1622776601683793e+13   3.1622776601683793e+13   7.6105597128977409e-01   2.3894402871022483e-01   2.3894402871022483e-01   2.3894402871022510e-01
  3.1768740706497625e+13   3.1768740706497625e+13   7.5748983678820836e-01   2.4251016321179053e-01   2.4251016321179053e-01   2.4251016321179081e-01
  3.1915378551007715e+13   3.1915378551007715e+13   7.5390286115606409e-01   2.4609713884393467e-01   2.4609713884393467e-01   2.4609713884393497e-01
  3.2062693245054672e+13   3.2062693245054672e+13   7.5029635220947721e-01   2.4970364779052159e-01   2.4970364779052159e-01   2.4970364779052190e-01
  3.2210687912834281e+13   3.2210687912834281e+13   7.4667166173176613e-01   2.5332833826823292e-01   2.5332833826823292e-01   2.5332833826823314e-01
  3.2359365692962809e+13   3.2359365692962809e+13   7.4303018404961541e-01   2.5696981595038337e-01   2.5696981595038337e-01   2.5696981595038371e-01
  3.2508729738543473e+13   3.2508729738543473e+13   7.3937335445185282e-01   2.6062664554814624e-01   2.6062664554814624e-01   2.6062664554814646e-01
  3.2658783217233531e+13   3.2658783217233531e+13   7.3570264745171099e-01   2.6429735254828801e-01   2.6429735254828801e-01   2.6429735254828829e-01
  3.2809529311311902e+13   3.2809529311311902e+13   7.3201957489470260e-01   2.6798042510529640e-01   2.6798042510529640e-01   2.6798042510529668e-01
  3.2960971217745828e+13   3.2960971217745828e+13   7.2832568391464680e-01   2.7167431608535214e-01   2.7167431608535214e-01   2.7167431608535242e-01
  3.3113112148259078e+13   3.3113112148259078e+13   7.2462255474170323e-01   2.7537744525829577e-01   2.7537744525829577e-01   2.7537744525829605e-01
  3.3265955329400469e+13   3.3265955329400469e+13   7.2091179836683617e-01   2.7908820163316284e-01   2.7908820163316284e-01   2.7908820163316311e-01
  3.3419504002611496e+13   3.3419504002611496e+13   7.1719505406827533e-01   2.8280494593172373e-01   2.8280494593172373e-01   2.8280494593172401e-01
  3.3573761424295453e+13   3.3573761424295453e+13   7.1347398680634222e-01   2.8652601319365684e-01   2.8652601319365684e-01   2.8652601319365711e-01
  3.3728730865886926e+13   3.3728730865886926e+13   7.0975028449371991e-01   2.9024971550627887e-01   2.9024971550627887e-01   2.9024971550627920e-01
  3.3884415613920344e+13   3.3884415613920344e+13   7.0602565514962390e-01   2.9397434485037488e-01   2.9397434485037488e-01   2.9397434485037521e-01
  3.4040818970100090e+13   3.4040818970100090e+13   7.0230182394635232e-01   2.9769817605364640e-01   2.9769817605364640e-01   2.9769817605364679e-01
  3.4197944251370801e+13   3.4197944251370801e+13   6.9858053015842103e-01   3.0141946984157802e-01   3.0141946984157802e-01   3.0141946984157830e-01
  3.4355794789987570e+13   3.4355794789987570e+13   6.9486352402422114e-01   3.0513647597577753e-01   3.0513647597577753e-01   3.0513647597577792e-01
  3.4514373933585645e+13   3.4514373933585645e+13   6.9115256353193533e-01   3.0884743646806351e-01   3.0884743646806351e-01   3.0884743646806384e-01
  3.4673685045253098e+13   3.4673685045253098e+13   6.8744941114122349e-01   3.1255058885877546e-01   3.1255058885877546e-01   3.1255058885877579e-01
  3.4833731503601164e+13   3.4833731503601164e+13   6.8375583045281974e-01   3.1624416954717932e-01   3.1624416954717932e-01   3.1624416954717960e-01
  3.4994516702835766e+13   3.4994516702835766e+13   6.8007358283910535e-01   3.1992641716089348e-01   3.1992641716089348e-01   3.1992641716089382e-01
  3.5156044052829762e+13   3.5156044052829762e+13   6.7640442404900170e-01   3.2359557595099714e-01   3.2359557595099714e-01   3.2359557595099747e-01
  3.5318316979195703e+13   3.5318316979195703e+13   6.7275010080049280e-01   3.2724989919950626e-01   3.2724989919950626e-01   3.2724989919950653e-01
  3.5481338923357602e+13   3.5481338923357602e+13   6.6911234737470815e-01   3.3088765262529074e-01   3.3088765262529074e-01   3.3088765262529113e-01
  3.5645113342624391e+13   3.5645113342624391e+13   6.6549288222555436e-01   3.3450711777444453e-01   3.3450711777444453e-01   3.3450711777444492e-01
  3.5809643710263625e+13   3.5809643710263625e+13   6.6189340461821966e-01   3.3810659538177945e-01   3.3810659538177945e-01   3.3810659538177973e-01
  3.5974933515574305e+13   3.5974933515574305e+13   6.5831559131157402e-01   3.4168440868842492e-01   3.4168440868842492e-01   3.4168440868842531e-01
  3.6140986263961312e+13   3.6140986263961312e+13   6.5476109329718701e-01   3.4523890670281193e-01   3.4523890670281193e-01   3.4523890670281232e-01
  3.6307805477010180e+13   3.6307805477010180e+13   6.5123153260881561e-01   3.4876846739118339e-01   3.4876846739118339e-01   3.4876846739118372e-01
  3.6475394692560875e+13   3.6475394692560875e+13   6.4772849921577236e-01   3.5227150078422653e-01   3.5227150078422653e-01   3.5227150078422692e-01
  3.6643757464783336e+13   3.6643757464783336e+13   6.4425354801212409e-01   3.5574645198787469e-01   3.5574645198787469e-01   3.5574645198787513e-01
  3.6812897364253055e+13   3.6812897364253055e+13   6.4080819591475435e-01   3.5919180408524448e-01   3.5919180408524448e-01   3.5919180408524487e-01
  3.6982817978026742e+13   3.6982817978026742e+13   6.3739391908114806e-01   3.6260608091885083e-01   3.6260608091885083e-01   3.6260608091885121e-01
  3.7153522909717281e+13   3.7153522909717281e+13   6.3401215025811819e-01   3.6598784974188064e-01   3.6598784974188064e-01   3.6598784974188103e-01
  3.7325015779571984e+13   3.7325015779571984e+13   6.3066427627139354e-01   3.6933572372860518e-01   3.6933572372860518e-01   3.6933572372860568e-01
  3.7497300224548336e+13   3.7497300224548336e+13   6.2735163566532892e-01   3.7264836433466997e-01   3.7264836433466997e-01   3.7264836433467036e-01
  3.7670379898390930e+13   3.7670379898390930e+13   6.2407551650125759e-01   3.7592448349874119e-01   3.7592448349874119e-01   3.7592448349874164e-01
  3.7844258471709281e+13   3.7844258471709281e+13   6.2083715432166420e-01   3.7916284567833464e-01   3.7916284567833464e-01   3.7916284567833508e-01
  3.8018939632056125e+13   3.8018939632056125e+13   6.1763773028683322e-01   3.8236226971316567e-01   3.8236226971316567e-01   3.8236226971316611e-01
  3.8194427084004719e+13   3.8194427084004719e+13   6.1447836948933887e-01   3.8552163051065996e-01   3.8552163051065996e-01   3.8552163051066041e-01
  3.8370724549227844e+13   3.8370724549227844e+13   6.1136013945076562e-01   3.8863986054923333e-01   3.8863986054923333e-01   3.8863986054923377e-01
  3.8547835766577211e+13   3.8547835766577211e+13   6.0828404880406672e-01   3.9171595119593222e-01   3.9171595119593222e-01   3.9171595119593267e-01
  3.8725764492161805e+13   3.8725764492161805e+13   6.0525104616390057e-01   3.9474895383609826e-01   3.9474895383609826e-01   3.9474895383609870e-01
  3.8904514499428047e+13   3.8904514499428047e+13   6.0226201918614519e-01   3.9773798081385364e-01   3.9773798081385364e-01   3.9773798081385409e-01
  3.9084089579240250e+13   3.9084089579240250e+13   5.9931779381697381e-01   4.0068220618302497e-01   4.0068220618302497e-01   4.0068220618302547e-01
  3.9264493539960094e+13   3.9264493539960094e+13   5.9641913373050792e-01   4.0358086626949102e-01   4.0358086626949102e-01   4.0358086626949147e-01
  3.9445730207527852e+13   3.9445730207527852e+13   5.9356673995369136e-01   4.0643326004630759e-01   4.0643326004630759e-01   4.0643326004630803e-01
  3.9627803425543852e+13   3.9627803425543852e+13   5.9076125067541008e-01   4.0923874932458876e-01   4.0923874932458876e-01   4.0923874932458920e-01
  3.9810717055349852e+13   3.9810717055349852e+13   5.8800324123620817e-01   4.1199675876379077e-01   4.1199675876379077e-01   4.1199675876379122e-01
  3.9994474976109773e+13   3.9994474976109773e+13   5.8529322429483444e-01   4.1470677570516440e-01   4.1470677570516440e-01   4.1470677570516484e-01
  4.0179081084893922e+13   4.0179081084893922e+13   5.8263165016540697e-01   4.1736834983459181e-01   4.1736834983459181e-01   4.1736834983459231e-01
  4.0364539296760484e+13   4.0364539296760484e+13   5.8001890732029593e-01   4.1998109267970296e-01   4.1998109267970296e-01   4.1998109267970340e-01
  4.0550853544838430e+13   4.0550853544838430e+13   5.7745532305164748e-01   4.2254467694835141e-01   4.2254467694835141e-01   4.2254467694835185e-01
  4.0738027780411219e+13   4.0738027780411219e+13   5.7494116428408659e-01   4.2505883571591213e-01   4.2505883571591213e-01   4.2505883571591269e-01
  4.0926065973001094e+13   4.0926065973001094e+13   5.7247663853175257e-01   4.2752336146824604e-01   4.2752336146824604e-01   4.2752336146824660e-01
  4.1114972110452297e+13   4.1114972110452297e+13   5.7006189499048887e-01   4.2993810500951002e-01   4.2993810500951002e-01   4.2993810500951052e-01
  4.1304750199016102e+13   4.1304750199016102e+13   5.6769702575748515e-01   4.3230297424251357e-01   4.3230297424251357e-01   4.3230297424251413e-01
  4.1495404263436328e+13   4.1495404263436328e+13   5.6538206716907757e-01   4.3461793283092137e-01   4.3461793283092137e-01   4.3461793283092187e-01
  4.1686938347033633e+13   4.1686938347033633e+13   5.6311700124750952e-01   4.3688299875248932e-01   4.3688299875248932e-01   4.3688299875248982e-01
  4.1879356511791828e+13   4.1879356511791828e+13   5.6090175724786140e-01   4.3909824275213749e-01   4.3909824275213749e-01   4.3909824275213799e-01
  4.2072662838444461e+13   4.2072662838444461e+13   5.5873621329508671e-01   4.4126378670491218e-01   4.4126378670491218e-01   4.4126378670491267e-01
  4.2266861426560414e+13   4.2266861426560414e+13   5.5662019810233709e-01   4.4337980189766180e-01   4.4337980189766180e-01   4.4337980189766230e-01
  4.2461956394631297e+13   4.2461956394631297e+13   5.5455349276073063e-01   4.4544650723926860e-01   4.4544650723926860e-01   4.4544650723926893e-01
  4.2657951880159172e+13   4.2657951880159172e+13   5.5253583259135819e-01   4.4746416740864098e-01   4.4746416740864098e-01   4.4746416740864137e-01
  4.2854852039743922e+13   4.2854852039743922e+13   5.5056690905037986e-01   4.4943309094961903e-01   4.4943309094961903e-01   4.4943309094961953e-01
  4.3052661049171102e+13   4.3052661049171102e+13   5.4864637167799291e-01   4.5135362832200604e-01   4.5135362832200604e-01   4.5135362832200654e-01
  4.3251383103500797e+13   4.3251383103500797e+13   5.4677383008255931e-01   4.5322616991743964e-01   4.5322616991743964e-01   4.5322616991744014e-01
  4.3451022417157141e+13   4.3451022417157141e+13   5.4494885595131426e-01   4.5505114404868485e-01   4.5505114404868485e-01   4.5505114404868524e-01
  4.3651583224016656e+13   4.3651583224016656e+13   5.4317098507935857e-01   4.5682901492064032e-01   4.5682901492064032e-01   4.5682901492064082e-01
  4.3853069777498516e+13   4.3853069777498516e+13   5.4143971940905256e-01   4.5856028059094639e-01   4.5856028059094639e-01   4.5856028059094689e-01
  4.4055486350655344e+13   4.4055486350655344e+13   5.3975452907219468e-01   4.6024547092780432e-01   4.6024547092780432e-01   4.6024547092780477e-01
  4.4258837236262734e+13   4.4258837236262734e+13   5.3811485442779439e-01   4.6188514557220473e-01   4.6188514557220473e-01   4.6188514557220511e-01
  4.4463126746910836e+13   4.4463126746910836e+13   5.3652010808877704e-01   4.6347989191122213e-01   4.6347989191122213e-01   4.6347989191122252e-01
  4.4668359215096352e+13   4.4668359215096352e+13   5.3496967693102593e-01   4.6503032306897307e-01   4.6503032306897307e-01   4.6503032306897352e-01
  4.4874538993313320e+13   4.4874538993313320e+13   5.3346292407913254e-01   4.6653707592086646e-01   4.6653707592086646e-01   4.6653707592086691e-01
  4.5081670454146008e+13   4.5081670454146008e+13   5.3199919086302139e-01   4.6800080913697795e-01   4.6800080913697795e-01   4.6800080913697828e-01
  4.5289757990361953e+13   4.5289757990361953e+13   5.3057779874068911e-01   4.6942220125930989e-01   4.6942220125930989e-01   4.6942220125931033e-01
  4.5498806015004984e+13   4.5498806015004984e+13   5.2919805118223806e-01   4.7080194881776111e-01   4.7080194881776111e-01   4.7080194881776155e-01
  4.5708818961487516e+13   4.5708818961487516e+13   5.2785923551112024e-01   4.7214076448887848e-01   4.7214076448887848e-01   4.7214076448887909e-01
  4.5919801283686758e+13   4.5919801283686758e+13   5.2656062469881837e-01   4.7343937530118058e-01   4.7343937530118058e-01   4.7343937530118108e-01
  4.6131757456037906e+13   4.6131757456037906e+13   5.2530147910959091e-01   4.7469852089040820e-01   4.7469852089040820e-01   4.7469852089040865e-01
  4.6344691973628844e+13   4.6344691973628844e+13   5.2408104819249191e-01   4.7591895180750710e-01   4.7591895180750710e-01   4.7591895180750760e-01
  4.6558609352295812e+13   4.6558609352295812e+13   5.2289857211795121e-01   4.7710142788204757e-01   4.7710142788204757e-01   4.7710142788204812e-01
  4.6773514128719812e+13   4.6773514128719812e+13   5.2175328335701199e-01   4.7824671664298690e-01   4.7824671664298690e-01   4.7824671664298746e-01
  4.6989410860521609e+13   4.6989410860521609e+13   5.2064440820126834e-01   4.7935559179873072e-01   4.7935559179873072e-01   4.7935559179873116e-01
  4.7206304126359000e+13   4.7206304126359000e+13   5.1957116822225446e-01   4.8042883177774431e-01   4.8042883177774431e-01   4.8042883177774492e-01
  4.7424198526024484e+13   4.7424198526024484e+13   5.1853278166907657e-01   4.8146721833092226e-01   4.8146721833092226e-01   4.8146721833092282e-01
  4.7643098680541664e+13   4.7643098680541664e+13   5.1752846480366177e-01   4.8247153519633723e-01   4.8247153519633723e-01   4.8247153519633773e-01
  4.7863009232263805e+13   4.7863009232263805e+13   5.1655743317306890e-01   4.8344256682693015e-01   4.8344256682693015e-01   4.8344256682693060e-01
  4.8083934844972898e+13   4.8083934844972898e+13   5.1561890281877176e-01   4.8438109718122724e-01   4.8438109718122724e-01   4.8438109718122774e-01
  4.8305880203977383e+13   4.8305880203977383e+13   5.1471209142288099e-01   4.8528790857711779e-01   4.8528790857711779e-01   4.8528790857711840e-01
  4.8528850016212102e+13   4.8528850016212102e+13   5.1383621939176727e-01   4.8616378060823157e-01   4.8616378060823157e-01   4.8616378060823212e-01
  4.8752849010338500e+13   4.8752849010338500e+13   5.1299051087749892e-01   4.8700948912249992e-01   4.8700948912249992e-01   4.8700948912250047e-01
  4.8977881936844766e+13   4.8977881936844766e+13   5.1217419473795256e-01   4.8782580526204650e-01   4.8782580526204650e-01   4.8782580526204694e-01
  4.9203953568145109e+13   4.9203953568145109e+13   5.1138650543637909e-01   4.8861349456361985e-01   4.8861349456361985e-01   4.8861349456362041e-01
  4.9431068698683438e+13   4.9431068698683438e+13   5.1062668388166710e-01   4.8937331611833185e-01   4.8937331611833185e-01   4.8937331611833240e-01
  4.9659232145033578e+13   4.9659232145033578e+13   5.0989397821039961e-01   4.9010602178959939e-01   4.9010602178959939e-01   4.9010602178959989e-01
  4.9888448746001266e+13   4.9888448746001266e+13   5.0918764451218290e-01   4.9081235548781604e-01   4.9081235548781604e-01   4.9081235548781660e-01
  5.0118723362727148e+13   5.0118723362727148e+13   5.0850694749959746e-01   4.9149305250040165e-01   4.9149305250040165e-01   4.9149305250040209e-01
  5.0350060878790477e+13   5.0350060878790477e+13   5.0785116112446804e-01   4.9214883887553101e-01   4.9214883887553101e-01   4.9214883887553146e-01
  5.0582466200311477e+13   5.0582466200311477e+13   5.0721956914198918e-01   4.9278043085800949e-01   4.9278043085800949e-01   4.9278043085801015e-01
  5.0815944256056000e+13   5.0815944256056000e+13   5.0661146562452242e-01   4.9338853437547664e-01   4.9338853437547664e-01   4.9338853437547708e-01
  5.1050499997540648e+13   5.1050499997540648e+13   5.0602615542676210e-01   4.9397384457323684e-01   4.9397384457323684e-01   4.9397384457323740e-01
  5.1286138399136586e+13   5.1286138399136586e+13   5.0546295460414625e-01   4.9453704539585258e-01   4.9453704539585258e-01   4.9453704539585314e-01
  5.1522864458175617e+13   5.1522864458175617e+13   5.0492119078631681e-01   4.9507880921368219e-01   4.9507880921368219e-01   4.9507880921368269e-01
  5.1760683195056812e+13   5.1760683195056812e+13   5.0440020350752568e-01   4.9559979649247327e-01   4.9559979649247327e-01   4.9559979649247382e-01
  5.1999599653351727e+13   5.1999599653351727e+13   5.0389934449586482e-01   4.9610065550413401e-01   4.9610065550413401e-01   4.9610065550413457e-01
  5.2239618899911977e+13   5.2239618899911977e+13   5.0341797792317189e-01   4.9658202207682700e-01   4.9658202207682700e-01   4.9658202207682756e-01
  5.2480746024977125e+13   5.2480746024977125e+13   5.0295548061757600e-01   4.9704451938242289e-01   4.9704451938242289e-01   4.9704451938242344e-01
  5.2722986142282430e+13   5.2722986142282430e+13   5.0251124224036314e-01   4.9748875775963575e-01   4.9748875775963575e-01   4.9748875775963630e-01
  5.2966344389165805e+13   5.2966344389165805e+13   5.0208466542927344e-01   4.9791533457072534e-01   4.9791533457072534e-01   4.9791533457072595e-01
  5.3210825926679312e+13   5.3210825926679312e+13   5.0167516590974737e-01   4.9832483409025169e-01   4.9832483409025169e-01   4.9832483409025213e-01
  5.3456435939697133e+13   5.3456435939697133e+13   5.0128217257619567e-01   4.9871782742380344e-01   4.9871782742380344e-01   4.9871782742380388e-01
  5.3703179637025328e+13   5.3703179637025328e+13   5.0090512754478700e-01   4.9909487245521189e-01   4.9909487245521189e-01   4.9909487245521245e-01
  5.3951062251512680e+13   5.3951062251512680e+13   5.0054348617965327e-01   4.9945651382034567e-01   4.9945651382034567e-01   4.9945651382034623e-01
  5.4200089040162383e+13   5.4200089040162383e+13   5.0019671709407654e-01   4.9980328290592263e-01   4.9980328290592263e-01   4.9980328290592307e-01
  5.4450265284242203e+13   5.4450265284242203e+13   4.9986430212832011e-01   5.0013569787167877e-01   5.0013569787167877e-01   5.0013569787167933e-01
  5.4701596289397102e+13   5.4701596289397102e+13   4.9954573630565829e-01   5.0045426369434054e-01   5.0045426369434054e-01   5.0045426369434109e-01
  5.4954087385762484e+13   5.4954087385762484e+13   4.9924052776813543e-01   5.0075947223186335e-01   5.0075947223186335e-01   5.0075947223186401e-01
  5.5207743928075844e+13   5.5207743928075844e+13   4.9894819769351778e-01   5.0105180230648094e-01   5.0105180230648094e-01   5.0105180230648161e-01
  5.5462571295791047e+13   5.5462571295791047e+13   4.9866828019486342e-01   5.0133171980513558e-01   5.0133171980513558e-01   5.0133171980513613e-01
  5.5718574893193039e+13   5.5718574893193039e+13   4.9840032220405800e-01   5.0159967779594072e-01   5.0159967779594072e-01   5.0159967779594139e-01
  5.5975760149511156e+13   5.5975760149511156e+13   4.9814388334065102e-01   5.0185611665934782e-01   5.0185611665934782e-01   5.0185611665934837e-01
  5.6234132519034906e+13   5.6234132519034906e+13   4.9789853576720400e-01   5.0210146423279500e-01   5.0210146423279500e-01   5.0210146423279556e-01
  5.6493697481230109e+13   5.6493697481230109e+13   4.9766386403239765e-01   5.0233613596760096e-01   5.0233613596760096e-01   5.0233613596760163e-01
  5.6754460540854891e+13   5.6754460540854891e+13   4.9743946490299240e-01   5.0256053509700638e-01   5.0256053509700638e-01   5.0256053509700704e-01
  5.7016427228074781e+13   5.7016427228074781e+13   4.9722494718579224e-01   5.0277505281420642e-01   5.0277505281420642e-01   5.0277505281420709e-01
  5.7279603098582805e+13   5.7279603098582805e+13   4.9701993154056223e-01   5.0298006845943666e-01   5.0298006845943666e-01   5.0298006845943721e-01
  5.7543993733715664e+13   5.7543993733715664e+13   4.9682405028501975e-01   5.0317594971497892e-01   5.0317594971497892e-01   5.0317594971497959e-01
  5.7809604740571867e+13   5.7809604740571867e+13   4.9663694719264351e-01   5.0336305280735538e-01   5.0336305280735538e-01   5.0336305280735594e-01
  5.8076441752131117e+13   5.8076441752131117e+13   4.9645827728438274e-01   5.0354172271561615e-01   5.0354172271561615e-01   5.0354172271561670e-01
  5.8344510427374477e+13   5.8344510427374477e+13   4.9628770661494753e-01   5.0371229338505130e-01   5.0371229338505130e-01   5.0371229338505186e-01
  5.8613816451402969e+13   5.8613816451402969e+13   4.9612491205459452e-01   5.0387508794540437e-01   5.0387508794540437e-01   5.0387508794540492e-01
  5.8884365535558836e+13   5.8884365535558836e+13   4.9596958106699446e-01   5.0403041893300460e-01   5.0403041893300460e-01   5.0403041893300504e-01
  5.9156163417547430e+13   5.9156163417547430e+13   4.9582141148405290e-01   5.0417858851594588e-01   5.0417858851594588e-01   5.0417858851594655e-01
  5.9429215861557391e+13   5.9429215861557391e+13   4.9568011127818162e-01   5.0431988872181721e-01   5.0431988872181721e-01   5.0431988872181777e-01
  5.9703528658383656e+13   5.9703528658383656e+13   4.9554539833276684e-01   5.0445460166723177e-01   5.0445460166723177e-01   5.0445460166723244e-01
  5.9979107625551008e+13   5.9979107625551008e+13   4.9541700021126273e-01   5.0458299978873622e-01   5.0458299978873622e-01   5.0458299978873677e-01
  6.0255958607435930e+13   6.0255958607435930e+13   4.9529465392560101e-01   5.0470534607439776e-01   5.0470534607439776e-01   5.0470534607439843e-01
  6.0534087475391359e+13   6.0534087475391359e+13   4.9517810570424631e-01   5.0482189429575253e-01   5.0482189429575253e-01   5.0482189429575308e-01
  6.0813500127871641e+13   6.0813500127871641e+13   4.9506711076051857e-01   5.0493288923948010e-01   5.0493288923948010e-01   5.0493288923948076e-01
  6.1094202490557391e+13   6.1094202490557391e+13   4.9496143306146173e-01   5.0503856693853710e-01   5.0503856693853710e-01   5.0503856693853766e-01
  6.1376200516479453e+13   6.1376200516479453e+13   4.9486084509778233e-01   5.0513915490221650e-01   5.0513915490221650e-01   5.0513915490221706e-01
  6.1659500186148094e+13   6.1659500186148094e+13   4.9476512765509567e-01   5.0523487234490327e-01   5.0523487234490327e-01   5.0523487234490383e-01
  6.1944107507678117e+13   6.1944107507678117e+13   4.9467406958693139e-01   5.0532593041306761e-01   5.0532593041306761e-01   5.0532593041306817e-01
  6.2230028516916016e+13   6.2230028516916016e+13   4.9458746758970767e-01   5.0541253241029138e-01   5.0541253241029138e-01   5.0541253241029183e-01
  6.2517269277568492e+13   6.2517269277568492e+13   4.9450512598001439e-01   5.0549487401998450e-01   5.0549487401998450e-01   5.0549487401998505e-01
  6.2805835881331797e+13   6.2805835881331797e+13   4.9442685647442269e-01   5.0557314352557636e-01   5.0557314352557636e-01   5.0557314352557681e-01
  6.3095734448019430e+13   6.3095734448019430e+13   4.9435247797206816e-01   5.0564752202793084e-01   5.0564752202793084e-01   5.0564752202793140e-01
  6.3386971125692633e+13   6.3386971125692633e+13   4.9428181634021323e-01   5.0571818365978594e-01   5.0571818365978594e-01   5.0571818365978638e-01
  6.3679552090791617e+13   6.3679552090791617e+13   4.9421470420295777e-01   5.0578529579704123e-01   5.0578529579704123e-01   5.0578529579704179e-01
  6.3973483548264953e+13   6.3973483548264953e+13   4.9415098073329061e-01   5.0584901926670844e-01   5.0584901926670844e-01   5.0584901926670889e-01
  6.4268771731701938e+13   6.4268771731701938e+13   4.9409049144859435e-01   5.0590950855140471e-01   5.0590950855140471e-01   5.0590950855140515e-01
  6.4565422903465625e+13   6.4565422903465625e+13   4.9403308800980089e-01   5.0596691199019805e-01   5.0596691199019805e-01   5.0596691199019861e-01
  6.4863443354824016e+13   6.4863443354824016e+13   4.9397862802414777e-01   5.0602137197585129e-01   5.0602137197585129e-01   5.0602137197585173e-01
  6.5162839406084281e+13   6.5162839406084281e+13   4.9392697485190373e-01   5.0607302514809527e-01   5.0607302514809527e-01   5.0607302514809582e-01
  6.5463617406727336e+13   6.5463617406727336e+13   4.9387799741680499e-01   5.0612200258319395e-01   5.0612200258319395e-01   5.0612200258319451e-01
  6.5765783735542258e+13   6.5765783735542258e+13   4.9383157002061751e-01   5.0616842997938138e-01   5.0616842997938138e-01   5.0616842997938194e-01
  6.6069344800759641e+13   6.6069344800759641e+13   4.9378757216157365e-01   5.0621242783842546e-01   5.0621242783842546e-01   5.0621242783842590e-01
  6.6374307040190758e+13   6.6374307040190758e+13   4.9374588835695443e-01   5.0625411164304446e-01   5.0625411164304446e-01   5.0625411164304501e-01
  6.6680676921362188e+13   6.6680676921362188e+13   4.9370640796971232e-01   5.0629359203028657e-01   5.0629359203028657e-01   5.0629359203028712e-01
  6.6988460941652719e+13   6.6988460941652719e+13   4.9366902503922511e-01   5.0633097496077373e-01   5.0633097496077373e-01   5.0633097496077428e-01
  6.7297665628431680e+13   6.7297665628431680e+13   4.9363363811614563e-01   5.0636636188385320e-01   5.0636636188385320e-01   5.0636636188385376e-01
  6.7608297539198188e+13   6.7608297539198188e+13   4.9360015010140268e-01   5.0639984989859610e-01   5.0639984989859610e-01   5.0639984989859677e-01
  6.7920363261718570e+13   6.7920363261718570e+13   4.9356846808928273e-01   5.0643153191071599e-01   5.0643153191071599e-01   5.0643153191071666e-01
  6.8233869414166906e+13   6.8233869414166906e+13   4.9353850321465442e-01   5.0646149678534425e-01   5.0646149678534425e-01   5.0646149678534491e-01
  6.8548822645266203e+13   6.8548822645266203e+13   4.9351017050423673e-01   5.0648982949576205e-01   5.0648982949576205e-01   5.0648982949576271e-01
  6.8865229634427766e+13   6.8865229634427766e+13   4.9348338873196662e-01   5.0651661126803194e-01   5.0651661126803194e-01   5.0651661126803271e-01
  6.9183097091893625e+13   6.9183097091893625e+13   4.9345808027834676e-01   5.0654191972165186e-01   5.0654191972165186e-01   5.0654191972165252e-01
  6.9502431758879766e+13   6.9502431758879766e+13   4.9343417099382447e-01   5.0656582900617420e-01   5.0656582900617420e-01   5.0656582900617486e-01
  6.9823240407717328e+13   6.9823240407717328e+13   4.9341159006604923e-01   5.0658840993394949e-01   5.0658840993394949e-01   5.0658840993395016e-01
  7.0145529841997141e+13   7.0145529841997141e+13   4.9339026989117696e-01   5.0660973010882182e-01   5.0660973010882182e-01   5.0660973010882249e-01
  7.0469306896714531e+13   7.0469306896714531e+13   4.9337014594886158e-01   5.0662985405113703e-01   5.0662985405113703e-01   5.0662985405113770e-01
  7.0794578438414016e+13   7.0794578438414016e+13   4.9335115668099055e-01   5.0664884331900817e-01   5.0664884331900817e-01   5.0664884331900883e-01
  7.1121351365332953e+13   7.1121351365332953e+13   4.9333324337449741e-01   5.0666675662550154e-01   5.0666675662550154e-01   5.0666675662550209e-01
  7.1449632607551203e+13   7.1449632607551203e+13   4.9331635004734398e-01   5.0668364995265480e-01   5.0668364995265480e-01   5.0668364995265547e-01
  7.1779429127136156e+13   7.1779429127136156e+13   4.9330042333864915e-01   5.0669957666134957e-01   5.0669957666134957e-01   5.0669957666135024e-01
  7.2110747918290047e+13   7.2110747918290047e+13   4.9328541240191992e-01   5.0671458759807864e-01   5.0671458759807864e-01   5.0671458759807941e-01
  7.2443596007498906e+13   7.2443596007498906e+13   4.9327126880200423e-01   5.0672873119799444e-01   5.0672873119799444e-01   5.0672873119799511e-01
  7.2777980453682422e+13   7.2777980453682422e+13   4.9325794641547915e-01   5.0674205358451962e-01   5.0674205358451962e-01   5.0674205358452029e-01
  7.3113908348341875e+13   7.3113908348341875e+13   4.9324540133410827e-01   5.0675459866589034e-01   5.0675459866589034e-01   5.0675459866589101e-01
  7.3451386815711438e+13   7.3451386815711438e+13   4.9323359177201370e-01   5.0676640822798502e-01   5.0676640822798502e-01   5.0676640822798569e-01
  7.3790423012910156e+13   7.3790423012910156e+13   4.9322247797555119e-01   5.0677752202444737e-01   5.0677752202444737e-01   5.0677752202444815e-01
  7.4131024130091922e+13   7.4131024130091922e+13   4.9321202213677739e-01   5.0678797786322127e-01   5.0678797786322127e-01   5.0678797786322194e-01
  7.4473197390598891e+13   7.4473197390598891e+13   4.9320218830959434e-01   5.0679781169040405e-01   5.0679781169040405e-01   5.0679781169040483e-01
  7.4816950051115531e+13   7.4816950051115531e+13   4.9319294232909899e-01   5.0680705767089962e-01   5.0680705767089962e-01   5.0680705767090029e-01
  7.5162289401820766e+13   7.5162289401820766e+13   4.9318425173379543e-01   5.0681574826620313e-01   5.0681574826620313e-01   5.0681574826620390e-01
  7.5509222766543406e+13   7.5509222766543406e+13   4.9317608569053017e-01   5.0682391430946827e-01   5.0682391430946827e-01   5.0682391430946905e-01
  7.5857757502918203e+13   7.5857757502918203e+13   4.9316841492242114e-01   5.0683158507757742e-01   5.0683158507757742e-01   5.0683158507757819e-01
  7.6207901002541453e+13   7.6207901002541453e+13   4.9316121163914250e-01   5.0683878836085605e-01   5.0683878836085605e-01   5.0683878836085683e-01
  7.6559660691125688e+13   7.6559660691125688e+13   4.9315444947020137e-01   5.0684555052979707e-01   5.0684555052979707e-01   5.0684555052979785e-01
  7.6913044028660828e+13   7.6913044028660828e+13   4.9314810340038973e-01   5.0685189659960894e-01   5.0685189659960894e-01   5.0685189659960961e-01
  7.7268058509570219e+13   7.7268058509570219e+13   4.9314214970801779e-01   5.0685785029198072e-01   5.0685785029198072e-01   5.0685785029198149e-01
  7.7624711662869281e+13   7.7624711662869281e+13   4.9313656590530897e-01   5.0686343409468970e-01   5.0686343409468970e-01   5.0686343409469037e-01
  7.7983011052325781e+13   7.7983011052325781e+13   4.9313133068128712e-01   5.0686866931871166e-01   5.0686866931871166e-01   5.0686866931871233e-01
  7.8342964276621203e+13   7.8342964276621203e+13   4.9312642384682681e-01   5.0687357615317175e-01   5.0687357615317175e-01   5.0687357615317252e-01
  7.8704578969510016e+13   7.8704578969510016e+13   4.9312182628191892e-01   5.0687817371807986e-01   5.0687817371807986e-01   5.0687817371808053e-01
  7.9067862799982453e+13   7.9067862799982453e+13   4.9311751988510028e-01   5.0688248011489834e-01   5.0688248011489834e-01   5.0688248011489900e-01
  7.9432823472428219e+13   7.9432823472428219e+13   4.9311348752484968e-01   5.0688651247514893e-01   5.0688651247514893e-01   5.0688651247514960e-01
  7.9799468726797844e+13   7.9799468726797844e+13   4.9310971299310358e-01   5.0689028700689498e-01   5.0689028700689498e-01   5.0689028700689576e-01
  8.0167806338767891e+13   8.0167806338767891e+13   4.9310618096053532e-01   5.0689381903946329e-01   5.0689381903946329e-01   5.0689381903946396e-01
  8.0537844119906438e+13   8.0537844119906438e+13   4.9310287693388349e-01   5.0689712306611523e-01   5.0689712306611523e-01   5.0689712306611590e-01
  8.0909589917838469e+13   8.0909589917838469e+13   4.9309978721488928e-01   5.0690021278510944e-01   5.0690021278510944e-01   5.0690021278511010e-01
  8.1283051616409953e+13   8.1283051616409953e+13   4.9309689886116248e-01   5.0690310113883630e-01   5.0690310113883630e-01   5.0690310113883696e-01
  8.1658237135859062e+13   8.1658237135859062e+13   4.9309419964855311e-01   5.0690580035144572e-01   5.0690580035144572e-01   5.0690580035144628e-01
  8.2035154432981766e+13   8.2035154432981766e+13   4.9309167803530768e-01   5.0690832196469082e-01   5.0690832196469082e-01   5.0690832196469160e-01
  8.2413811501300297e+13   8.2413811501300297e+13   4.9308932312764281e-01   5.0691067687235580e-01   5.0691067687235580e-01   5.0691067687235647e-01
  8.2794216371233281e+13   8.2794216371233281e+13   4.9308712464696453e-01   5.0691287535303420e-01   5.0691287535303420e-01   5.0691287535303486e-01
  8.3176377110267094e+13   8.3176377110267094e+13   4.9308507289842313e-01   5.0691492710157549e-01   5.0691492710157549e-01   5.0691492710157615e-01
  8.3560301823124922e+13   8.3560301823124922e+13   4.9308315874098019e-01   5.0691684125901837e-01   5.0691684125901837e-01   5.0691684125901915e-01
  8.3945998651939641e+13   8.3945998651939641e+13   4.9308137355872794e-01   5.0691862644127073e-01   5.0691862644127073e-01   5.0691862644127139e-01
  8.4333475776427562e+13   8.4333475776427562e+13   4.9307970923359817e-01   5.0692029076640033e-01   5.0692029076640033e-01   5.0692029076640110e-01
  8.4722741414059812e+13   8.4722741414059812e+13   4.9307815811924505e-01   5.0692184188075362e-01   5.0692184188075362e-01   5.0692184188075429e-01
  8.5113803820237594e+13   8.5113803820237594e+13   4.9307671301620226e-01   5.0692328698379641e-01   5.0692328698379641e-01   5.0692328698379707e-01
  8.5506671288468406e+13   8.5506671288468406e+13   4.9307536714813399e-01   5.0692463285186462e-01   5.0692463285186462e-01   5.0692463285186529e-01
  8.5901352150539781e+13   8.5901352150539781e+13   4.9307411413925945e-01   5.0692588586073917e-01   5.0692588586073917e-01   5.0692588586073983e-01
  8.6297854776697016e+13   8.6297854776697016e+13   4.9307294799278667e-01   5.0692705200721200e-01   5.0692705200721200e-01   5.0692705200721266e-01
  8.6696187575821438e+13   8.6696187575821438e+13   4.9307186307043033e-01   5.0692813692956840e-01   5.0692813692956840e-01   5.0692813692956906e-01
  8.7096358995608312e+13   8.7096358995608312e+13   4.9307085407285972e-01   5.0692914592713911e-01   5.0692914592713911e-01   5.0692914592713967e-01
  8.7498377522743641e+13   8.7498377522743641e+13   4.9306991602114436e-01   5.0693008397885442e-01   5.0693008397885442e-01   5.0693008397885508e-01
  8.7902251683088250e+13   8.7902251683088250e+13   4.9306904423905429e-01   5.0693095576094438e-01   5.0693095576094438e-01   5.0693095576094505e-01
  8.8307990041856219e+13   8.8307990041856219e+13   4.9306823433627839e-01   5.0693176566372034e-01   5.0693176566372034e-01   5.0693176566372100e-01
  8.8715601203796172e+13   8.8715601203796172e+13   4.9306748219242785e-01   5.0693251780757098e-01   5.0693251780757098e-01   5.0693251780757154e-01
  8.9125093813374406e+13   8.9125093813374406e+13   4.9306678394188069e-01   5.0693321605811803e-01   5.0693321605811803e-01   5.0693321605811870e-01
  8.9536476554959375e+13   8.9536476554959375e+13   4.9306613595934745e-01   5.0693386404065111e-01   5.0693386404065111e-01   5.0693386404065188e-01
  8.9949758153003641e+13   8.9949758153003641e+13   4.9306553484620552e-01   5.0693446515379303e-01   5.0693446515379303e-01   5.0693446515379381e-01
  9.0364947372230047e+13   9.0364947372230047e+13   4.9306497741749677e-01   5.0693502258250189e-01   5.0693502258250189e-01   5.0693502258250256e-01
  9.0782053017818609e+13   9.0782053017818609e+13   4.9306446068962090e-01   5.0693553931037771e-01   5.0693553931037771e-01   5.0693553931037838e-01
  9.1201083935591156e+13   9.1201083935591156e+13   4.9306398186864592e-01   5.0693601813135281e-01   5.0693601813135281e-01   5.0693601813135347e-01
  9.1622049012199922e+13   9.1622049012199922e+13   4.9306353833924066e-01   5.0693646166075801e-01   5.0693646166075801e-01   5.0693646166075867e-01
  9.2044957175317219e+13   9.2044957175317219e+13   4.9306312765418248e-01   5.0693687234581619e-01   5.0693687234581619e-01   5.0693687234581686e-01
  9.2469817393822484e+13   9.2469817393822484e+13   4.9306274752442070e-01   5.0693725247557797e-01   5.0693725247557797e-01   5.0693725247557864e-01
  9.2896638677993625e+13   9.2896638677993625e+13   4.9306239580967243e-01   5.0693760419032641e-01   5.0693760419032641e-01   5.0693760419032696e-01
  9.3325430079698859e+13   9.3325430079698859e+13   4.9306207050951306e-01   5.0693792949048566e-01   5.0693792949048566e-01   5.0693792949048633e-01
  9.3756200692588312e+13   9.3756200692588312e+13   4.9306176975498223e-01   5.0693823024501650e-01   5.0693823024501650e-01   5.0693823024501716e-01
  9.4188959652284188e+13   9.4188959652284188e+13   4.9306149180058301e-01   5.0693850819941577e-01   5.0693850819941577e-01   5.0693850819941644e-01
  9.4623716136579109e+13   9.4623716136579109e+13   4.9306123501678950e-01   5.0693876498320922e-01   5.0693876498320922e-01   5.0693876498320989e-01
  9.5060479365628094e+13   9.5060479365628094e+13   4.9306099788292213e-01   5.0693900211707676e-01   5.0693900211707676e-01   5.0693900211707732e-01
  9.5499258602143688e+13   9.5499258602143688e+13   4.9306077898041362e-01   5.0693922101958544e-01   5.0693922101958544e-01   5.0693922101958588e-01
  9.5940063151593156e+13   9.5940063151593156e+13   4.9306057698651884e-01   5.0693942301348016e-01   5.0693942301348016e-01   5.0693942301348072e-01
  9.6382902362397047e+13   9.6382902362397047e+13   4.9306039066827595e-01   5.0693960933172300e-01   5.0693960933172300e-01   5.0693960933172355e-01
  9.6827785626125062e+13   9.6827785626125062e+13   4.9306021887692375e-01   5.0693978112307514e-01   5.0693978112307514e-01   5.0693978112307569e-01
  9.7274722377696406e+13   9.7274722377696406e+13   4.9306006054252804e-01   5.0693993945747085e-01   5.0693993945747085e-01   5.0693993945747140e-01
  9.7723722095581109e+13   9.7723722095581109e+13   4.9305991466901605e-01   5.0694008533098289e-01   5.0694008533098289e-01   5.0694008533098345e-01
  9.8174794301998641e+13   9.8174794301998641e+13   4.9305978032940756e-01   5.0694021967059155e-01   5.0694021967059155e-01   5.0694021967059200e-01
  9.8627948563121000e+13   9.8627948563121000e+13   4.9305965666141233e-01   5.0694034333858662e-01   5.0694034333858662e-01   5.0694034333858717e-01
  9.9083194489276859e+13   9.9083194489276859e+13   4.9305954286320253e-01   5.0694045713679636e-01   5.0694045713679636e-01   5.0694045713679692e-01
  9.9540541735152953e+13   9.9540541735152953e+13   4.9305943818951453e-01   5.0694056181048419e-01   5.0694056181048419e-01   5.0694056181048486e-01
  1.0000000000000000e+14   1.0000000000000000e+14   4.9305934194790751e-01   5.0694065805209132e-01   5.0694065805209132e-01   5.0694065805209187e-01
  1.0046157902783927e+14   1.0046157902783927e+14   4.9305925349533164e-01   5.0694074650466747e-01   5.0694074650466747e-01   5.0694074650466792e-01
  1.0092528860766875e+14   1.0092528860766875e+14   4.9305917223475948e-01   5.0694082776523941e-01   5.0694082776523941e-01   5.0694082776523997e-01
  1.0139113857366800e+14   1.0139113857366800e+14   4.9305909761222705e-01   5.0694090238777179e-01   5.0694090238777179e-01   5.0694090238777234e-01
  1.0185913880541148e+14   1.0185913880541148e+14   4.9305902911389565e-01   5.0694097088610335e-01   5.0694097088610335e-01   5.0694097088610390e-01
  1.0232929922807536e+14   1.0232929922807536e+14   4.9305896626333939e-01   5.0694103373665955e-01   5.0694103373665955e-01   5.0694103373666011e-01
  1.0280162981264745e+14   1.0280162981264745e+14   4.9305890861903195e-01   5.0694109138096710e-01   5.0694109138096710e-01   5.0694109138096755e-01
  1.0327614057613959e+14   1.0327614057613959e+14   4.9305885577191122e-01   5.0694114422808767e-01   5.0694114422808767e-01   5.0694114422808823e-01
  1.0375284158180127e+14   1.0375284158180127e+14   4.9305880734323160e-01   5.0694119265676740e-01   5.0694119265676740e-01   5.0694119265676796e-01
  1.0423174293933058e+14   1.0423174293933058e+14   4.9305876298237733e-01   5.0694123701762184e-01   5.0694123701762184e-01   5.0694123701762228e-01
  1.0471285480508984e+14   1.0471285480508984e+14   4.9305872236500142e-01   5.0694127763499774e-01   5.0694127763499774e-01   5.0694127763499819e-01
  1.0519618738232234e+14   1.0519618738232234e+14   4.9305868519111262e-01   5.0694131480888649e-01   5.0694131480888649e-01   5.0694131480888693e-01
  1.0568175092136606e+14   1.0568175092136606e+14   4.9305865118342179e-01   5.0694134881657715e-01   5.0694134881657715e-01   5.0694134881657771e-01
  1.0616955571987242e+14   1.0616955571987242e+14   4.9305862008568363e-01   5.0694137991431532e-01   5.0694137991431532e-01   5.0694137991431587e-01
  1.0665961212302589e+14   1.0665961212302589e+14   4.9305859166125088e-01   5.0694140833874846e-01   5.0694140833874846e-01   5.0694140833874879e-01
  1.0715193052376092e+14   1.0715193052376092e+14   4.9305856569163875e-01   5.0694143430836025e-01   5.0694143430836025e-01   5.0694143430836081e-01
  1.0764652136298350e+14   1.0764652136298350e+14   4.9305854197523924e-01   5.0694145802475987e-01   5.0694145802475987e-01   5.0694145802476032e-01
  1.0814339512979353e+14   1.0814339512979353e+14   4.9305852032608571e-01   5.0694147967391345e-01   5.0694147967391345e-01   5.0694147967391390e-01
  1.0864256236170689e+14   1.0864256236170689e+14   4.9305850057272405e-01   5.0694149942727518e-01   5.0694149942727518e-01   5.0694149942727562e-01
  1.0914403364487572e+14   1.0914403364487572e+14   4.9305848255714668e-01   5.0694151744285243e-01   5.0694151744285243e-01   5.0694151744285287e-01
  1.0964781961431828e+14   1.0964781961431828e+14   4.9305846613380316e-01   5.0694153386619600e-01   5.0694153386619600e-01   5.0694153386619645e-01
  1.1015393095414145e+14   1.1015393095414145e+14   4.9305845116868391e-01   5.0694154883131515e-01   5.0694154883131515e-01   5.0694154883131559e-01
  1.1066237839776675e+14   1.1066237839776675e+14   4.9305843753845363e-01   5.0694156246154554e-01   5.0694156246154554e-01   5.0694156246154598e-01
  1.1117317272815897e+14   1.1117317272815897e+14   4.9305842512965770e-01   5.0694157487034108e-01   5.0694157487034108e-01   5.0694157487034175e-01
  1.1168632477805612e+14   1.1168632477805612e+14   4.9305841383797278e-01   5.0694158616202623e-01   5.0694158616202623e-01   5.0694158616202678e-01
  1.1220184543019653e+14   1.1220184543019653e+14   4.9305840356752362e-01   5.0694159643247527e-01   5.0694159643247527e-01   5.0694159643247583e-01
  1.1271974561755094e+14   1.1271974561755094e+14   4.9305839423023146e-01   5.0694160576976743e-01   5.0694160576976743e-01   5.0694160576976799e-01
  1.1324003632355578e+14   1.1324003632355578e+14   4.9305838574522465e-01   5.0694161425477424e-01   5.0694161425477424e-01   5.0694161425477480e-01
  1.1376272858234333e+14   1.1376272858234333e+14   4.9305837803827690e-01   5.0694162196172188e-01   5.0694162196172188e-01   5.0694162196172254e-01
  1.1428783347897712e+14   1.1428783347897712e+14   4.9305837104129840e-01   5.0694162895870054e-01   5.0694162895870054e-01   5.0694162895870110e-01
  1.1481536214968841e+14   1.1481536214968841e+14   4.9305836469185843e-01   5.0694163530814051e-01   5.0694163530814051e-01   5.0694163530814107e-01
  1.1534532578210953e+14   1.1534532578210953e+14   4.9305835893273603e-01   5.0694164106726292e-01   5.0694164106726292e-01   5.0694164106726347e-01
  1.1587773561551262e+14   1.1587773561551262e+14   4.9305835371149431e-01   5.0694164628850491e-01   5.0694164628850491e-01   5.0694164628850535e-01
  1.1641260294104884e+14   1.1641260294104884e+14   4.9305834898014916e-01   5.0694165101985000e-01   5.0694165101985000e-01   5.0694165101985045e-01
  1.1694993910198747e+14   1.1694993910198747e+14   4.9305834469477344e-01   5.0694165530522550e-01   5.0694165530522550e-01   5.0694165530522606e-01
  1.1748975549395303e+14   1.1748975549395303e+14   4.9305834081517780e-01   5.0694165918482126e-01   5.0694165918482126e-01   5.0694165918482170e-01
  1.1803206356517273e+14   1.1803206356517273e+14   4.9305833730464171e-01   5.0694166269535723e-01   5.0694166269535723e-01   5.0694166269535779e-01
  1.1857687481671597e+14   1.1857687481671597e+14   4.9305833412959033e-01   5.0694166587040879e-01   5.0694166587040879e-01   5.0694166587040923e-01
  1.1912420080273762e+14   1.1912420080273762e+14   4.9305833125934695e-01   5.0694166874065194e-01   5.0694166874065194e-01   5.0694166874065250e-01
  1.1967405313072419e+14   1.1967405313072419e+14   4.9305832866592664e-01   5.0694167133407242e-01   5.0694167133407242e-01   5.0694167133407286e-01
  1.2022644346174131e+14   1.2022644346174131e+14   4.9305832632375879e-01   5.0694167367624021e-01   5.0694167367624021e-01   5.0694167367624077e-01
  1.2078138351067822e+14   1.2078138351067822e+14   4.9305832420955920e-01   5.0694167579043981e-01   5.0694167579043981e-01   5.0694167579044036e-01
  1.2133888504649762e+14   1.2133888504649762e+14   4.9305832230206598e-01   5.0694167769793297e-01   5.0694167769793297e-01   5.0694167769793352e-01
  1.2189895989248673e+14   1.2189895989248673e+14   4.9305832058193561e-01   5.0694167941806345e-01   5.0694167941806345e-01   5.0694167941806390e-01
  1.2246161992650514e+14   1.2246161992650514e+14   4.9305831903152986e-01   5.0694168096846914e-01   5.0694168096846914e-01   5.0694168096846970e-01
  1.2302687708123811e+14   1.2302687708123811e+14   4.9305831763480457e-01   5.0694168236519443e-01   5.0694168236519443e-01   5.0694168236519499e-01
  1.2359474334445120e+14   1.2359474334445120e+14   4.9305831637715591e-01   5.0694168362284309e-01   5.0694168362284309e-01   5.0694168362284364e-01
  1.2416523075924145e+14   1.2416523075924145e+14   4.9305831524530758e-01   5.0694168475469148e-01   5.0694168475469148e-01   5.0694168475469192e-01
  1.2473835142429433e+14   1.2473835142429433e+14   4.9305831422720153e-01   5.0694168577279741e-01   5.0694168577279741e-01   5.0694168577279797e-01
  1.2531411749414130e+14   1.2531411749414130e+14   4.9305831331186500e-01   5.0694168668813411e-01   5.0694168668813411e-01   5.0694168668813455e-01
  1.2589254117941714e+14   1.2589254117941714e+14   4.9305831248935378e-01   5.0694168751064517e-01   5.0694168751064517e-01   5.0694168751064572e-01
  1.2647363474711522e+14   1.2647363474711522e+14   4.9305831175062670e-01   5.0694168824937225e-01   5.0694168824937225e-01   5.0694168824937280e-01
  1.2705741052085394e+14   1.2705741052085394e+14   4.9305831108749826e-01   5.0694168891250080e-01   5.0694168891250080e-01   5.0694168891250124e-01
  1.2764388088113434e+14   1.2764388088113434e+14   4.9305831049253662e-01   5.0694168950746243e-01   5.0694168950746243e-01   5.0694168950746288e-01
  1.2823305826560231e+14   1.2823305826560231e+14   4.9305830995901656e-01   5.0694169004098244e-01   5.0694169004098244e-01   5.0694169004098300e-01
  1.2882495516931323e+14   1.2882495516931323e+14   4.9305830948084278e-01   5.0694169051915627e-01   5.0694169051915627e-01   5.0694169051915672e-01
  1.2941958414499862e+14   1.2941958414499862e+14   4.9305830905249887e-01   5.0694169094750019e-01   5.0694169094750019e-01   5.0694169094750063e-01
  1.3001695780332927e+14   1.3001695780332927e+14   4.9305830866899597e-01   5.0694169133100309e-01   5.0694169133100309e-01   5.0694169133100353e-01
  1.3061708881318405e+14   1.3061708881318405e+14   4.9305830832582059e-01   5.0694169167417857e-01   5.0694169167417857e-01   5.0694169167417902e-01
  1.3121998990192042e+14   1.3121998990192042e+14   4.9305830801889872e-01   5.0694169198110028e-01   5.0694169198110028e-01   5.0694169198110084e-01
  1.3182567385564102e+14   1.3182567385564102e+14   4.9305830774454512e-01   5.0694169225545382e-01   5.0694169225545382e-01   5.0694169225545438e-01
  1.3243415351946644e+14   1.3243415351946644e+14   4.9305830749943608e-01   5.0694169250056287e-01   5.0694169250056287e-01   5.0694169250056342e-01
  1.3304544179780928e+14   1.3304544179780928e+14   4.9305830728056582e-01   5.0694169271943312e-01   5.0694169271943312e-01   5.0694169271943368e-01
  1.3365955165464459e+14   1.3365955165464459e+14   4.9305830708524251e-01   5.0694169291475655e-01   5.0694169291475655e-01   5.0694169291475699e-01
  1.3427649611378642e+14   1.3427649611378642e+14   4.9305830691103875e-01   5.0694169308896031e-01   5.0694169308896031e-01   5.0694169308896075e-01
  1.3489628825916505e+14   1.3489628825916505e+14   4.9305830675575174e-01   5.0694169324424732e-01   5.0694169324424732e-01   5.0694169324424776e-01
  1.3551894123510406e+14   1.3551894123510406e+14   4.9305830661739186e-01   5.0694169338260708e-01   5.0694169338260708e-01   5.0694169338260764e-01
  1.3614446824659511e+14   1.3614446824659511e+14   4.9305830649418853e-01   5.0694169350581053e-01   5.0694169350581053e-01   5.0694169350581098e-01
  1.3677288255958467e+14   1.3677288255958467e+14   4.9305830638454545e-01   5.0694169361545360e-01   5.0694169361545360e-01   5.0694169361545405e-01
  1.3740419750125148e+14   1.3740419750125148e+14   4.9305830628700198e-01   5.0694169371299680e-01   5.0694169371299680e-01   5.0694169371299747e-01
  1.3803842646028867e+14   1.3803842646028867e+14   4.9305830620028762e-01   5.0694169379971143e-01   5.0694169379971143e-01   5.0694169379971188e-01
  1.3867558288718867e+14   1.3867558288718867e+14   4.9305830612324558e-01   5.0694169387675325e-01   5.0694169387675325e-01   5.0694169387675381e-01
  1.3931568029453036e+14   1.3931568029453036e+14   4.9305830605482853e-01   5.0694169394517041e-01   5.0694169394517041e-01   5.0694169394517097e-01
  1.3995873225726206e+14   1.3995873225726206e+14   4.9305830599411887e-01   5.0694169400588007e-01   5.0694169400588007e-01   5.0694169400588063e-01
  1.4060475241299128e+14   1.4060475241299128e+14   4.9305830594027034e-01   5.0694169405972866e-01   5.0694169405972866e-01   5.0694169405972922e-01
  1.4125375446227553e+14   1.4125375446227553e+14   4.9305830589253408e-01   5.0694169410746492e-01   5.0694169410746492e-01   5.0694169410746548e-01
  1.4190575216890956e+14   1.4190575216890956e+14   4.9305830585024712e-01   5.0694169414975199e-01   5.0694169414975199e-01   5.0694169414975243e-01
  1.4256075936021878e+14   1.4256075936021878e+14   4.9305830581280052e-01   5.0694169418719837e-01   5.0694169418719837e-01   5.0694169418719892e-01
  1.4321878992735394e+14   1.4321878992735394e+14   4.9305830577966875e-01   5.0694169422033042e-01   5.0694169422033042e-01   5.0694169422033086e-01
  1.4387985782558497e+14   1.4387985782558497e+14   4.9305830575036752e-01   5.0694169424963165e-01   5.0694169424963165e-01   5.0694169424963209e-01
  1.4454397707459281e+14   1.4454397707459281e+14   4.9305830572445919e-01   5.0694169427554003e-01   5.0694169427554003e-01   5.0694169427554048e-01
  1.4521116175877391e+14   1.4521116175877391e+14   4.9305830570155895e-01   5.0694169429844016e-01   5.0694169429844016e-01   5.0694169429844060e-01
  1.4588142602753475e+14   1.4588142602753475e+14   4.9305830568133768e-01   5.0694169431866143e-01   5.0694169431866143e-01   5.0694169431866187e-01
  1.4655478409559128e+14   1.4655478409559128e+14   4.9305830566351599e-01   5.0694169433648295e-01   5.0694169433648295e-01   5.0694169433648351e-01
  1.4723125024327162e+14   1.4723125024327162e+14   4.9305830564780123e-01   5.0694169435219782e-01   5.0694169435219782e-01   5.0694169435219827e-01
  1.4791083881682072e+14   1.4791083881682072e+14   4.9305830563395275e-01   5.0694169436604630e-01   5.0694169436604630e-01   5.0694169436604675e-01
  1.4859356422870091e+14   1.4859356422870091e+14   4.9305830562177211e-01   5.0694169437822689e-01   5.0694169437822689e-01   5.0694169437822745e-01
  1.4927944095789944e+14   1.4927944095789944e+14   4.9305830561104907e-01   5.0694169438895009e-01   5.0694169438895009e-01   5.0694169438895054e-01
  1.4996848355023741e+14   1.4996848355023741e+14   4.9305830560161290e-01   5.0694169439838621e-01   5.0694169439838621e-01   5.0694169439838666e-01
  1.5066070661867447e+14   1.5066070661867447e+14   4.9305830559332148e-01   5.0694169440667769e-01   5.0694169440667769e-01   5.0694169440667813e-01
  1.5135612484362072e+14   1.5135612484362072e+14   4.9305830558603048e-01   5.0694169441396852e-01   5.0694169441396852e-01   5.0694169441396908e-01
  1.5205475297324969e+14   1.5205475297324969e+14   4.9305830557962682e-01   5.0694169442037218e-01   5.0694169442037218e-01   5.0694169442037273e-01
  1.5275660582380762e+14   1.5275660582380762e+14   4.9305830557401553e-01   5.0694169442598347e-01   5.0694169442598347e-01   5.0694169442598402e-01
  1.5346169827992941e+14   1.5346169827992941e+14   4.9305830556910196e-01   5.0694169443089709e-01   5.0694169443089709e-01   5.0694169443089754e-01
  1.5417004529495553e+14   1.5417004529495553e+14   4.9305830556480112e-01   5.0694169443519799e-01   5.0694169443519799e-01   5.0694169443519843e-01
  1.5488166189124859e+14   1.5488166189124859e+14   4.9305830556102775e-01   5.0694169443897152e-01   5.0694169443897152e-01   5.0694169443897186e-01
  1.5559656316050750e+14   1.5559656316050750e+14   4.9305830555772967e-01   5.0694169444226955e-01   5.0694169444226955e-01   5.0694169444227000e-01
  1.5631476426409506e+14   1.5631476426409506e+14   4.9305830555484959e-01   5.0694169444514958e-01   5.0694169444514958e-01   5.0694169444515003e-01
  1.5703628043335516e+14   1.5703628043335516e+14   4.9305830555231867e-01   5.0694169444768045e-01   5.0694169444768045e-01   5.0694169444768089e-01
  1.5776112696993500e+14   1.5776112696993500e+14   4.9305830555008884e-01   5.0694169444991022e-01   5.0694169444991022e-01   5.0694169444991066e-01
  1.5848931924611109e+14   1.5848931924611109e+14   4.9305830554814689e-01   5.0694169445185211e-01   5.0694169445185211e-01   5.0694169445185266e-01
  1.5922087270511700e+14   1.5922087270511700e+14   4.9305830554645258e-01   5.0694169445354664e-01   5.0694169445354664e-01   5.0694169445354709e-01
  1.5995580286146712e+14   1.5995580286146712e+14   4.9305830554496727e-01   5.0694169445503190e-01   5.0694169445503190e-01   5.0694169445503234e-01
  1.6069412530128756e+14   1.6069412530128756e+14   4.9305830554367708e-01   5.0694169445632209e-01   5.0694169445632209e-01   5.0694169445632253e-01
  1.6143585568264869e+14   1.6143585568264869e+14   4.9305830554255858e-01   5.0694169445744064e-01   5.0694169445744064e-01   5.0694169445744108e-01
  1.6218100973589331e+14   1.6218100973589331e+14   4.9305830554158397e-01   5.0694169445841519e-01   5.0694169445841519e-01   5.0694169445841564e-01
  1.6292960326397216e+14   1.6292960326397216e+14   4.9305830554072194e-01   5.0694169445927717e-01   5.0694169445927717e-01   5.0694169445927761e-01
  1.6368165214278103e+14   1.6368165214278103e+14   4.9305830553996483e-01   5.0694169446003445e-01   5.0694169446003445e-01   5.0694169446003479e-01
  1.6443717232149356e+14   1.6443717232149356e+14   4.9305830553931396e-01   5.0694169446068527e-01   5.0694169446068527e-01   5.0694169446068571e-01
  1.6519617982290150e+14   1.6519617982290150e+14   4.9305830553877000e-01   5.0694169446122928e-01   5.0694169446122928e-01   5.0694169446122961e-01
  1.6595869074375562e+14   1.6595869074375562e+14   4.9305830553830116e-01   5.0694169446169812e-01   5.0694169446169812e-01   5.0694169446169846e-01
  1.6672472125510678e+14   1.6672472125510678e+14   4.9305830553789204e-01   5.0694169446210724e-01   5.0694169446210724e-01   5.0694169446210757e-01
  1.6749428760264381e+14   1.6749428760264381e+14   4.9305830553754371e-01   5.0694169446245563e-01   5.0694169446245563e-01   5.0694169446245596e-01
  1.6826740610704638e+14   1.6826740610704638e+14   4.9305830553725516e-01   5.0694169446274406e-01   5.0694169446274406e-01   5.0694169446274451e-01
  1.6904409316432631e+14   1.6904409316432631e+14   4.9305830553700347e-01   5.0694169446299575e-01   5.0694169446299575e-01   5.0694169446299620e-01
  1.6982436524617459e+14   1.6982436524617459e+14   4.9305830553678137e-01   5.0694169446321802e-01   5.0694169446321802e-01   5.0694169446321835e-01
  1.7060823890031209e+14   1.7060823890031209e+14   4.9305830553658925e-01   5.0694169446341009e-01   5.0694169446341009e-01   5.0694169446341042e-01
  1.7139573075084253e+14   1.7139573075084253e+14   4.9305830553642577e-01   5.0694169446357340e-01   5.0694169446357340e-01   5.0694169446357384e-01
  1.7218685749860097e+14   1.7218685749860097e+14   4.9305830553628066e-01   5.0694169446371862e-01   5.0694169446371862e-01   5.0694169446371895e-01
  1.7298163592150997e+14   1.7298163592150997e+14   4.9305830553615249e-01   5.0694169446384674e-01   5.0694169446384674e-01   5.0694169446384718e-01
  1.7378008287493762e+14   1.7378008287493762e+14   4.9305830553604152e-01   5.0694169446395765e-01   5.0694169446395765e-01   5.0694169446395809e-01
  1.7458221529205075e+14   1.7458221529205075e+14   4.9305830553594593e-01   5.0694169446405335e-01   5.0694169446405335e-01   5.0694169446405368e-01
  1.7538805018417603e+14   1.7538805018417603e+14   4.9305830553586133e-01   5.0694169446413784e-01   5.0694169446413784e-01   5.0694169446413828e-01
  1.7619760464116309e+14   1.7619760464116309e+14   4.9305830553578767e-01   5.0694169446421145e-01   5.0694169446421145e-01   5.0694169446421189e-01
  1.7701089583174256e+14   1.7701089583174256e+14   4.9305830553572405e-01   5.0694169446427528e-01   5.0694169446427528e-01   5.0694169446427562e-01
  1.7782794100389228e+14   1.7782794100389228e+14   4.9305830553565766e-01   5.0694169446434156e-01   5.0694169446434156e-01   5.0694169446434201e-01
  1.7864875748520462e+14   1.7864875748520462e+14   4.9305830553559904e-01   5.0694169446440029e-01   5.0694169446440029e-01   5.0694169446440063e-01
  1.7947336268325322e+14   1.7947336268325322e+14   4.9305830553554825e-01   5.0694169446445114e-01   5.0694169446445114e-01   5.0694169446445148e-01
  1.8030177408595700e+14   1.8030177408595700e+14   4.9305830553550539e-01   5.0694169446449389e-01   5.0694169446449389e-01   5.0694169446449422e-01
  1.8113400926195988e+14   1.8113400926195988e+14   4.9305830553547064e-01   5.0694169446452875e-01   5.0694169446452875e-01   5.0694169446452908e-01
  1.8197008586099825e+14   1.8197008586099825e+14   4.9305830553544405e-01   5.0694169446455528e-01   5.0694169446455528e-01   5.0694169446455561e-01
  1.8281002161427447e+14   1.8281002161427447e+14   4.9305830553542579e-01   5.0694169446457360e-01   5.0694169446457360e-01   5.0694169446457393e-01
  1.8365383433483438e+14   1.8365383433483438e+14   4.9305830553540075e-01   5.0694169446459858e-01   5.0694169446459858e-01   5.0694169446459891e-01
  1.8450154191794738e+14   1.8450154191794738e+14   4.9305830553537838e-01   5.0694169446462101e-01   5.0694169446462101e-01   5.0694169446462134e-01
  1.8535316234148144e+14   1.8535316234148144e+14   4.9305830553536029e-01   5.0694169446463910e-01   5.0694169446463910e-01   5.0694169446463944e-01
  1.8620871366628656e+14   1.8620871366628656e+14   4.9305830553534646e-01   5.0694169446465287e-01   5.0694169446465287e-01   5.0694169446465320e-01
  1.8706821403658016e+14   1.8706821403658016e+14   4.9305830553533703e-01   5.0694169446466242e-01   5.0694169446466242e-01   5.0694169446466275e-01
  1.8793168168032725e+14   1.8793168168032725e+14   4.9305830553533198e-01   5.0694169446466741e-01   5.0694169446466741e-01   5.0694169446466775e-01
  1.8879913490962925e+14   1.8879913490962925e+14   4.9305830553533142e-01   5.0694169446466797e-01   5.0694169446466797e-01   5.0694169446466830e-01
  1.8967059212111484e+14   1.8967059212111484e+14   4.9305830553532498e-01   5.0694169446467441e-01   5.0694169446467441e-01   5.0694169446467474e-01
  1.9054607179632522e+14   1.9054607179632522e+14   4.9305830553531982e-01   5.0694169446467974e-01   5.0694169446467974e-01   5.0694169446467996e-01
  1.9142559250210859e+14   1.9142559250210859e+14   4.9305830553531627e-01   5.0694169446468329e-01   5.0694169446468329e-01   5.0694169446468351e-01
  1.9230917289101538e+14   1.9230917289101538e+14   4.9305830553531454e-01   5.0694169446468507e-01   5.0694169446468507e-01   5.0694169446468529e-01
  1.9319683170169300e+14   1.9319683170169300e+14   4.9305830553531454e-01   5.0694169446468496e-01   5.0694169446468496e-01   5.0694169446468518e-01
  1.9408858775927794e+14   1.9408858775927794e+14   4.9305830553531638e-01   5.0694169446468318e-01   5.0694169446468318e-01   5.0694169446468340e-01
  1.9498445997580416e+14   1.9498445997580416e+14   4.9305830553531932e-01   5.0694169446468007e-01   5.0694169446468007e-01   5.0694169446468040e-01
  1.9588446735059891e+14   1.9588446735059891e+14   4.9305830553532037e-01   5.0694169446467907e-01   5.0694169446467907e-01   5.0694169446467940e-01
  1.9678862897068469e+14   1.9678862897068469e+14   4.9305830553532137e-01   5.0694169446467807e-01   5.0694169446467807e-01   5.0694169446467841e-01
  1.9769696401118578e+14   1.9769696401118578e+14   4.9305830553532243e-01   5.0694169446467707e-01   5.0694169446467707e-01   5.0694169446467729e-01
  1.9860949173573716e+14   1.9860949173573716e+14   4.9305830553532343e-01   5.0694169446467596e-01   5.0694169446467596e-01   5.0694169446467630e-01
  1.9952623149688828e+14   1.9952623149688828e+14   4.9305830553532448e-01   5.0694169446467496e-01   5.0694169446467496e-01   5.0694169446467530e-01
  2.0044720273651594e+14   2.0044720273651594e+14   4.9305830553532554e-01   5.0694169446467385e-01   5.0694169446467385e-01   5.0694169446467419e-01
  2.0137242498623894e+14   2.0137242498623894e+14   4.9305830553532659e-01   5.0694169446467285e-01   5.0694169446467285e-01   5.0694169446467319e-01
  2.0230191786782759e+14   2.0230191786782759e+14   4.9305830553532765e-01   5.0694169446467174e-01   5.0694169446467174e-01   5.0694169446467208e-01
  2.0323570109362209e+14   2.0323570109362209e+14   4.9305830553532870e-01   5.0694169446467074e-01   5.0694169446467074e-01   5.0694169446467108e-01
  2.0417379446695316e+14   2.0417379446695316e+14   4.9305830553532981e-01   5.0694169446466963e-01   5.0694169446466963e-01   5.0694169446466997e-01
  2.0511621788255709e+14   2.0511621788255709e+14   4.9305830553533087e-01   5.0694169446466864e-01   5.0694169446466864e-01   5.0694169446466886e-01
  2.0606299132700006e+14   2.0606299132700006e+14   4.9305830553533192e-01   5.0694169446466752e-01   5.0694169446466752e-01   5.0694169446466786e-01
  2.0701413487910372e+14   2.0701413487910372e+14   4.9305830553533303e-01   5.0694169446466641e-01   5.0694169446466641e-01   5.0694169446466675e-01
  2.0796966871037022e+14   2.0796966871037022e+14   4.9305830553533408e-01   5.0694169446466530e-01   5.0694169446466530e-01   5.0694169446466564e-01
  2.0892961308540409e+14   2.0892961308540409e+14   4.9305830553533520e-01   5.0694169446466419e-01   5.0694169446466419e-01   5.0694169446466453e-01
  2.0989398836235203e+14   2.0989398836235203e+14   4.9305830553533631e-01   5.0694169446466320e-01   5.0694169446466320e-01   5.0694169446466342e-01
  2.1086281499332888e+14   2.1086281499332888e+14   4.9305830553533736e-01   5.0694169446466208e-01   5.0694169446466208e-01   5.0694169446466242e-01
  2.1183611352485044e+14   2.1183611352485044e+14   4.9305830553533764e-01   5.0694169446466175e-01   5.0694169446466175e-01   5.0694169446466208e-01
  2.1281390459827091e+14   2.1281390459827091e+14   4.9305830553533792e-01   5.0694169446466153e-01   5.0694169446466153e-01   5.0694169446466186e-01
  2.1379620895022325e+14   2.1379620895022325e+14   4.9305830553533819e-01   5.0694169446466131e-01   5.0694169446466131e-01   5.0694169446466153e-01
  2.1478304741305375e+14   2.1478304741305375e+14   4.9305830553533847e-01   5.0694169446466097e-01   5.0694169446466097e-01   5.0694169446466131e-01
  2.1577444091526647e+14   2.1577444091526647e+14   4.9305830553533875e-01   5.0694169446466075e-01   5.0694169446466075e-01   5.0694169446466097e-01
  2.1677041048196962e+14   2.1677041048196962e+14   4.9305830553533903e-01   5.0694169446466042e-01   5.0694169446466042e-01   5.0694169446466075e-01
  2.1777097723531638e+14   2.1777097723531638e+14   4.9305830553533930e-01   5.0694169446466020e-01   5.0694169446466020e-01   5.0694169446466042e-01
  2.1877616239495519e+14   2.1877616239495519e+14   4.9305830553533958e-01   5.0694169446465986e-01   5.0694169446465986e-01   5.0694169446466020e-01
  2.1978598727848275e+14   2.1978598727848275e+14   4.9305830553533986e-01   5.0694169446465964e-01   5.0694169446465964e-01   5.0694169446465986e-01
  2.2080047330189059e+14   2.2080047330189059e+14   4.9305830553534014e-01   5.0694169446465931e-01   5.0694169446465931e-01   5.0694169446465964e-01
  2.2181964198002194e+14   2.2181964198002194e+14   4.9305830553534041e-01   5.0694169446465909e-01   5.0694169446465909e-01   5.0694169446465931e-01
  2.2284351492702984e+14   2.2284351492702984e+14   4.9305830553534069e-01   5.0694169446465875e-01   5.0694169446465875e-01   5.0694169446465909e-01
  2.2387211385683469e+14   2.2387211385683469e+14   4.9305830553534097e-01   5.0694169446465842e-01   5.0694169446465842e-01   5.0694169446465875e-01
  2.2490546058357828e+14   2.2490546058357828e+14   4.9305830553534125e-01   5.0694169446465820e-01   5.0694169446465820e-01   5.0694169446465853e-01
  2.2594357702209734e+14   2.2594357702209734e+14   4.9305830553534152e-01   5.0694169446465787e-01   5.0694169446465787e-01   5.0694169446465820e-01
  2.2698648518838212e+14   2.2698648518838212e+14   4.9305830553534180e-01   5.0694169446465764e-01   5.0694169446465764e-01   5.0694169446465798e-01
  2.2803420720004209e+14   2.2803420720004209e+14   4.9305830553534180e-01   5.0694169446465764e-01   5.0694169446465764e-01   5.0694169446465798e-01
  2.2908676527677700e+14   2.2908676527677700e+14   4.9305830553534180e-01   5.0694169446465764e-01   5.0694169446465764e-01   5.0694169446465798e-01
  2.3014418174085091e+14   2.3014418174085091e+14   4.9305830553534186e-01   5.0694169446465764e-01   5.0694169446465764e-01   5.0694169446465787e-01
  2.3120647901755988e+14   2.3120647901755988e+14   4.9305830553534186e-01   5.0694169446465764e-01   5.0694169446465764e-01   5.0694169446465787e-01
  2.3227367963571050e+14   2.3227367963571050e+14   4.9305830553534186e-01   5.0694169446465753e-01   5.0694169446465753e-01   5.0694169446465787e-01
  2.3334580622810044e+14   2.3334580622810044e+14   4.9305830553534186e-01   5.0694169446465753e-01   5.0694169446465753e-01   5.0694169446465787e-01
  2.3442288153199275e+14   2.3442288153199275e+14   4.9305830553534191e-01   5.0694169446465753e-01   5.0694169446465753e-01   5.0694169446465787e-01
  2.3550492838960091e+14   2.3550492838960091e+14   4.9305830553534191e-01   5.0694169446465753e-01   5.0694169446465753e-01   5.0694169446465787e-01
  2.3659196974857612e+14   2.3659196974857612e+14   4.9305830553534191e-01   5.0694169446465753e-01   5.0694169446465753e-01   5.0694169446465787e-01
  2.3768402866248831e+14   2.3768402866248831e+14   4.9305830553534191e-01   5.0694169446465753e-01   5.0694169446465753e-01   5.0694169446465787e-01
  2.3878112829131781e+14   2.3878112829131781e+14   4.9305830553534197e-01   5.0694169446465753e-01   5.0694169446465753e-01   5.0694169446465775e-01
  2.3988329190194850e+14   2.3988329190194850e+14   4.9305830553534197e-01   5.0694169446465753e-01   5.0694169446465753e-01   5.0694169446465775e-01
  2.4099054286866028e+14   2.4099054286866028e+14   4.9305830553534197e-01   5.0694169446465753e-01   5.0694169446465753e-01   5.0694169446465775e-01
  2.4210290467361800e+14   2.4210290467361800e+14   4.9305830553534197e-01   5.0694169446465742e-01   5.0694169446465742e-01   5.0694169446465775e-01
  2.4322040090738109e+14   2.4322040090738109e+14   4.9305830553534197e-01   5.0694169446465742e-01   5.0694169446465742e-01   5.0694169446465775e-01
  2.4434305526939712e+14   2.4434305526939712e+14   4.9305830553534202e-01   5.0694169446465742e-01   5.0694169446465742e-01   5.0694169446465775e-01
  2.4547089156850334e+14   2.4547089156850334e+14   4.9305830553534202e-01   5.0694169446465742e-01   5.0694169446465742e-01   5.0694169446465775e-01
  2.4660393372343362e+14   2.4660393372343362e+14   4.9305830553534202e-01   5.0694169446465742e-01   5.0694169446465742e-01   5.0694169446465775e-01
  2.4774220576332862e+14   2.4774220576332862e+14   4.9305830553534202e-01   5.0694169446465742e-01   5.0694169446465742e-01   5.0694169446465775e-01
  2.4888573182823953e+14   2.4888573182823953e+14   4.9305830553534208e-01   5.0694169446465742e-01   5.0694169446465742e-01   5.0694169446465764e-01
  2.5003453616964297e+14   2.5003453616964297e+14   4.9305830553534208e-01   5.0694169446465742e-01   5.0694169446465742e-01   5.0694169446465764e-01
  2.5118864315095822e+14   2.5118864315095822e+14   4.9305830553534208e-01   5.0694169446465731e-01   5.0694169446465731e-01   5.0694169446465764e-01
  2.5234807724805806e+14   2.5234807724805806e+14   4.9305830553534208e-01   5.0694169446465731e-01   5.0694169446465731e-01   5.0694169446465764e-01
  2.5351286304979072e+14   2.5351286304979072e+14   4.9305830553534213e-01   5.0694169446465731e-01   5.0694169446465731e-01   5.0694169446465764e-01
  2.5468302525850341e+14   2.5468302525850341e+14   4.9305830553534213e-01   5.0694169446465731e-01   5.0694169446465731e-01   5.0694169446465764e-01
  2.5585858869056531e+14   2.5585858869056531e+14   4.9305830553534213e-01   5.0694169446465731e-01   5.0694169446465731e-01   5.0694169446465764e-01
  2.5703957827688647e+14   2.5703957827688647e+14   4.9305830553534213e-01   5.0694169446465731e-01   5.0694169446465731e-01   5.0694169446465764e-01
  2.5822601906345903e+14   2.5822601906345903e+14   4.9305830553534219e-01   5.0694169446465731e-01   5.0694169446465731e-01   5.0694169446465753e-01
  2.5941793621188125e+14   2.5941793621188125e+14   4.9305830553534219e-01   5.0694169446465731e-01   5.0694169446465731e-01   5.0694169446465753e-01
  2.6061535499988978e+14   2.6061535499988978e+14   4.9305830553534219e-01   5.0694169446465720e-01   5.0694169446465720e-01   5.0694169446465753e-01
  2.6181830082189809e+14   2.6181830082189809e+14   4.9305830553534219e-01   5.0694169446465720e-01   5.0694169446465720e-01   5.0694169446465753e-01
  2.6302679918953816e+14   2.6302679918953816e+14   4.9305830553534225e-01   5.0694169446465720e-01   5.0694169446465720e-01   5.0694169446465753e-01
  2.6424087573219503e+14   2.6424087573219503e+14   4.9305830553534225e-01   5.0694169446465720e-01   5.0694169446465720e-01   5.0694169446465753e-01
  2.6546055619755362e+14   2.6546055619755362e+14   4.9305830553534225e-01   5.0694169446465720e-01   5.0694169446465720e-01   5.0694169446465753e-01
  2.6668586645214806e+14   2.6668586645214806e+14   4.9305830553534225e-01   5.0694169446465720e-01   5.0694169446465720e-01   5.0694169446465753e-01
  2.6791683248190369e+14   2.6791683248190369e+14   4.9305830553534230e-01   5.0694169446465720e-01   5.0694169446465720e-01   5.0694169446465742e-01
  2.6915348039269141e+14   2.6915348039269141e+14   4.9305830553534230e-01   5.0694169446465720e-01   5.0694169446465720e-01   5.0694169446465742e-01
  2.7039583641088462e+14   2.7039583641088462e+14   4.9305830553534230e-01   5.0694169446465709e-01   5.0694169446465709e-01   5.0694169446465742e-01
  2.7164392688390891e+14   2.7164392688390891e+14   4.9305830553534236e-01   5.0694169446465709e-01   5.0694169446465709e-01   5.0694169446465742e-01
  2.7289777828080406e+14   2.7289777828080406e+14   4.9305830553534236e-01   5.0694169446465709e-01   5.0694169446465709e-01   5.0694169446465742e-01
  2.7415741719278753e+14   2.7415741719278753e+14   4.9305830553534236e-01   5.0694169446465709e-01   5.0694169446465709e-01   5.0694169446465742e-01
  2.7542287033381747e+14   2.7542287033381747e+14   4.9305830553534236e-01   5.0694169446465709e-01   5.0694169446465709e-01   5.0694169446465742e-01
  2.7669416454115128e+14   2.7669416454115128e+14   4.9305830553534241e-01   5.0694169446465709e-01   5.0694169446465709e-01   5.0694169446465731e-01
  2.7797132677592828e+14   2.7797132677592828e+14   4.9305830553534241e-01   5.0694169446465709e-01   5.0694169446465709e-01   5.0694169446465731e-01
  2.7925438412373362e+14   2.7925438412373362e+14   4.9305830553534241e-01   5.0694169446465698e-01   5.0694169446465698e-01   5.0694169446465731e-01
  2.8054336379517162e+14   2.8054336379517162e+14   4.9305830553534241e-01   5.0694169446465698e-01   5.0694169446465698e-01   5.0694169446465731e-01
  2.8183829312644494e+14   2.8183829312644494e+14   4.9305830553534247e-01   5.0694169446465698e-01   5.0694169446465698e-01   5.0694169446465731e-01
  2.8313919957993788e+14   2.8313919957993788e+14   4.9305830553534247e-01   5.0694169446465698e-01   5.0694169446465698e-01   5.0694169446465731e-01
  2.8444611074479200e+14   2.8444611074479200e+14   4.9305830553534247e-01   5.0694169446465698e-01   5.0694169446465698e-01   5.0694169446465731e-01
  2.8575905433749438e+14   2.8575905433749438e+14   4.9305830553534252e-01   5.0694169446465698e-01   5.0694169446465698e-01   5.0694169446465720e-01
  2.8707805820246919e+14   2.8707805820246919e+14   4.9305830553534252e-01   5.0694169446465698e-01   5.0694169446465698e-01   5.0694169446465720e-01
  2.8840315031266119e+14   2.8840315031266119e+14   4.9305830553534252e-01   5.0694169446465687e-01   5.0694169446465687e-01   5.0694169446465720e-01
  2.8973435877013212e+14   2.8973435877013212e+14   4.9305830553534252e-01   5.0694169446465687e-01   5.0694169446465687e-01   5.0694169446465720e-01
  2.9107171180666081e+14   2.9107171180666081e+14   4.9305830553534258e-01   5.0694169446465687e-01   5.0694169446465687e-01   5.0694169446465720e-01
  2.9241523778433425e+14   2.9241523778433425e+14   4.9305830553534258e-01   5.0694169446465687e-01   5.0694169446465687e-01   5.0694169446465720e-01
  2.9376496519615306e+14   2.9376496519615306e+14   4.9305830553534258e-01   5.0694169446465687e-01   5.0694169446465687e-01   5.0694169446465720e-01
  2.9512092266663781e+14   2.9512092266663781e+14   4.9305830553534263e-01   5.0694169446465687e-01   5.0694169446465687e-01   5.0694169446465709e-01
  2.9648313895243512e+14   2.9648313895243512e+14   4.9305830553534263e-01   5.0694169446465687e-01   5.0694169446465687e-01   5.0694169446465709e-01
  2.9785164294291912e+14   2.9785164294291912e+14   4.9305830553534263e-01   5.0694169446465676e-01   5.0694169446465676e-01   5.0694169446465709e-01
  2.9922646366081831e+14   2.9922646366081831e+14   4.9305830553534263e-01   5.0694169446465676e-01   5.0694169446465676e-01   5.0694169446465709e-01
  3.0060763026282294e+14   3.0060763026282294e+14   4.9305830553534269e-01   5.0694169446465676e-01   5.0694169446465676e-01   5.0694169446465709e-01
  3.0199517204020194e+14   3.0199517204020194e+14   4.9305830553534269e-01   5.0694169446465676e-01   5.0694169446465676e-01   5.0694169446465709e-01
  3.0338911841942656e+14   3.0338911841942656e+14   4.9305830553534269e-01   5.0694169446465676e-01   5.0694169446465676e-01   5.0694169446465709e-01
  3.0478949896279831e+14   3.0478949896279831e+14   4.9305830553534274e-01   5.0694169446465676e-01   5.0694169446465676e-01   5.0694169446465698e-01
  3.0619634336906819e+14   3.0619634336906819e+14   4.9305830553534274e-01   5.0694169446465676e-01   5.0694169446465676e-01   5.0694169446465698e-01
  3.0760968147407050e+14   3.0760968147407050e+14   4.9305830553534274e-01   5.0694169446465664e-01   5.0694169446465664e-01   5.0694169446465698e-01
  3.0902954325135919e+14   3.0902954325135919e+14   4.9305830553534274e-01   5.0694169446465664e-01   5.0694169446465664e-01   5.0694169446465698e-01
  3.1045595881283619e+14   3.1045595881283619e+14   4.9305830553534280e-01   5.0694169446465664e-01   5.0694169446465664e-01   5.0694169446465698e-01
  3.1188895840939356e+14   3.1188895840939356e+14   4.9305830553534280e-01   5.0694169446465664e-01   5.0694169446465664e-01   5.0694169446465698e-01
  3.1332857243155888e+14   3.1332857243155888e+14   4.9305830553534280e-01   5.0694169446465664e-01   5.0694169446465664e-01   5.0694169446465698e-01
  3.1477483141013238e+14   3.1477483141013238e+14   4.9305830553534286e-01   5.0694169446465664e-01   5.0694169446465664e-01   5.0694169446465687e-01
  3.1622776601683794e+14   3.1622776601683794e+14   4.9305830553534286e-01   5.0694169446465664e-01   5.0694169446465664e-01   5.0694169446465687e-01
  3.1768740706497625e+14   3.1768740706497625e+14   4.9305830553534286e-01   5.0694169446465653e-01   5.0694169446465653e-01   5.0694169446465687e-01
  3.1915378551007712e+14   3.1915378551007712e+14   4.9305830553534291e-01   5.0694169446465653e-01   5.0694169446465653e-01   5.0694169446465687e-01
  3.2062693245054675e+14   3.2062693245054675e+14   4.9305830553534291e-01   5.0694169446465653e-01   5.0694169446465653e-01   5.0694169446465687e-01
  3.2210687912834281e+14   3.2210687912834281e+14   4.9305830553534291e-01   5.0694169446465653e-01   5.0694169446465653e-01   5.0694169446465687e-01
  3.2359365692962812e+14   3.2359365692962812e+14   4.9305830553534297e-01   5.0694169446465653e-01   5.0694169446465653e-01   5.0694169446465676e-01
  3.2508729738543469e+14   3.2508729738543469e+14   4.9305830553534297e-01   5.0694169446465653e-01   5.0694169446465653e-01   5.0694169446465676e-01
  3.2658783217233531e+14   3.2658783217233531e+14   4.9305830553534297e-01   5.0694169446465642e-01   5.0694169446465642e-01   5.0694169446465676e-01
  3.2809529311311906e+14   3.2809529311311906e+14   4.9305830553534302e-01   5.0694169446465642e-01   5.0694169446465642e-01   5.0694169446465676e-01
  3.2960971217745831e+14   3.2960971217745831e+14   4.9305830553534302e-01   5.0694169446465642e-01   5.0694169446465642e-01   5.0694169446465676e-01
  3.3113112148259075e+14   3.3113112148259075e+14   4.9305830553534302e-01   5.0694169446465642e-01   5.0694169446465642e-01   5.0694169446465676e-01
  3.3265955329400469e+14   3.3265955329400469e+14   4.9305830553534302e-01   5.0694169446465642e-01   5.0694169446465642e-01   5.0694169446465676e-01
  3.3419504002611494e+14   3.3419504002611494e+14   4.9305830553534308e-01   5.0694169446465642e-01   5.0694169446465642e-01   5.0694169446465664e-01
  3.3573761424295450e+14   3.3573761424295450e+14   4.9305830553534308e-01   5.0694169446465631e-01   5.0694169446465631e-01   5.0694169446465664e-01
  3.3728730865886925e+14   3.3728730865886925e+14   4.9305830553534308e-01   5.0694169446465631e-01   5.0694169446465631e-01   5.0694169446465664e-01
  3.3884415613920344e+14   3.3884415613920344e+14   4.9305830553534313e-01   5.0694169446465631e-01   5.0694169446465631e-01   5.0694169446465664e-01
  3.4040818970100088e+14   3.4040818970100088e+14   4.9305830553534313e-01   5.0694169446465631e-01   5.0694169446465631e-01   5.0694169446465664e-01
  3.4197944251370800e+14   3.4197944251370800e+14   4.9305830553534313e-01   5.0694169446465631e-01   5.0694169446465631e-01   5.0694169446465664e-01
  3.4355794789987569e+14   3.4355794789987569e+14   4.9305830553534313e-01   5.0694169446465620e-01   5.0694169446465620e-01   5.0694169446465653e-01
  3.4514373933585644e+14   3.4514373933585644e+14   4.9305830553534313e-01   5.0694169446465620e-01   5.0694169446465620e-01   5.0694169446465653e-01
  3.4673685045253094e+14   3.4673685045253094e+14   4.9305830553534313e-01   5.0694169446465620e-01   5.0694169446465620e-01   5.0694169446465653e-01
  3.4833731503601162e+14   3.4833731503601162e+14   4.9305830553534313e-01   5.0694169446465620e-01   5.0694169446465620e-01   5.0694169446465653e-01
  3.4994516702835769e+14   3.4994516702835769e+14   4.9305830553534313e-01   5.0694169446465620e-01   5.0694169446465620e-01   5.0694169446465653e-01
  3.5156044052829762e+14   3.5156044052829762e+14   4.9305830553534313e-01   5.0694169446465620e-01   5.0694169446465620e-01   5.0694169446465653e-01
  3.5318316979195700e+14   3.5318316979195700e+14   4.9305830553534313e-01   5.0694169446465620e-01   5.0694169446465620e-01   5.0694169446465653e-01
  3.5481338923357606e+14   3.5481338923357606e+14   4.9305830553534313e-01   5.0694169446465620e-01   5.0694169446465620e-01   5.0694169446465653e-01
  3.5645113342624388e+14   3.5645113342624388e+14   4.9305830553534313e-01   5.0694169446465620e-01   5.0694169446465620e-01   5.0694169446465653e-01
  3.5809643710263625e+14   3.5809643710263625e+14   4.9305830553534313e-01   5.0694169446465620e-01   5.0694169446465620e-01   5.0694169446465653e-01
  3.5974933515574306e+14   3.5974933515574306e+14   4.9305830553534313e-01   5.0694169446465620e-01   5.0694169446465620e-01   5.0694169446465653e-01
  3.6140986263961312e+14   3.6140986263961312e+14   4.9305830553534313e-01   5.0694169446465620e-01   5.0694169446465620e-01   5.0694169446465653e-01
  3.6307805477010175e+14   3.6307805477010175e+14   4.9305830553534313e-01   5.0694169446465620e-01   5.0694169446465620e-01   5.0694169446465653e-01
  3.6475394692560875e+14   3.6475394692560875e+14   4.9305830553534313e-01   5.0694169446465620e-01   5.0694169446465620e-01   5.0694169446465653e-01
  3.6643757464783331e+14   3.6643757464783331e+14   4.9305830553534313e-01   5.0694169446465620e-01   5.0694169446465620e-01   5.0694169446465653e-01
  3.6812897364253056e+14   3.6812897364253056e+14   4.9305830553534313e-01   5.0694169446465620e-01   5.0694169446465620e-01   5.0694169446465653e-01
  3.6982817978026738e+14   3.6982817978026738e+14   4.9305830553534313e-01   5.0694169446465620e-01   5.0694169446465620e-01   5.0694169446465653e-01
  3.7153522909717281e+14   3.7153522909717281e+14   4.9305830553534313e-01   5.0694169446465620e-01   5.0694169446465620e-01   5.0694169446465653e-01
  3.7325015779571988e+14   3.7325015779571988e+14   4.9305830553534313e-01   5.0694169446465620e-01   5.0694169446465620e-01   5.0694169446465653e-01
  3.7497300224548338e+14   3.7497300224548338e+14   4.9305830553534313e-01   5.0694169446465620e-01   5.0694169446465620e-01   5.0694169446465653e-01
  3.7670379898390931e+14   3.7670379898390931e+14   4.9305830553534313e-01   5.0694169446465620e-01   5.0694169446465620e-01   5.0694169446465653e-01
  3.7844258471709281e+14   3.7844258471709281e+14   4.9305830553534313e-01   5.0694169446465620e-01   5.0694169446465620e-01   5.0694169446465653e-01
  3.8018939632056125e+14   3.8018939632056125e+14   4.9305830553534313e-01   5.0694169446465620e-01   5.0694169446465620e-01   5.0694169446465653e-01
  3.8194427084004719e+14   3.8194427084004719e+14   4.9305830553534313e-01   5.0694169446465620e-01   5.0694169446465620e-01   5.0694169446465653e-01
  3.8370724549227844e+14   3.8370724549227844e+14   4.9305830553534313e-01   5.0694169446465620e-01   5.0694169446465620e-01   5.0694169446465653e-01
  3.8547835766577206e+14   3.8547835766577206e+14   4.9305830553534313e-01   5.0694169446465620e-01   5.0694169446465620e-01   5.0694169446465653e-01
  3.8725764492161806e+14   3.8725764492161806e+14   4.9305830553534313e-01   5.0694169446465620e-01   5.0694169446465620e-01   5.0694169446465653e-01
  3.8904514499428050e+14   3.8904514499428050e+14   4.9305830553534313e-01   5.0694169446465620e-01   5.0694169446465620e-01   5.0694169446465653e-01
  3.9084089579240250e+14   3.9084089579240250e+14   4.9305830553534313e-01   5.0694169446465620e-01   5.0694169446465620e-01   5.0694169446465653e-01
  3.9264493539960094e+14   3.9264493539960094e+14   4.9305830553534313e-01   5.0694169446465620e-01   5.0694169446465620e-01   5.0694169446465653e-01
  3.9445730207527850e+14   3.9445730207527850e+14   4.9305830553534313e-01   5.0694169446465620e-01   5.0694169446465620e-01   5.0694169446465653e-01
  3.9627803425543850e+14   3.9627803425543850e+14   4.9305830553534313e-01   5.0694169446465620e-01   5.0694169446465620e-01   5.0694169446465653e-01
  3.9810717055349856e+14   3.9810717055349856e+14   4.9305830553534319e-01   5.0694169446465620e-01   5.0694169446465620e-01   5.0694169446465653e-01
  3.9994474976109775e+14   3.9994474976109775e+14   4.9305830553534319e-01   5.0694169446465620e-01   5.0694169446465620e-01   5.0694169446465653e-01
  4.0179081084893919e+14   4.0179081084893919e+14   4.9305830553534319e-01   5.0694169446465620e-01   5.0694169446465620e-01   5.0694169446465653e-01
  4.0364539296760488e+14   4.0364539296760488e+14   4.9305830553534319e-01   5.0694169446465620e-01   5.0694169446465620e-01   5.0694169446465653e-01
  4.0550853544838431e+14   4.0550853544838431e+14   4.9305830553534319e-01   5.0694169446465620e-01   5.0694169446465620e-01   5.0694169446465653e-01
  4.0738027780411219e+14   4.0738027780411219e+14   4.9305830553534319e-01   5.0694169446465620e-01   5.0694169446465620e-01   5.0694169446465653e-01
  4.0926065973001094e+14   4.0926065973001094e+14   4.9305830553534319e-01   5.0694169446465620e-01   5.0694169446465620e-01   5.0694169446465653e-01
  4.1114972110452294e+14   4.1114972110452294e+14   4.9305830553534319e-01   5.0694169446465620e-01   5.0694169446465620e-01   5.0694169446465653e-01
  4.1304750199016106e+14   4.1304750199016106e+14   4.9305830553534319e-01   5.0694169446465620e-01   5.0694169446465620e-01   5.0694169446465653e-01
  4.1495404263436325e+14   4.1495404263436325e+14   4.9305830553534319e-01   5.0694169446465620e-01   5.0694169446465620e-01   5.0694169446465653e-01
  4.1686938347033638e+14   4.1686938347033638e+14   4.9305830553534319e-01   5.0694169446465620e-01   5.0694169446465620e-01   5.0694169446465653e-01
  4.1879356511791825e+14   4.1879356511791825e+14   4.9305830553534319e-01   5.0694169446465620e-01   5.0694169446465620e-01   5.0694169446465653e-01
  4.2072662838444462e+14   4.2072662838444462e+14   4.9305830553534319e-01   5.0694169446465620e-01   5.0694169446465620e-01   5.0694169446465653e-01
  4.2266861426560412e+14   4.2266861426560412e+14   4.9305830553534319e-01   5.0694169446465620e-01   5.0694169446465620e-01   5.0694169446465653e-01
  4.2461956394631300e+14   4.2461956394631300e+14   4.9305830553534319e-01   5.0694169446465620e-01   5.0694169446465620e-01   5.0694169446465653e-01
  4.2657951880159169e+14   4.2657951880159169e+14   4.9305830553534319e-01   5.0694169446465620e-01   5.0694169446465620e-01   5.0694169446465653e-01
  4.2854852039744094e+14   4.2854852039744094e+14   4.9305830553534319e-01   5.0694169446465620e-01   5.0694169446465620e-01   5.0694169446465653e-01
  4.3052661049171100e+14   4.3052661049171100e+14   4.9305830553534319e-01   5.0694169446465620e-01   5.0694169446465620e-01   5.0694169446465653e-01
  4.3251383103500794e+14   4.3251383103500794e+14   4.9305830553534319e-01   5.0694169446465620e-01   5.0694169446465620e-01   5.0694169446465653e-01
  4.3451022417157144e+14   4.3451022417157144e+14   4.9305830553534319e-01   5.0694169446465620e-01   5.0694169446465620e-01   5.0694169446465653e-01
  4.3651583224016656e+14   4.3651583224016656e+14   4.9305830553534319e-01   5.0694169446465620e-01   5.0694169446465620e-01   5.0694169446465653e-01
  4.3853069777498512e+14   4.3853069777498512e+14   4.9305830553534319e-01   5.0694169446465620e-01   5.0694169446465620e-01   5.0694169446465653e-01
  4.4055486350655344e+14   4.4055486350655344e+14   4.9305830553534319e-01   5.0694169446465620e-01   5.0694169446465620e-01   5.0694169446465653e-01
  4.4258837236262738e+14   4.4258837236262738e+14   4.9305830553534319e-01   5.0694169446465620e-01   5.0694169446465620e-01   5.0694169446465653e-01
  4.4463126746910838e+14   4.4463126746910838e+14   4.9305830553534319e-01   5.0694169446465620e-01   5.0694169446465620e-01   5.0694169446465653e-01
  4.4668359215096350e+14   4.4668359215096350e+14   4.9305830553534319e-01   5.0694169446465620e-01   5.0694169446465620e-01   5.0694169446465653e-01
  4.4874538993313319e+14   4.4874538993313319e+14   4.9305830553534319e-01   5.0694169446465620e-01   5.0694169446465620e-01   5.0694169446465653e-01
  4.5081670454146006e+14   4.5081670454146006e+14   4.9305830553534319e-01   5.0694169446465620e-01   5.0694169446465620e-01   5.0694169446465653e-01
  4.5289757990362138e+14   4.5289757990362138e+14   4.9305830553534319e-01   5.0694169446465620e-01   5.0694169446465620e-01   5.0694169446465653e-01
  4.5498806015004988e+14   4.5498806015004988e+14   4.9305830553534319e-01   5.0694169446465620e-01   5.0694169446465620e-01   5.0694169446465653e-01
  4.5708818961487519e+14   4.5708818961487519e+14   4.9305830553534319e-01   5.0694169446465620e-01   5.0694169446465620e-01   5.0694169446465653e-01
  4.5919801283686756e+14   4.5919801283686756e+14   4.9305830553534319e-01   5.0694169446465620e-01   5.0694169446465620e-01   5.0694169446465653e-01
  4.6131757456037906e+14   4.6131757456037906e+14   4.9305830553534319e-01   5.0694169446465620e-01   5.0694169446465620e-01   5.0694169446465653e-01
  4.6344691973628844e+14   4.6344691973628844e+14   4.9305830553534319e-01   5.0694169446465620e-01   5.0694169446465620e-01   5.0694169446465653e-01
  4.6558609352295812e+14   4.6558609352295812e+14   4.9305830553534319e-01   5.0694169446465620e-01   5.0694169446465620e-01   5.0694169446465653e-01
  4.6773514128719812e+14   4.6773514128719812e+14   4.9305830553534319e-01   5.0694169446465620e-01   5.0694169446465620e-01   5.0694169446465653e-01
  4.6989410860521606e+14   4.6989410860521606e+14   4.9305830553534319e-01   5.0694169446465620e-01   5.0694169446465620e-01   5.0694169446465653e-01
  4.7206304126359000e+14   4.7206304126359000e+14   4.9305830553534319e-01   5.0694169446465620e-01   5.0694169446465620e-01   5.0694169446465653e-01
  4.7424198526024481e+14   4.7424198526024481e+14   4.9305830553534319e-01   5.0694169446465620e-01   5.0694169446465620e-01   5.0694169446465653e-01
  4.7643098680541662e+14   4.7643098680541662e+14   4.9305830553534319e-01   5.0694169446465620e-01   5.0694169446465620e-01   5.0694169446465653e-01
  4.7863009232263800e+14   4.7863009232263800e+14   4.9305830553534319e-01   5.0694169446465620e-01   5.0694169446465620e-01   5.0694169446465653e-01
  4.8083934844972900e+14   4.8083934844972900e+14   4.9305830553534319e-01   5.0694169446465620e-01   5.0694169446465620e-01   5.0694169446465653e-01
  4.8305880203977381e+14   4.8305880203977381e+14   4.9305830553534319e-01   5.0694169446465620e-01   5.0694169446465620e-01   5.0694169446465653e-01
  4.8528850016212100e+14   4.8528850016212100e+14   4.9305830553534319e-01   5.0694169446465620e-01   5.0694169446465620e-01   5.0694169446465653e-01
  4.8752849010338500e+14   4.8752849010338500e+14   4.9305830553534319e-01   5.0694169446465620e-01   5.0694169446465620e-01   5.0694169446465653e-01
  4.8977881936844762e+14   4.8977881936844762e+14   4.9305830553534319e-01   5.0694169446465620e-01   5.0694169446465620e-01   5.0694169446465653e-01
  4.9203953568145112e+14   4.9203953568145112e+14   4.9305830553534319e-01   5.0694169446465620e-01   5.0694169446465620e-01   5.0694169446465653e-01
  4.9431068698683438e+14   4.9431068698683438e+14   4.9305830553534319e-01   5.0694169446465620e-01   5.0694169446465620e-01   5.0694169446465653e-01
  4.9659232145033575e+14   4.9659232145033575e+14   4.9305830553534319e-01   5.0694169446465620e-01   5.0694169446465620e-01   5.0694169446465653e-01
  4.9888448746001269e+14   4.9888448746001269e+14   4.9305830553534319e-01   5.0694169446465620e-01   5.0694169446465620e-01   5.0694169446465653e-01
  5.0118723362727144e+14   5.0118723362727144e+14   4.9305830553534319e-01   5.0694169446465620e-01   5.0694169446465620e-01   5.0694169446465653e-01
  5.0350060878790475e+14   5.0350060878790475e+14   4.9305830553534319e-01   5.0694169446465620e-01   5.0694169446465620e-01   5.0694169446465653e-01
  5.0582466200311475e+14   5.0582466200311475e+14   4.9305830553534319e-01   5.0694169446465620e-01   5.0694169446465620e-01   5.0694169446465653e-01
  5.0815944256055994e+14   5.0815944256055994e+14   4.9305830553534319e-01   5.0694169446465620e-01   5.0694169446465620e-01   5.0694169446465653e-01
  5.1050499997540650e+14   5.1050499997540650e+14   4.9305830553534319e-01   5.0694169446465620e-01   5.0694169446465620e-01   5.0694169446465653e-01
  5.1286138399136588e+14   5.1286138399136588e+14   4.9305830553534319e-01   5.0694169446465620e-01   5.0694169446465620e-01   5.0694169446465653e-01
  5.1522864458175619e+14   5.1522864458175619e+14   4.9305830553534319e-01   5.0694169446465620e-01   5.0694169446465620e-01   5.0694169446465653e-01
  5.1760683195056812e+14   5.1760683195056812e+14   4.9305830553534319e-01   5.0694169446465620e-01   5.0694169446465620e-01   5.0694169446465653e-01
  5.1999599653351731e+14   5.1999599653351731e+14   4.9305830553534319e-01   5.0694169446465620e-01   5.0694169446465620e-01   5.0694169446465653e-01
  5.2239618899911975e+14   5.2239618899911975e+14   4.9305830553534319e-01   5.0694169446465620e-01   5.0694169446465620e-01   5.0694169446465653e-01
  5.2480746024977125e+14   5.2480746024977125e+14   4.9305830553534319e-01   5.0694169446465620e-01   5.0694169446465620e-01   5.0694169446465653e-01
  5.2722986142282431e+14   5.2722986142282431e+14   4.9305830553534319e-01   5.0694169446465620e-01   5.0694169446465620e-01   5.0694169446465653e-01
  5.2966344389165806e+14   5.2966344389165806e+14   4.9305830553534319e-01   5.0694169446465620e-01   5.0694169446465620e-01   5.0694169446465653e-01
  5.3210825926679312e+14   5.3210825926679312e+14   4.9305830553534319e-01   5.0694169446465620e-01   5.0694169446465620e-01   5.0694169446465653e-01
  5.3456435939697138e+14   5.3456435939697138e+14   4.9305830553534319e-01   5.0694169446465620e-01   5.0694169446465620e-01   5.0694169446465653e-01
  5.3703179637025325e+14   5.3703179637025325e+14   4.9305830553534319e-01   5.0694169446465620e-01   5.0694169446465620e-01   5.0694169446465653e-01
  5.3951062251512675e+14   5.3951062251512675e+14   4.9305830553534319e-01   5.0694169446465620e-01   5.0694169446465620e-01   5.0694169446465653e-01
  5.4200089040162381e+14   5.4200089040162381e+14   4.9305830553534319e-01   5.0694169446465620e-01   5.0694169446465620e-01   5.0694169446465653e-01
  5.4450265284242200e+14   5.4450265284242200e+14   4.9305830553534319e-01   5.0694169446465620e-01   5.0694169446465620e-01   5.0694169446465653e-01
  5.4701596289397100e+14   5.4701596289397100e+14   4.9305830553534319e-01   5.0694169446465620e-01   5.0694169446465620e-01   5.0694169446465653e-01
  5.4954087385762481e+14   5.4954087385762481e+14   4.9305830553534319e-01   5.0694169446465620e-01   5.0694169446465620e-01   5.0694169446465653e-01
  5.5207743928075844e+14   5.5207743928075844e+14   4.9305830553534319e-01   5.0694169446465620e-01   5.0694169446465620e-01   5.0694169446465653e-01
  5.5462571295791044e+14   5.5462571295791044e+14   4.9305830553534319e-01   5.0694169446465620e-01   5.0694169446465620e-01   5.0694169446465653e-01
  5.5718574893193044e+14   5.5718574893193044e+14   4.9305830553534319e-01   5.0694169446465620e-01   5.0694169446465620e-01   5.0694169446465653e-01
  5.5975760149511162e+14   5.5975760149511162e+14   4.9305830553534319e-01   5.0694169446465620e-01   5.0694169446465620e-01   5.0694169446465653e-01
  5.6234132519034906e+14   5.6234132519034906e+14   4.9305830553534319e-01   5.0694169446465620e-01   5.0694169446465620e-01   5.0694169446465653e-01
  5.6493697481230112e+14   5.6493697481230112e+14   4.9305830553534319e-01   5.0694169446465620e-01   5.0694169446465620e-01   5.0694169446465653e-01
  5.6754460540854888e+14   5.6754460540854888e+14   4.9305830553534319e-01   5.0694169446465620e-01   5.0694169446465620e-01   5.0694169446465653e-01
  5.7016427228074775e+14   5.7016427228074775e+14   4.9305830553534319e-01   5.0694169446465620e-01   5.0694169446465620e-01   5.0694169446465653e-01
  5.7279603098582800e+14   5.7279603098582800e+14   4.9305830553534319e-01   5.0694169446465620e-01   5.0694169446465620e-01   5.0694169446465653e-01
  5.7543993733715662e+14   5.7543993733715662e+14   4.9305830553534319e-01   5.0694169446465620e-01   5.0694169446465620e-01   5.0694169446465653e-01
  5.7809604740571875e+14   5.7809604740571875e+14   4.9305830553534319e-01   5.0694169446465620e-01   5.0694169446465620e-01   5.0694169446465653e-01
  5.8076441752131112e+14   5.8076441752131112e+14   4.9305830553534319e-01   5.0694169446465620e-01   5.0694169446465620e-01   5.0694169446465653e-01
  5.8344510427374475e+14   5.8344510427374475e+14   4.9305830553534319e-01   5.0694169446465620e-01   5.0694169446465620e-01   5.0694169446465653e-01
  5.8613816451402962e+14   5.8613816451402962e+14   4.9305830553534319e-01   5.0694169446465620e-01   5.0694169446465620e-01   5.0694169446465653e-01
  5.8884365535558838e+14   5.8884365535558838e+14   4.9305830553534319e-01   5.0694169446465620e-01   5.0694169446465620e-01   5.0694169446465653e-01
  5.9156163417547425e+14   5.9156163417547425e+14   4.9305830553534319e-01   5.0694169446465620e-01   5.0694169446465620e-01   5.0694169446465653e-01
  5.9429215861557388e+14   5.9429215861557388e+14   4.9305830553534319e-01   5.0694169446465620e-01   5.0694169446465620e-01   5.0694169446465653e-01
  5.9703528658383662e+14   5.9703528658383662e+14   4.9305830553534319e-01   5.0694169446465620e-01   5.0694169446465620e-01   5.0694169446465653e-01
  5.9979107625551000e+14   5.9979107625551000e+14   4.9305830553534319e-01   5.0694169446465620e-01   5.0694169446465620e-01   5.0694169446465653e-01
  6.0255958607435938e+14   6.0255958607435938e+14   4.9305830553534319e-01   5.0694169446465620e-01   5.0694169446465620e-01   5.0694169446465653e-01
  6.0534087475391362e+14   6.0534087475391362e+14   4.9305830553534319e-01   5.0694169446465620e-01   5.0694169446465620e-01   5.0694169446465653e-01
  6.0813500127871638e+14   6.0813500127871638e+14   4.9305830553534319e-01   5.0694169446465620e-01   5.0694169446465620e-01   5.0694169446465653e-01
  6.1094202490557388e+14   6.1094202490557388e+14   4.9305830553534319e-01   5.0694169446465620e-01   5.0694169446465620e-01   5.0694169446465653e-01
  6.1376200516479450e+14   6.1376200516479450e+14   4.9305830553534319e-01   5.0694169446465620e-01   5.0694169446465620e-01   5.0694169446465653e-01
  6.1659500186148100e+14   6.1659500186148100e+14   4.9305830553534319e-01   5.0694169446465620e-01   5.0694169446465620e-01   5.0694169446465653e-01
  6.1944107507678112e+14   6.1944107507678112e+14   4.9305830553534319e-01   5.0694169446465620e-01   5.0694169446465620e-01   5.0694169446465653e-01
  6.2230028516916012e+14   6.2230028516916012e+14   4.9305830553534319e-01   5.0694169446465620e-01   5.0694169446465620e-01   5.0694169446465653e-01
  6.2517269277568488e+14   6.2517269277568488e+14   4.9305830553534319e-01   5.0694169446465620e-01   5.0694169446465620e-01   5.0694169446465653e-01
  6.2805835881331800e+14   6.2805835881331800e+14   4.9305830553534319e-01   5.0694169446465620e-01   5.0694169446465620e-01   5.0694169446465653e-01
  6.3095734448019425e+14   6.3095734448019425e+14   4.9305830553534319e-01   5.0694169446465620e-01   5.0694169446465620e-01   5.0694169446465653e-01
  6.3386971125692638e+14   6.3386971125692638e+14   4.9305830553534319e-01   5.0694169446465620e-01   5.0694169446465620e-01   5.0694169446465653e-01
  6.3679552090791625e+14   6.3679552090791625e+14   4.9305830553534319e-01   5.0694169446465620e-01   5.0694169446465620e-01   5.0694169446465653e-01
  6.3973483548264950e+14   6.3973483548264950e+14   4.9305830553534319e-01   5.0694169446465620e-01   5.0694169446465620e-01   5.0694169446465653e-01
  6.4268771731701938e+14   6.4268771731701938e+14   4.9305830553534319e-01   5.0694169446465620e-01   5.0694169446465620e-01   5.0694169446465653e-01
  6.4565422903465625e+14   6.4565422903465625e+14   4.9305830553534319e-01   5.0694169446465620e-01   5.0694169446465620e-01   5.0694169446465653e-01
  6.4863443354824012e+14   6.4863443354824012e+14   4.9305830553534319e-01   5.0694169446465620e-01   5.0694169446465620e-01   5.0694169446465653e-01
  6.5162839406084275e+14   6.5162839406084275e+14   4.9305830553534319e-01   5.0694169446465620e-01   5.0694169446465620e-01   5.0694169446465653e-01
  6.5463617406727338e+14   6.5463617406727338e+14   4.9305830553534319e-01   5.0694169446465620e-01   5.0694169446465620e-01   5.0694169446465653e-01
  6.5765783735542262e+14   6.5765783735542262e+14   4.9305830553534319e-01   5.0694169446465620e-01   5.0694169446465620e-01   5.0694169446465653e-01
  6.6069344800759650e+14   6.6069344800759650e+14   4.9305830553534319e-01   5.0694169446465620e-01   5.0694169446465620e-01   5.0694169446465653e-01
  6.6374307040190762e+14   6.6374307040190762e+14   4.9305830553534319e-01   5.0694169446465620e-01   5.0694169446465620e-01   5.0694169446465653e-01
  6.6680676921362188e+14   6.6680676921362188e+14   4.9305830553534319e-01   5.0694169446465620e-01   5.0694169446465620e-01   5.0694169446465653e-01
  6.6988460941652725e+14   6.6988460941652725e+14   4.9305830553534319e-01   5.0694169446465620e-01   5.0694169446465620e-01   5.0694169446465653e-01
  6.7297665628431688e+14   6.7297665628431688e+14   4.9305830553534319e-01   5.0694169446465620e-01   5.0694169446465620e-01   5.0694169446465653e-01
  6.7608297539198188e+14   6.7608297539198188e+14   4.9305830553534319e-01   5.0694169446465620e-01   5.0694169446465620e-01   5.0694169446465653e-01
  6.7920363261718575e+14   6.7920363261718575e+14   4.9305830553534319e-01   5.0694169446465620e-01   5.0694169446465620e-01   5.0694169446465653e-01
  6.8233869414166900e+14   6.8233869414166900e+14   4.9305830553534319e-01   5.0694169446465620e-01   5.0694169446465620e-01   5.0694169446465653e-01
  6.8548822645266200e+14   6.8548822645266200e+14   4.9305830553534319e-01   5.0694169446465620e-01   5.0694169446465620e-01   5.0694169446465653e-01
  6.8865229634427762e+14   6.8865229634427762e+14   4.9305830553534319e-01   5.0694169446465620e-01   5.0694169446465620e-01   5.0694169446465653e-01
  6.9183097091893625e+14   6.9183097091893625e+14   4.9305830553534319e-01   5.0694169446465620e-01   5.0694169446465620e-01   5.0694169446465653e-01
  6.9502431758879762e+14   6.9502431758879762e+14   4.9305830553534319e-01   5.0694169446465620e-01   5.0694169446465620e-01   5.0694169446465653e-01
  6.9823240407717325e+14   6.9823240407717325e+14   4.9305830553534319e-01   5.0694169446465620e-01   5.0694169446465620e-01   5.0694169446465653e-01
  7.0145529841997138e+14   7.0145529841997138e+14   4.9305830553534319e-01   5.0694169446465620e-01   5.0694169446465620e-01   5.0694169446465653e-01
  7.0469306896714525e+14   7.0469306896714525e+14   4.9305830553534319e-01   5.0694169446465620e-01   5.0694169446465620e-01   5.0694169446465653e-01
  7.0794578438414025e+14   7.0794578438414025e+14   4.9305830553534319e-01   5.0694169446465620e-01   5.0694169446465620e-01   5.0694169446465653e-01
  7.1121351365332950e+14   7.1121351365332950e+14   4.9305830553534319e-01   5.0694169446465620e-01   5.0694169446465620e-01   5.0694169446465653e-01
  7.1449632607551200e+14   7.1449632607551200e+14   4.9305830553534319e-01   5.0694169446465620e-01   5.0694169446465620e-01   5.0694169446465653e-01
  7.1779429127136150e+14   7.1779429127136150e+14   4.9305830553534319e-01   5.0694169446465620e-01   5.0694169446465620e-01   5.0694169446465653e-01
  7.2110747918290050e+14   7.2110747918290050e+14   4.9305830553534319e-01   5.0694169446465620e-01   5.0694169446465620e-01   5.0694169446465653e-01
  7.2443596007498912e+14   7.2443596007498912e+14   4.9305830553534319e-01   5.0694169446465620e-01   5.0694169446465620e-01   5.0694169446465653e-01
  7.2777980453682425e+14   7.2777980453682425e+14   4.9305830553534319e-01   5.0694169446465620e-01   5.0694169446465620e-01   5.0694169446465653e-01
  7.3113908348341875e+14   7.3113908348341875e+14   4.9305830553534319e-01   5.0694169446465620e-01   5.0694169446465620e-01   5.0694169446465653e-01
  7.3451386815711438e+14   7.3451386815711438e+14   4.9305830553534319e-01   5.0694169446465620e-01   5.0694169446465620e-01   5.0694169446465653e-01
  7.3790423012910150e+14   7.3790423012910150e+14   4.9305830553534319e-01   5.0694169446465620e-01   5.0694169446465620e-01   5.0694169446465653e-01
  7.4131024130091925e+14   7.4131024130091925e+14   4.9305830553534319e-01   5.0694169446465620e-01   5.0694169446465620e-01   5.0694169446465653e-01
  7.4473197390598888e+14   7.4473197390598888e+14   4.9305830553534319e-01   5.0694169446465620e-01   5.0694169446465620e-01   5.0694169446465653e-01
  7.4816950051115525e+14   7.4816950051115525e+14   4.9305830553534319e-01   5.0694169446465620e-01   5.0694169446465620e-01   5.0694169446465653e-01
  7.5162289401820762e+14   7.5162289401820762e+14   4.9305830553534319e-01   5.0694169446465620e-01   5.0694169446465620e-01   5.0694169446465653e-01
  7.5509222766543412e+14   7.5509222766543412e+14   4.9305830553534319e-01   5.0694169446465620e-01   5.0694169446465620e-01   5.0694169446465653e-01
  7.5857757502918200e+14   7.5857757502918200e+14   4.9305830553534319e-01   5.0694169446465620e-01   5.0694169446465620e-01   5.0694169446465653e-01
  7.6207901002541462e+14   7.6207901002541462e+14   4.9305830553534319e-01   5.0694169446465620e-01   5.0694169446465620e-01   5.0694169446465653e-01
  7.6559660691125688e+14   7.6559660691125688e+14   4.9305830553534319e-01   5.0694169446465620e-01   5.0694169446465620e-01   5.0694169446465653e-01
  7.6913044028660825e+14   7.6913044028660825e+14   4.9305830553534319e-01   5.0694169446465620e-01   5.0694169446465620e-01   5.0694169446465653e-01
  7.7268058509570212e+14   7.7268058509570212e+14   4.9305830553534319e-01   5.0694169446465620e-01   5.0694169446465620e-01   5.0694169446465653e-01
  7.7624711662869275e+14   7.7624711662869275e+14   4.9305830553534319e-01   5.0694169446465620e-01   5.0694169446465620e-01   5.0694169446465653e-01
  7.7983011052325775e+14   7.7983011052325775e+14   4.9305830553534319e-01   5.0694169446465620e-01   5.0694169446465620e-01   5.0694169446465653e-01
  7.8342964276621200e+14   7.8342964276621200e+14   4.9305830553534319e-01   5.0694169446465620e-01   5.0694169446465620e-01   5.0694169446465653e-01
  7.8704578969510012e+14   7.8704578969510012e+14   4.9305830553534319e-01   5.0694169446465620e-01   5.0694169446465620e-01   5.0694169446465653e-01
  7.9067862799982450e+14   7.9067862799982450e+14   4.9305830553534319e-01   5.0694169446465620e-01   5.0694169446465620e-01   5.0694169446465653e-01
  7.9432823472428212e+14   7.9432823472428212e+14   4.9305830553534319e-01   5.0694169446465620e-01   5.0694169446465620e-01   5.0694169446465653e-01
  7.9799468726797850e+14   7.9799468726797850e+14   4.9305830553534319e-01   5.0694169446465620e-01   5.0694169446465620e-01   5.0694169446465653e-01
  8.0167806338767900e+14   8.0167806338767900e+14   4.9305830553534319e-01   5.0694169446465620e-01   5.0694169446465620e-01   5.0694169446465653e-01
  8.0537844119906775e+14   8.0537844119906775e+14   4.9305830553534319e-01   5.0694169446465620e-01   5.0694169446465620e-01   5.0694169446465653e-01
  8.0909589917838462e+14   8.0909589917838462e+14   4.9305830553534319e-01   5.0694169446465620e-01   5.0694169446465620e-01   5.0694169446465653e-01
  8.1283051616409950e+14   8.1283051616409950e+14   4.9305830553534319e-01   5.0694169446465620e-01   5.0694169446465620e-01   5.0694169446465653e-01
  8.1658237135859062e+14   8.1658237135859062e+14   4.9305830553534319e-01   5.0694169446465620e-01   5.0694169446465620e-01   5.0694169446465653e-01
  8.2035154432981762e+14   8.2035154432981762e+14   4.9305830553534319e-01   5.0694169446465620e-01   5.0694169446465620e-01   5.0694169446465653e-01
  8.2413811501300300e+14   8.2413811501300300e+14   4.9305830553534319e-01   5.0694169446465620e-01   5.0694169446465620e-01   5.0694169446465653e-01
  8.2794216371233275e+14   8.2794216371233275e+14   4.9305830553534319e-01   5.0694169446465620e-01   5.0694169446465620e-01   5.0694169446465653e-01
  8.3176377110267088e+14   8.3176377110267088e+14   4.9305830553534319e-01   5.0694169446465620e-01   5.0694169446465620e-01   5.0694169446465653e-01
  8.3560301823124912e+14   8.3560301823124912e+14   4.9305830553534319e-01   5.0694169446465620e-01   5.0694169446465620e-01   5.0694169446465653e-01
  8.3945998651939650e+14   8.3945998651939650e+14   4.9305830553534319e-01   5.0694169446465620e-01   5.0694169446465620e-01   5.0694169446465653e-01
  8.4333475776427562e+14   8.4333475776427562e+14   4.9305830553534319e-01   5.0694169446465620e-01   5.0694169446465620e-01   5.0694169446465653e-01
  8.4722741414059800e+14   8.4722741414059800e+14   4.9305830553534319e-01   5.0694169446465620e-01   5.0694169446465620e-01   5.0694169446465653e-01
  8.5113803820237588e+14   8.5113803820237588e+14   4.9305830553534319e-01   5.0694169446465620e-01   5.0694169446465620e-01   5.0694169446465653e-01
  8.5506671288468412e+14   8.5506671288468412e+14   4.9305830553534319e-01   5.0694169446465620e-01   5.0694169446465620e-01   5.0694169446465653e-01
  8.5901352150539775e+14   8.5901352150539775e+14   4.9305830553534319e-01   5.0694169446465620e-01   5.0694169446465620e-01   5.0694169446465653e-01
  8.6297854776697025e+14   8.6297854776697025e+14   4.9305830553534319e-01   5.0694169446465620e-01   5.0694169446465620e-01   5.0694169446465653e-01
  8.6696187575821438e+14   8.6696187575821438e+14   4.9305830553534319e-01   5.0694169446465620e-01   5.0694169446465620e-01   5.0694169446465653e-01
  8.7096358995608325e+14   8.7096358995608325e+14   4.9305830553534319e-01   5.0694169446465620e-01   5.0694169446465620e-01   5.0694169446465653e-01
  8.7498377522743638e+14   8.7498377522743638e+14   4.9305830553534319e-01   5.0694169446465620e-01   5.0694169446465620e-01   5.0694169446465653e-01
  8.7902251683088238e+14   8.7902251683088238e+14   4.9305830553534319e-01   5.0694169446465620e-01   5.0694169446465620e-01   5.0694169446465653e-01
  8.8307990041856225e+14   8.8307990041856225e+14   4.9305830553534319e-01   5.0694169446465620e-01   5.0694169446465620e-01   5.0694169446465653e-01
  8.8715601203796175e+14   8.8715601203796175e+14   4.9305830553534319e-01   5.0694169446465620e-01   5.0694169446465620e-01   5.0694169446465653e-01
  8.9125093813374412e+14   8.9125093813374412e+14   4.9305830553534319e-01   5.0694169446465620e-01   5.0694169446465620e-01   5.0694169446465653e-01
  8.9536476554959375e+14   8.9536476554959375e+14   4.9305830553534319e-01   5.0694169446465620e-01   5.0694169446465620e-01   5.0694169446465653e-01
  8.9949758153003650e+14   8.9949758153003650e+14   4.9305830553534319e-01   5.0694169446465620e-01   5.0694169446465620e-01   5.0694169446465653e-01
  9.0364947372230050e+14   9.0364947372230050e+14   4.9305830553534319e-01   5.0694169446465620e-01   5.0694169446465620e-01   5.0694169446465653e-01
  9.0782053017818612e+14   9.0782053017818612e+14   4.9305830553534319e-01   5.0694169446465620e-01   5.0694169446465620e-01   5.0694169446465653e-01
  9.1201083935591150e+14   9.1201083935591150e+14   4.9305830553534319e-01   5.0694169446465620e-01   5.0694169446465620e-01   5.0694169446465653e-01
  9.1622049012199925e+14   9.1622049012199925e+14   4.9305830553534319e-01   5.0694169446465620e-01   5.0694169446465620e-01   5.0694169446465653e-01
  9.2044957175317212e+14   9.2044957175317212e+14   4.9305830553534319e-01   5.0694169446465620e-01   5.0694169446465620e-01   5.0694169446465653e-01
  9.2469817393822488e+14   9.2469817393822488e+14   4.9305830553534319e-01   5.0694169446465620e-01   5.0694169446465620e-01   5.0694169446465653e-01
  9.2896638677993625e+14   9.2896638677993625e+14   4.9305830553534319e-01   5.0694169446465620e-01   5.0694169446465620e-01   5.0694169446465653e-01
  9.3325430079698862e+14   9.3325430079698862e+14   4.9305830553534319e-01   5.0694169446465620e-01   5.0694169446465620e-01   5.0694169446465653e-01
  9.3756200692588312e+14   9.3756200692588312e+14   4.9305830553534319e-01   5.0694169446465620e-01   5.0694169446465620e-01   5.0694169446465653e-01
  9.4188959652284175e+14   9.4188959652284175e+14   4.9305830553534319e-01   5.0694169446465620e-01   5.0694169446465620e-01   5.0694169446465653e-01
  9.4623716136579100e+14   9.4623716136579100e+14   4.9305830553534319e-01   5.0694169446465620e-01   5.0694169446465620e-01   5.0694169446465653e-01
  9.5060479365628088e+14   9.5060479365628088e+14   4.9305830553534319e-01   5.0694169446465620e-01   5.0694169446465620e-01   5.0694169446465653e-01
  9.5499258602143688e+14   9.5499258602143688e+14   4.9305830553534319e-01   5.0694169446465620e-01   5.0694169446465620e-01   5.0694169446465653e-01
  9.5940063151593162e+14   9.5940063151593162e+14   4.9305830553534319e-01   5.0694169446465620e-01   5.0694169446465620e-01   5.0694169446465653e-01
  9.6382902362397050e+14   9.6382902362397050e+14   4.9305830553534319e-01   5.0694169446465620e-01   5.0694169446465620e-01   5.0694169446465653e-01
  9.6827785626125062e+14   9.6827785626125062e+14   4.9305830553534319e-01   5.0694169446465620e-01   5.0694169446465620e-01   5.0694169446465653e-01
  9.7274722377696412e+14   9.7274722377696412e+14   4.9305830553534319e-01   5.0694169446465620e-01   5.0694169446465620e-01   5.0694169446465653e-01
  9.7723722095581112e+14   9.7723722095581112e+14   4.9305830553534319e-01   5.0694169446465620e-01   5.0694169446465620e-01   5.0694169446465653e-01
  9.8174794301998638e+14   9.8174794301998638e+14   4.9305830553534319e-01   5.0694169446465620e-01   5.0694169446465620e-01   5.0694169446465653e-01
  9.8627948563121000e+14   9.8627948563121000e+14   4.9305830553534319e-01   5.0694169446465620e-01   5.0694169446465620e-01   5.0694169446465653e-01
  9.9083194489276862e+14   9.9083194489276862e+14   4.9305830553534319e-01   5.0694169446465620e-01   5.0694169446465620e-01   5.0694169446465653e-01
  9.9540541735152950e+14   9.9540541735152950e+14   4.9305830553534319e-01   5.0694169446465620e-01   5.0694169446465620e-01   5.0694169446465653e-01
  1.0000000000000000e+15   1.0000000000000000e+15   4.9305830553534319e-01   5.0694169446465620e-01   5.0694169446465620e-01   5.0694169446465653e-01
  1.0046157902783926e+15   1.0046157902783926e+15   4.9305830553534319e-01   5.0694169446465620e-01   5.0694169446465620e-01   5.0694169446465653e-01
  1.0092528860766875e+15   1.0092528860766875e+15   4.9305830553534319e-01   5.0694169446465620e-01   5.0694169446465620e-01   5.0694169446465653e-01
  1.0139113857366800e+15   1.0139113857366800e+15   4.9305830553534319e-01   5.0694169446465620e-01   5.0694169446465620e-01   5.0694169446465653e-01
  1.0185913880541149e+15   1.0185913880541149e+15   4.9305830553534319e-01   5.0694169446465620e-01   5.0694169446465620e-01   5.0694169446465653e-01
  1.0232929922807536e+15   1.0232929922807536e+15   4.9305830553534319e-01   5.0694169446465620e-01   5.0694169446465620e-01   5.0694169446465653e-01
  1.0280162981264746e+15   1.0280162981264746e+15   4.9305830553534319e-01   5.0694169446465620e-01   5.0694169446465620e-01   5.0694169446465653e-01
  1.0327614057613959e+15   1.0327614057613959e+15   4.9305830553534319e-01   5.0694169446465620e-01   5.0694169446465620e-01   5.0694169446465653e-01
  1.0375284158180126e+15   1.0375284158180126e+15   4.9305830553534319e-01   5.0694169446465620e-01   5.0694169446465620e-01   5.0694169446465653e-01
  1.0423174293933058e+15   1.0423174293933058e+15   4.9305830553534319e-01   5.0694169446465620e-01   5.0694169446465620e-01   5.0694169446465653e-01
  1.0471285480508985e+15   1.0471285480508985e+15   4.9305830553534319e-01   5.0694169446465620e-01   5.0694169446465620e-01   5.0694169446465653e-01
  1.0519618738232235e+15   1.0519618738232235e+15   4.9305830553534319e-01   5.0694169446465620e-01   5.0694169446465620e-01   5.0694169446465653e-01
  1.0568175092136606e+15   1.0568175092136606e+15   4.9305830553534319e-01   5.0694169446465620e-01   5.0694169446465620e-01   5.0694169446465653e-01
  1.0616955571987241e+15   1.0616955571987241e+15   4.9305830553534319e-01   5.0694169446465620e-01   5.0694169446465620e-01   5.0694169446465653e-01
  1.0665961212302590e+15   1.0665961212302590e+15   4.9305830553534319e-01   5.0694169446465620e-01   5.0694169446465620e-01   5.0694169446465653e-01
  1.0715193052376092e+15   1.0715193052376092e+15   4.9305830553534319e-01   5.0694169446465620e-01   5.0694169446465620e-01   5.0694169446465653e-01
  1.0764652136298350e+15   1.0764652136298350e+15   4.9305830553534319e-01   5.0694169446465620e-01   5.0694169446465620e-01   5.0694169446465653e-01
  1.0814339512979354e+15   1.0814339512979354e+15   4.9305830553534319e-01   5.0694169446465620e-01   5.0694169446465620e-01   5.0694169446465653e-01
  1.0864256236170689e+15   1.0864256236170689e+15   4.9305830553534319e-01   5.0694169446465620e-01   5.0694169446465620e-01   5.0694169446465653e-01
  1.0914403364487571e+15   1.0914403364487571e+15   4.9305830553534319e-01   5.0694169446465620e-01   5.0694169446465620e-01   5.0694169446465653e-01
  1.0964781961431829e+15   1.0964781961431829e+15   4.9305830553534319e-01   5.0694169446465620e-01   5.0694169446465620e-01   5.0694169446465653e-01
  1.1015393095414145e+15   1.1015393095414145e+15   4.9305830553534319e-01   5.0694169446465620e-01   5.0694169446465620e-01   5.0694169446465653e-01
  1.1066237839776675e+15   1.1066237839776675e+15   4.9305830553534319e-01   5.0694169446465620e-01   5.0694169446465620e-01   5.0694169446465653e-01
  1.1117317272815896e+15   1.1117317272815896e+15   4.9305830553534319e-01   5.0694169446465620e-01   5.0694169446465620e-01   5.0694169446465653e-01
  1.1168632477805612e+15   1.1168632477805612e+15   4.9305830553534319e-01   5.0694169446465620e-01   5.0694169446465620e-01   5.0694169446465653e-01
  1.1220184543019652e+15   1.1220184543019652e+15   4.9305830553534319e-01   5.0694169446465620e-01   5.0694169446465620e-01   5.0694169446465653e-01
  1.1271974561755092e+15   1.1271974561755092e+15   4.9305830553534319e-01   5.0694169446465620e-01   5.0694169446465620e-01   5.0694169446465653e-01
  1.1324003632355578e+15   1.1324003632355578e+15   4.9305830553534319e-01   5.0694169446465620e-01   5.0694169446465620e-01   5.0694169446465653e-01
  1.1376272858234332e+15   1.1376272858234332e+15   4.9305830553534319e-01   5.0694169446465620e-01   5.0694169446465620e-01   5.0694169446465653e-01
  1.1428783347897712e+15   1.1428783347897712e+15   4.9305830553534319e-01   5.0694169446465620e-01   5.0694169446465620e-01   5.0694169446465653e-01
  1.1481536214968840e+15   1.1481536214968840e+15   4.9305830553534319e-01   5.0694169446465620e-01   5.0694169446465620e-01   5.0694169446465653e-01
  1.1534532578210952e+15   1.1534532578210952e+15   4.9305830553534319e-01   5.0694169446465620e-01   5.0694169446465620e-01   5.0694169446465653e-01
  1.1587773561551262e+15   1.1587773561551262e+15   4.9305830553534319e-01   5.0694169446465620e-01   5.0694169446465620e-01   5.0694169446465653e-01
  1.1641260294104885e+15   1.1641260294104885e+15   4.9305830553534319e-01   5.0694169446465620e-01   5.0694169446465620e-01   5.0694169446465653e-01
  1.1694993910198748e+15   1.1694993910198748e+15   4.9305830553534319e-01   5.0694169446465620e-01   5.0694169446465620e-01   5.0694169446465653e-01
  1.1748975549395302e+15   1.1748975549395302e+15   4.9305830553534319e-01   5.0694169446465620e-01   5.0694169446465620e-01   5.0694169446465653e-01
  1.1803206356517275e+15   1.1803206356517275e+15   4.9305830553534319e-01   5.0694169446465620e-01   5.0694169446465620e-01   5.0694169446465653e-01
  1.1857687481671598e+15   1.1857687481671598e+15   4.9305830553534319e-01   5.0694169446465620e-01   5.0694169446465620e-01   5.0694169446465653e-01
  1.1912420080273762e+15   1.1912420080273762e+15   4.9305830553534319e-01   5.0694169446465620e-01   5.0694169446465620e-01   5.0694169446465653e-01
  1.1967405313072418e+15   1.1967405313072418e+15   4.9305830553534319e-01   5.0694169446465620e-01   5.0694169446465620e-01   5.0694169446465653e-01
  1.2022644346174130e+15   1.2022644346174130e+15   4.9305830553534319e-01   5.0694169446465620e-01   5.0694169446465620e-01   5.0694169446465653e-01
  1.2078138351067822e+15   1.2078138351067822e+15   4.9305830553534319e-01   5.0694169446465620e-01   5.0694169446465620e-01   5.0694169446465653e-01
  1.2133888504649762e+15   1.2133888504649762e+15   4.9305830553534319e-01   5.0694169446465620e-01   5.0694169446465620e-01   5.0694169446465653e-01
  1.2189895989248672e+15   1.2189895989248672e+15   4.9305830553534319e-01   5.0694169446465620e-01   5.0694169446465620e-01   5.0694169446465653e-01
  1.2246161992650515e+15   1.2246161992650515e+15   4.9305830553534319e-01   5.0694169446465620e-01   5.0694169446465620e-01   5.0694169446465653e-01
  1.2302687708123812e+15   1.2302687708123812e+15   4.9305830553534319e-01   5.0694169446465620e-01   5.0694169446465620e-01   5.0694169446465653e-01
  1.2359474334445120e+15   1.2359474334445120e+15   4.9305830553534319e-01   5.0694169446465620e-01   5.0694169446465620e-01   5.0694169446465653e-01
  1.2416523075924145e+15   1.2416523075924145e+15   4.9305830553534319e-01   5.0694169446465620e-01   5.0694169446465620e-01   5.0694169446465653e-01
  1.2473835142429432e+15   1.2473835142429432e+15   4.9305830553534319e-01   5.0694169446465620e-01   5.0694169446465620e-01   5.0694169446465653e-01
  1.2531411749414130e+15   1.2531411749414130e+15   4.9305830553534319e-01   5.0694169446465620e-01   5.0694169446465620e-01   5.0694169446465653e-01
  1.2589254117941712e+15   1.2589254117941712e+15   4.9305830553534319e-01   5.0694169446465620e-01   5.0694169446465620e-01   5.0694169446465653e-01
  1.2647363474711522e+15   1.2647363474711522e+15   4.9305830553534319e-01   5.0694169446465620e-01   5.0694169446465620e-01   5.0694169446465653e-01
  1.2705741052085392e+15   1.2705741052085392e+15   4.9305830553534319e-01   5.0694169446465620e-01   5.0694169446465620e-01   5.0694169446465653e-01
  1.2764388088113435e+15   1.2764388088113435e+15   4.9305830553534319e-01   5.0694169446465620e-01   5.0694169446465620e-01   5.0694169446465653e-01
  1.2823305826560230e+15   1.2823305826560230e+15   4.9305830553534319e-01   5.0694169446465620e-01   5.0694169446465620e-01   5.0694169446465653e-01
  1.2882495516931322e+15   1.2882495516931322e+15   4.9305830553534319e-01   5.0694169446465620e-01   5.0694169446465620e-01   5.0694169446465653e-01
  1.2941958414499862e+15   1.2941958414499862e+15   4.9305830553534319e-01   5.0694169446465620e-01   5.0694169446465620e-01   5.0694169446465653e-01
  1.3001695780332925e+15   1.3001695780332925e+15   4.9305830553534319e-01   5.0694169446465620e-01   5.0694169446465620e-01   5.0694169446465653e-01
  1.3061708881318405e+15   1.3061708881318405e+15   4.9305830553534319e-01   5.0694169446465620e-01   5.0694169446465620e-01   5.0694169446465653e-01
  1.3121998990192042e+15   1.3121998990192042e+15   4.9305830553534319e-01   5.0694169446465620e-01   5.0694169446465620e-01   5.0694169446465653e-01
  1.3182567385564100e+15   1.3182567385564100e+15   4.9305830553534319e-01   5.0694169446465620e-01   5.0694169446465620e-01   5.0694169446465653e-01
  1.3243415351946642e+15   1.3243415351946642e+15   4.9305830553534319e-01   5.0694169446465620e-01   5.0694169446465620e-01   5.0694169446465653e-01
  1.3304544179780928e+15   1.3304544179780928e+15   4.9305830553534319e-01   5.0694169446465620e-01   5.0694169446465620e-01   5.0694169446465653e-01
  1.3365955165464460e+15   1.3365955165464460e+15   4.9305830553534319e-01   5.0694169446465620e-01   5.0694169446465620e-01   5.0694169446465653e-01
  1.3427649611378642e+15   1.3427649611378642e+15   4.9305830553534319e-01   5.0694169446465620e-01   5.0694169446465620e-01   5.0694169446465653e-01
  1.3489628825916505e+15   1.3489628825916505e+15   4.9305830553534319e-01   5.0694169446465620e-01   5.0694169446465620e-01   5.0694169446465653e-01
  1.3551894123510405e+15   1.3551894123510405e+15   4.9305830553534319e-01   5.0694169446465620e-01   5.0694169446465620e-01   5.0694169446465653e-01
  1.3614446824659510e+15   1.3614446824659510e+15   4.9305830553534319e-01   5.0694169446465620e-01   5.0694169446465620e-01   5.0694169446465653e-01
  1.3677288255958468e+15   1.3677288255958468e+15   4.9305830553534319e-01   5.0694169446465620e-01   5.0694169446465620e-01   5.0694169446465653e-01
  1.3740419750125150e+15   1.3740419750125150e+15   4.9305830553534319e-01   5.0694169446465620e-01   5.0694169446465620e-01   5.0694169446465653e-01
  1.3803842646028868e+15   1.3803842646028868e+15   4.9305830553534319e-01   5.0694169446465620e-01   5.0694169446465620e-01   5.0694169446465653e-01
  1.3867558288718868e+15   1.3867558288718868e+15   4.9305830553534319e-01   5.0694169446465620e-01   5.0694169446465620e-01   5.0694169446465653e-01
  1.3931568029453035e+15   1.3931568029453035e+15   4.9305830553534319e-01   5.0694169446465620e-01   5.0694169446465620e-01   5.0694169446465653e-01
  1.3995873225726208e+15   1.3995873225726208e+15   4.9305830553534319e-01   5.0694169446465620e-01   5.0694169446465620e-01   5.0694169446465653e-01
  1.4060475241299128e+15   1.4060475241299128e+15   4.9305830553534319e-01   5.0694169446465620e-01   5.0694169446465620e-01   5.0694169446465653e-01
  1.4125375446227555e+15   1.4125375446227555e+15   4.9305830553534319e-01   5.0694169446465620e-01   5.0694169446465620e-01   5.0694169446465653e-01
  1.4190575216890955e+15   1.4190575216890955e+15   4.9305830553534319e-01   5.0694169446465620e-01   5.0694169446465620e-01   5.0694169446465653e-01
  1.4256075936021880e+15   1.4256075936021880e+15   4.9305830553534319e-01   5.0694169446465620e-01   5.0694169446465620e-01   5.0694169446465653e-01
  1.4321878992735452e+15   1.4321878992735452e+15   4.9305830553534319e-01   5.0694169446465620e-01   5.0694169446465620e-01   5.0694169446465653e-01
  1.4387985782558495e+15   1.4387985782558495e+15   4.9305830553534319e-01   5.0694169446465620e-01   5.0694169446465620e-01   5.0694169446465653e-01
  1.4454397707459280e+15   1.4454397707459280e+15   4.9305830553534319e-01   5.0694169446465620e-01   5.0694169446465620e-01   5.0694169446465653e-01
  1.4521116175877390e+15   1.4521116175877390e+15   4.9305830553534319e-01   5.0694169446465620e-01   5.0694169446465620e-01   5.0694169446465653e-01
  1.4588142602753535e+15   1.4588142602753535e+15   4.9305830553534319e-01   5.0694169446465620e-01   5.0694169446465620e-01   5.0694169446465653e-01
  1.4655478409559128e+15   1.4655478409559128e+15   4.9305830553534319e-01   5.0694169446465620e-01   5.0694169446465620e-01   5.0694169446465653e-01
  1.4723125024327162e+15   1.4723125024327162e+15   4.9305830553534319e-01   5.0694169446465620e-01   5.0694169446465620e-01   5.0694169446465653e-01
  1.4791083881682072e+15   1.4791083881682072e+15   4.9305830553534319e-01   5.0694169446465620e-01   5.0694169446465620e-01   5.0694169446465653e-01
  1.4859356422870090e+15   1.4859356422870090e+15   4.9305830553534319e-01   5.0694169446465620e-01   5.0694169446465620e-01   5.0694169446465653e-01
  1.4927944095789945e+15   1.4927944095789945e+15   4.9305830553534319e-01   5.0694169446465620e-01   5.0694169446465620e-01   5.0694169446465653e-01
  1.4996848355023740e+15   1.4996848355023740e+15   4.9305830553534319e-01   5.0694169446465620e-01   5.0694169446465620e-01   5.0694169446465653e-01
  1.5066070661867448e+15   1.5066070661867448e+15   4.9305830553534319e-01   5.0694169446465620e-01   5.0694169446465620e-01   5.0694169446465653e-01
  1.5135612484362072e+15   1.5135612484362072e+15   4.9305830553534319e-01   5.0694169446465620e-01   5.0694169446465620e-01   5.0694169446465653e-01
  1.5205475297324970e+15   1.5205475297324970e+15   4.9305830553534319e-01   5.0694169446465620e-01   5.0694169446465620e-01   5.0694169446465653e-01
  1.5275660582380762e+15   1.5275660582380762e+15   4.9305830553534319e-01   5.0694169446465620e-01   5.0694169446465620e-01   5.0694169446465653e-01
  1.5346169827992940e+15   1.5346169827992940e+15   4.9305830553534319e-01   5.0694169446465620e-01   5.0694169446465620e-01   5.0694169446465653e-01
  1.5417004529495552e+15   1.5417004529495552e+15   4.9305830553534319e-01   5.0694169446465620e-01   5.0694169446465620e-01   5.0694169446465653e-01
  1.5488166189124860e+15   1.5488166189124860e+15   4.9305830553534319e-01   5.0694169446465620e-01   5.0694169446465620e-01   5.0694169446465653e-01
  1.5559656316050750e+15   1.5559656316050750e+15   4.9305830553534319e-01   5.0694169446465620e-01   5.0694169446465620e-01   5.0694169446465653e-01
  1.5631476426409508e+15   1.5631476426409508e+15   4.9305830553534319e-01   5.0694169446465620e-01   5.0694169446465620e-01   5.0694169446465653e-01
  1.5703628043335515e+15   1.5703628043335515e+15   4.9305830553534319e-01   5.0694169446465620e-01   5.0694169446465620e-01   5.0694169446465653e-01
  1.5776112696993500e+15   1.5776112696993500e+15   4.9305830553534319e-01   5.0694169446465620e-01   5.0694169446465620e-01   5.0694169446465653e-01
  1.5848931924611110e+15   1.5848931924611110e+15   4.9305830553534319e-01   5.0694169446465620e-01   5.0694169446465620e-01   5.0694169446465653e-01
  1.5922087270511700e+15   1.5922087270511700e+15   4.9305830553534319e-01   5.0694169446465620e-01   5.0694169446465620e-01   5.0694169446465653e-01
  1.5995580286146712e+15   1.5995580286146712e+15   4.9305830553534319e-01   5.0694169446465620e-01   5.0694169446465620e-01   5.0694169446465653e-01
  1.6069412530128755e+15   1.6069412530128755e+15   4.9305830553534319e-01   5.0694169446465620e-01   5.0694169446465620e-01   5.0694169446465653e-01
  1.6143585568264870e+15   1.6143585568264870e+15   4.9305830553534319e-01   5.0694169446465620e-01   5.0694169446465620e-01   5.0694169446465653e-01
  1.6218100973589332e+15   1.6218100973589332e+15   4.9305830553534319e-01   5.0694169446465620e-01   5.0694169446465620e-01   5.0694169446465653e-01
  1.6292960326397215e+15   1.6292960326397215e+15   4.9305830553534319e-01   5.0694169446465620e-01   5.0694169446465620e-01   5.0694169446465653e-01
  1.6368165214278102e+15   1.6368165214278102e+15   4.9305830553534319e-01   5.0694169446465620e-01   5.0694169446465620e-01   5.0694169446465653e-01
  1.6443717232149358e+15   1.6443717232149358e+15   4.9305830553534319e-01   5.0694169446465620e-01   5.0694169446465620e-01   5.0694169446465653e-01
  1.6519617982290150e+15   1.6519617982290150e+15   4.9305830553534319e-01   5.0694169446465620e-01   5.0694169446465620e-01   5.0694169446465653e-01
  1.6595869074375562e+15   1.6595869074375562e+15   4.9305830553534319e-01   5.0694169446465620e-01   5.0694169446465620e-01   5.0694169446465653e-01
  1.6672472125510678e+15   1.6672472125510678e+15   4.9305830553534319e-01   5.0694169446465620e-01   5.0694169446465620e-01   5.0694169446465653e-01
  1.6749428760264382e+15   1.6749428760264382e+15   4.9305830553534319e-01   5.0694169446465620e-01   5.0694169446465620e-01   5.0694169446465653e-01
  1.6826740610704640e+15   1.6826740610704640e+15   4.9305830553534319e-01   5.0694169446465620e-01   5.0694169446465620e-01   5.0694169446465653e-01
  1.6904409316432632e+15   1.6904409316432632e+15   4.9305830553534319e-01   5.0694169446465620e-01   5.0694169446465620e-01   5.0694169446465653e-01
  1.6982436524617460e+15   1.6982436524617460e+15   4.9305830553534319e-01   5.0694169446465620e-01   5.0694169446465620e-01   5.0694169446465653e-01
  1.7060823890031208e+15   1.7060823890031208e+15   4.9305830553534319e-01   5.0694169446465620e-01   5.0694169446465620e-01   5.0694169446465653e-01
  1.7139573075084252e+15   1.7139573075084252e+15   4.9305830553534319e-01   5.0694169446465620e-01   5.0694169446465620e-01   5.0694169446465653e-01
  1.7218685749860095e+15   1.7218685749860095e+15   4.9305830553534319e-01   5.0694169446465620e-01   5.0694169446465620e-01   5.0694169446465653e-01
  1.7298163592150998e+15   1.7298163592150998e+15   4.9305830553534319e-01   5.0694169446465620e-01   5.0694169446465620e-01   5.0694169446465653e-01
  1.7378008287493762e+15   1.7378008287493762e+15   4.9305830553534319e-01   5.0694169446465620e-01   5.0694169446465620e-01   5.0694169446465653e-01
  1.7458221529205075e+15   1.7458221529205075e+15   4.9305830553534319e-01   5.0694169446465620e-01   5.0694169446465620e-01   5.0694169446465653e-01
  1.7538805018417602e+15   1.7538805018417602e+15   4.9305830553534319e-01   5.0694169446465620e-01   5.0694169446465620e-01   5.0694169446465653e-01
  1.7619760464116310e+15   1.7619760464116310e+15   4.9305830553534319e-01   5.0694169446465620e-01   5.0694169446465620e-01   5.0694169446465653e-01
  1.7701089583174255e+15   1.7701089583174255e+15   4.9305830553534319e-01   5.0694169446465620e-01   5.0694169446465620e-01   5.0694169446465653e-01
  1.7782794100389228e+15   1.7782794100389228e+15   4.9305830553534319e-01   5.0694169446465620e-01   5.0694169446465620e-01   5.0694169446465653e-01
  1.7864875748520462e+15   1.7864875748520462e+15   4.9305830553534319e-01   5.0694169446465620e-01   5.0694169446465620e-01   5.0694169446465653e-01
  1.7947336268325320e+15   1.7947336268325320e+15   4.9305830553534319e-01   5.0694169446465620e-01   5.0694169446465620e-01   5.0694169446465653e-01
  1.8030177408595700e+15   1.8030177408595700e+15   4.9305830553534319e-01   5.0694169446465620e-01   5.0694169446465620e-01   5.0694169446465653e-01
  1.8113400926195988e+15   1.8113400926195988e+15   4.9305830553534319e-01   5.0694169446465620e-01   5.0694169446465620e-01   5.0694169446465653e-01
  1.8197008586099825e+15   1.8197008586099825e+15   4.9305830553534319e-01   5.0694169446465620e-01   5.0694169446465620e-01   5.0694169446465653e-01
  1.8281002161427445e+15   1.8281002161427445e+15   4.9305830553534319e-01   5.0694169446465620e-01   5.0694169446465620e-01   5.0694169446465653e-01
  1.8365383433483438e+15   1.8365383433483438e+15   4.9305830553534319e-01   5.0694169446465620e-01   5.0694169446465620e-01   5.0694169446465653e-01
  1.8450154191794738e+15   1.8450154191794738e+15   4.9305830553534319e-01   5.0694169446465620e-01   5.0694169446465620e-01   5.0694169446465653e-01
  1.8535316234148142e+15   1.8535316234148142e+15   4.9305830553534319e-01   5.0694169446465620e-01   5.0694169446465620e-01   5.0694169446465653e-01
  1.8620871366628655e+15   1.8620871366628655e+15   4.9305830553534319e-01   5.0694169446465620e-01   5.0694169446465620e-01   5.0694169446465653e-01
  1.8706821403658015e+15   1.8706821403658015e+15   4.9305830553534319e-01   5.0694169446465620e-01   5.0694169446465620e-01   5.0694169446465653e-01
  1.8793168168032725e+15   1.8793168168032725e+15   4.9305830553534319e-01   5.0694169446465620e-01   5.0694169446465620e-01   5.0694169446465653e-01
  1.8879913490962925e+15   1.8879913490962925e+15   4.9305830553534319e-01   5.0694169446465620e-01   5.0694169446465620e-01   5.0694169446465653e-01
  1.8967059212111482e+15   1.8967059212111482e+15   4.9305830553534319e-01   5.0694169446465620e-01   5.0694169446465620e-01   5.0694169446465653e-01
  1.9054607179632522e+15   1.9054607179632522e+15   4.9305830553534319e-01   5.0694169446465620e-01   5.0694169446465620e-01   5.0694169446465653e-01
  1.9142559250210860e+15   1.9142559250210860e+15   4.9305830553534319e-01   5.0694169446465620e-01   5.0694169446465620e-01   5.0694169446465653e-01
  1.9230917289101535e+15   1.9230917289101535e+15   4.9305830553534319e-01   5.0694169446465620e-01   5.0694169446465620e-01   5.0694169446465653e-01
  1.9319683170169300e+15   1.9319683170169300e+15   4.9305830553534319e-01   5.0694169446465620e-01   5.0694169446465620e-01   5.0694169446465653e-01
  1.9408858775927792e+15   1.9408858775927792e+15   4.9305830553534319e-01   5.0694169446465620e-01   5.0694169446465620e-01   5.0694169446465653e-01
  1.9498445997580415e+15   1.9498445997580415e+15   4.9305830553534319e-01   5.0694169446465620e-01   5.0694169446465620e-01   5.0694169446465653e-01
  1.9588446735059890e+15   1.9588446735059890e+15   4.9305830553534319e-01   5.0694169446465620e-01   5.0694169446465620e-01   5.0694169446465653e-01
  1.9678862897068470e+15   1.9678862897068470e+15   4.9305830553534319e-01   5.0694169446465620e-01   5.0694169446465620e-01   5.0694169446465653e-01
  1.9769696401118580e+15   1.9769696401118580e+15   4.9305830553534319e-01   5.0694169446465620e-01   5.0694169446465620e-01   5.0694169446465653e-01
  1.9860949173573718e+15   1.9860949173573718e+15   4.9305830553534319e-01   5.0694169446465620e-01   5.0694169446465620e-01   5.0694169446465653e-01
  1.9952623149688828e+15   1.9952623149688828e+15   4.9305830553534319e-01   5.0694169446465620e-01   5.0694169446465620e-01   5.0694169446465653e-01
  2.0044720273651592e+15   2.0044720273651592e+15   4.9305830553534319e-01   5.0694169446465620e-01   5.0694169446465620e-01   5.0694169446465653e-01
  2.0137242498623895e+15   2.0137242498623895e+15   4.9305830553534319e-01   5.0694169446465620e-01   5.0694169446465620e-01   5.0694169446465653e-01
  2.0230191786782760e+15   2.0230191786782760e+15   4.9305830553534319e-01   5.0694169446465620e-01   5.0694169446465620e-01   5.0694169446465653e-01
  2.0323570109362210e+15   2.0323570109362210e+15   4.9305830553534319e-01   5.0694169446465620e-01   5.0694169446465620e-01   5.0694169446465653e-01
  2.0417379446695318e+15   2.0417379446695318e+15   4.9305830553534319e-01   5.0694169446465620e-01   5.0694169446465620e-01   5.0694169446465653e-01
  2.0511621788255710e+15   2.0511621788255710e+15   4.9305830553534319e-01   5.0694169446465620e-01   5.0694169446465620e-01   5.0694169446465653e-01
  2.0606299132700005e+15   2.0606299132700005e+15   4.9305830553534319e-01   5.0694169446465620e-01   5.0694169446465620e-01   5.0694169446465653e-01
  2.0701413487910372e+15   2.0701413487910372e+15   4.9305830553534319e-01   5.0694169446465620e-01   5.0694169446465620e-01   5.0694169446465653e-01
  2.0796966871037022e+15   2.0796966871037022e+15   4.9305830553534319e-01   5.0694169446465620e-01   5.0694169446465620e-01   5.0694169446465653e-01
  2.0892961308540408e+15   2.0892961308540408e+15   4.9305830553534319e-01   5.0694169446465620e-01   5.0694169446465620e-01   5.0694169446465653e-01
  2.0989398836235202e+15   2.0989398836235202e+15   4.9305830553534319e-01   5.0694169446465620e-01   5.0694169446465620e-01   5.0694169446465653e-01
  2.1086281499332888e+15   2.1086281499332888e+15   4.9305830553534319e-01   5.0694169446465620e-01   5.0694169446465620e-01   5.0694169446465653e-01
  2.1183611352485042e+15   2.1183611352485042e+15   4.9305830553534319e-01   5.0694169446465620e-01   5.0694169446465620e-01   5.0694169446465653e-01
  2.1281390459827090e+15   2.1281390459827090e+15   4.9305830553534319e-01   5.0694169446465620e-01   5.0694169446465620e-01   5.0694169446465653e-01
  2.1379620895022325e+15   2.1379620895022325e+15   4.9305830553534319e-01   5.0694169446465620e-01   5.0694169446465620e-01   5.0694169446465653e-01
  2.1478304741305375e+15   2.1478304741305375e+15   4.9305830553534319e-01   5.0694169446465620e-01   5.0694169446465620e-01   5.0694169446465653e-01
  2.1577444091526645e+15   2.1577444091526645e+15   4.9305830553534319e-01   5.0694169446465620e-01   5.0694169446465620e-01   5.0694169446465653e-01
  2.1677041048196962e+15   2.1677041048196962e+15   4.9305830553534319e-01   5.0694169446465620e-01   5.0694169446465620e-01   5.0694169446465653e-01
  2.1777097723531635e+15   2.1777097723531635e+15   4.9305830553534319e-01   5.0694169446465620e-01   5.0694169446465620e-01   5.0694169446465653e-01
  2.1877616239495518e+15   2.1877616239495518e+15   4.9305830553534319e-01   5.0694169446465620e-01   5.0694169446465620e-01   5.0694169446465653e-01
  2.1978598727848275e+15   2.1978598727848275e+15   4.9305830553534319e-01   5.0694169446465620e-01   5.0694169446465620e-01   5.0694169446465653e-01
  2.2080047330189060e+15   2.2080047330189060e+15   4.9305830553534319e-01   5.0694169446465620e-01   5.0694169446465620e-01   5.0694169446465653e-01
  2.2181964198002195e+15   2.2181964198002195e+15   4.9305830553534319e-01   5.0694169446465620e-01   5.0694169446465620e-01   5.0694169446465653e-01
  2.2284351492702985e+15   2.2284351492702985e+15   4.9305830553534319e-01   5.0694169446465620e-01   5.0694169446465620e-01   5.0694169446465653e-01
  2.2387211385683470e+15   2.2387211385683470e+15   4.9305830553534319e-01   5.0694169446465620e-01   5.0694169446465620e-01   5.0694169446465653e-01
  2.2490546058357828e+15   2.2490546058357828e+15   4.9305830553534319e-01   5.0694169446465620e-01   5.0694169446465620e-01   5.0694169446465653e-01
  2.2594357702209735e+15   2.2594357702209735e+15   4.9305830553534319e-01   5.0694169446465620e-01   5.0694169446465620e-01   5.0694169446465653e-01
  2.2698648518838210e+15   2.2698648518838210e+15   4.9305830553534319e-01   5.0694169446465620e-01   5.0694169446465620e-01   5.0694169446465653e-01
  2.2803420720004210e+15   2.2803420720004210e+15   4.9305830553534319e-01   5.0694169446465620e-01   5.0694169446465620e-01   5.0694169446465653e-01
  2.2908676527677700e+15   2.2908676527677700e+15   4.9305830553534319e-01   5.0694169446465620e-01   5.0694169446465620e-01   5.0694169446465653e-01
  2.3014418174085090e+15   2.3014418174085090e+15   4.9305830553534319e-01   5.0694169446465620e-01   5.0694169446465620e-01   5.0694169446465653e-01
  2.3120647901755990e+15   2.3120647901755990e+15   4.9305830553534319e-01   5.0694169446465620e-01   5.0694169446465620e-01   5.0694169446465653e-01
  2.3227367963571050e+15   2.3227367963571050e+15   4.9305830553534319e-01   5.0694169446465620e-01   5.0694169446465620e-01   5.0694169446465653e-01
  2.3334580622810045e+15   2.3334580622810045e+15   4.9305830553534319e-01   5.0694169446465620e-01   5.0694169446465620e-01   5.0694169446465653e-01
  2.3442288153199275e+15   2.3442288153199275e+15   4.9305830553534319e-01   5.0694169446465620e-01   5.0694169446465620e-01   5.0694169446465653e-01
  2.3550492838960090e+15   2.3550492838960090e+15   4.9305830553534319e-01   5.0694169446465620e-01   5.0694169446465620e-01   5.0694169446465653e-01
  2.3659196974857610e+15   2.3659196974857610e+15   4.9305830553534319e-01   5.0694169446465620e-01   5.0694169446465620e-01   5.0694169446465653e-01
  2.3768402866248830e+15   2.3768402866248830e+15   4.9305830553534319e-01   5.0694169446465620e-01   5.0694169446465620e-01   5.0694169446465653e-01
  2.3878112829131780e+15   2.3878112829131780e+15   4.9305830553534319e-01   5.0694169446465620e-01   5.0694169446465620e-01   5.0694169446465653e-01
  2.3988329190194850e+15   2.3988329190194850e+15   4.9305830553534319e-01   5.0694169446465620e-01   5.0694169446465620e-01   5.0694169446465653e-01
  2.4099054286866030e+15   2.4099054286866030e+15   4.9305830553534319e-01   5.0694169446465620e-01   5.0694169446465620e-01   5.0694169446465653e-01
  2.4210290467361800e+15   2.4210290467361800e+15   4.9305830553534319e-01   5.0694169446465620e-01   5.0694169446465620e-01   5.0694169446465653e-01
  2.4322040090738110e+15   2.4322040090738110e+15   4.9305830553534319e-01   5.0694169446465620e-01   5.0694169446465620e-01   5.0694169446465653e-01
  2.4434305526939715e+15   2.4434305526939715e+15   4.9305830553534319e-01   5.0694169446465620e-01   5.0694169446465620e-01   5.0694169446465653e-01
  2.4547089156850335e+15   2.4547089156850335e+15   4.9305830553534319e-01   5.0694169446465620e-01   5.0694169446465620e-01   5.0694169446465653e-01
  2.4660393372343360e+15   2.4660393372343360e+15   4.9305830553534319e-01   5.0694169446465620e-01   5.0694169446465620e-01   5.0694169446465653e-01
  2.4774220576332860e+15   2.4774220576332860e+15   4.9305830553534319e-01   5.0694169446465620e-01   5.0694169446465620e-01   5.0694169446465653e-01
  2.4888573182823955e+15   2.4888573182823955e+15   4.9305830553534319e-01   5.0694169446465620e-01   5.0694169446465620e-01   5.0694169446465653e-01
  2.5003453616964295e+15   2.5003453616964295e+15   4.9305830553534319e-01   5.0694169446465620e-01   5.0694169446465620e-01   5.0694169446465653e-01
  2.5118864315095820e+15   2.5118864315095820e+15   4.9305830553534319e-01   5.0694169446465620e-01   5.0694169446465620e-01   5.0694169446465653e-01
  2.5234807724805805e+15   2.5234807724805805e+15   4.9305830553534319e-01   5.0694169446465620e-01   5.0694169446465620e-01   5.0694169446465653e-01
  2.5351286304979070e+15   2.5351286304979070e+15   4.9305830553534319e-01   5.0694169446465620e-01   5.0694169446465620e-01   5.0694169446465653e-01
  2.5468302525850445e+15   2.5468302525850445e+15   4.9305830553534319e-01   5.0694169446465620e-01   5.0694169446465620e-01   5.0694169446465653e-01
  2.5585858869056530e+15   2.5585858869056530e+15   4.9305830553534319e-01   5.0694169446465620e-01   5.0694169446465620e-01   5.0694169446465653e-01
  2.5703957827688645e+15   2.5703957827688645e+15   4.9305830553534319e-01   5.0694169446465620e-01   5.0694169446465620e-01   5.0694169446465653e-01
  2.5822601906345905e+15   2.5822601906345905e+15   4.9305830553534319e-01   5.0694169446465620e-01   5.0694169446465620e-01   5.0694169446465653e-01
  2.5941793621188230e+15   2.5941793621188230e+15   4.9305830553534319e-01   5.0694169446465620e-01   5.0694169446465620e-01   5.0694169446465653e-01
  2.6061535499988975e+15   2.6061535499988975e+15   4.9305830553534319e-01   5.0694169446465620e-01   5.0694169446465620e-01   5.0694169446465653e-01
  2.6181830082189810e+15   2.6181830082189810e+15   4.9305830553534319e-01   5.0694169446465620e-01   5.0694169446465620e-01   5.0694169446465653e-01
  2.6302679918953815e+15   2.6302679918953815e+15   4.9305830553534319e-01   5.0694169446465620e-01   5.0694169446465620e-01   5.0694169446465653e-01
  2.6424087573219500e+15   2.6424087573219500e+15   4.9305830553534319e-01   5.0694169446465620e-01   5.0694169446465620e-01   5.0694169446465653e-01
  2.6546055619755360e+15   2.6546055619755360e+15   4.9305830553534319e-01   5.0694169446465620e-01   5.0694169446465620e-01   5.0694169446465653e-01
  2.6668586645214805e+15   2.6668586645214805e+15   4.9305830553534319e-01   5.0694169446465620e-01   5.0694169446465620e-01   5.0694169446465653e-01
  2.6791683248190370e+15   2.6791683248190370e+15   4.9305830553534319e-01   5.0694169446465620e-01   5.0694169446465620e-01   5.0694169446465653e-01
  2.6915348039269140e+15   2.6915348039269140e+15   4.9305830553534319e-01   5.0694169446465620e-01   5.0694169446465620e-01   5.0694169446465653e-01
  2.7039583641088460e+15   2.7039583641088460e+15   4.9305830553534319e-01   5.0694169446465620e-01   5.0694169446465620e-01   5.0694169446465653e-01
  2.7164392688390890e+15   2.7164392688390890e+15   4.9305830553534319e-01   5.0694169446465620e-01   5.0694169446465620e-01   5.0694169446465653e-01
  2.7289777828080405e+15   2.7289777828080405e+15   4.9305830553534319e-01   5.0694169446465620e-01   5.0694169446465620e-01   5.0694169446465653e-01
  2.7415741719278750e+15   2.7415741719278750e+15   4.9305830553534319e-01   5.0694169446465620e-01   5.0694169446465620e-01   5.0694169446465653e-01
  2.7542287033381745e+15   2.7542287033381745e+15   4.9305830553534319e-01   5.0694169446465620e-01   5.0694169446465620e-01   5.0694169446465653e-01
  2.7669416454115125e+15   2.7669416454115125e+15   4.9305830553534319e-01   5.0694169446465620e-01   5.0694169446465620e-01   5.0694169446465653e-01
  2.7797132677592825e+15   2.7797132677592825e+15   4.9305830553534319e-01   5.0694169446465620e-01   5.0694169446465620e-01   5.0694169446465653e-01
  2.7925438412373365e+15   2.7925438412373365e+15   4.9305830553534319e-01   5.0694169446465620e-01   5.0694169446465620e-01   5.0694169446465653e-01
  2.8054336379517160e+15   2.8054336379517160e+15   4.9305830553534319e-01   5.0694169446465620e-01   5.0694169446465620e-01   5.0694169446465653e-01
  2.8183829312644490e+15   2.8183829312644490e+15   4.9305830553534319e-01   5.0694169446465620e-01   5.0694169446465620e-01   5.0694169446465653e-01
  2.8313919957993790e+15   2.8313919957993790e+15   4.9305830553534319e-01   5.0694169446465620e-01   5.0694169446465620e-01   5.0694169446465653e-01
  2.8444611074479200e+15   2.8444611074479200e+15   4.9305830553534319e-01   5.0694169446465620e-01   5.0694169446465620e-01   5.0694169446465653e-01
  2.8575905433749435e+15   2.8575905433749435e+15   4.9305830553534319e-01   5.0694169446465620e-01   5.0694169446465620e-01   5.0694169446465653e-01
  2.8707805820246920e+15   2.8707805820246920e+15   4.9305830553534319e-01   5.0694169446465620e-01   5.0694169446465620e-01   5.0694169446465653e-01
  2.8840315031266115e+15   2.8840315031266115e+15   4.9305830553534319e-01   5.0694169446465620e-01   5.0694169446465620e-01   5.0694169446465653e-01
  2.8973435877013215e+15   2.8973435877013215e+15   4.9305830553534319e-01   5.0694169446465620e-01   5.0694169446465620e-01   5.0694169446465653e-01
  2.9107171180666080e+15   2.9107171180666080e+15   4.9305830553534319e-01   5.0694169446465620e-01   5.0694169446465620e-01   5.0694169446465653e-01
  2.9241523778433430e+15   2.9241523778433430e+15   4.9305830553534319e-01   5.0694169446465620e-01   5.0694169446465620e-01   5.0694169446465653e-01
  2.9376496519615305e+15   2.9376496519615305e+15   4.9305830553534319e-01   5.0694169446465620e-01   5.0694169446465620e-01   5.0694169446465653e-01
  2.9512092266663780e+15   2.9512092266663780e+15   4.9305830553534319e-01   5.0694169446465620e-01   5.0694169446465620e-01   5.0694169446465653e-01
  2.9648313895243515e+15   2.9648313895243515e+15   4.9305830553534319e-01   5.0694169446465620e-01   5.0694169446465620e-01   5.0694169446465653e-01
  2.9785164294291910e+15   2.9785164294291910e+15   4.9305830553534319e-01   5.0694169446465620e-01   5.0694169446465620e-01   5.0694169446465653e-01
  2.9922646366081830e+15   2.9922646366081830e+15   4.9305830553534319e-01   5.0694169446465620e-01   5.0694169446465620e-01   5.0694169446465653e-01
  3.0060763026282290e+15   3.0060763026282290e+15   4.9305830553534319e-01   5.0694169446465620e-01   5.0694169446465620e-01   5.0694169446465653e-01
  3.0199517204020190e+15   3.0199517204020190e+15   4.9305830553534319e-01   5.0694169446465620e-01   5.0694169446465620e-01   5.0694169446465653e-01
  3.0338911841942655e+15   3.0338911841942655e+15   4.9305830553534319e-01   5.0694169446465620e-01   5.0694169446465620e-01   5.0694169446465653e-01
  3.0478949896279830e+15   3.0478949896279830e+15   4.9305830553534319e-01   5.0694169446465620e-01   5.0694169446465620e-01   5.0694169446465653e-01
  3.0619634336906820e+15   3.0619634336906820e+15   4.9305830553534319e-01   5.0694169446465620e-01   5.0694169446465620e-01   5.0694169446465653e-01
  3.0760968147407050e+15   3.0760968147407050e+15   4.9305830553534319e-01   5.0694169446465620e-01   5.0694169446465620e-01   5.0694169446465653e-01
  3.0902954325135920e+15   3.0902954325135920e+15   4.9305830553534319e-01   5.0694169446465620e-01   5.0694169446465620e-01   5.0694169446465653e-01
  3.1045595881283620e+15   3.1045595881283620e+15   4.9305830553534319e-01   5.0694169446465620e-01   5.0694169446465620e-01   5.0694169446465653e-01
  3.1188895840939355e+15   3.1188895840939355e+15   4.9305830553534319e-01   5.0694169446465620e-01   5.0694169446465620e-01   5.0694169446465653e-01
  3.1332857243155890e+15   3.1332857243155890e+15   4.9305830553534319e-01   5.0694169446465620e-01   5.0694169446465620e-01   5.0694169446465653e-01
  3.1477483141013240e+15   3.1477483141013240e+15   4.9305830553534319e-01   5.0694169446465620e-01   5.0694169446465620e-01   5.0694169446465653e-01
  3.1622776601683795e+15   3.1622776601683795e+15   4.9305830553534319e-01   5.0694169446465620e-01   5.0694169446465620e-01   5.0694169446465653e-01
  3.1768740706497625e+15   3.1768740706497625e+15   4.9305830553534319e-01   5.0694169446465620e-01   5.0694169446465620e-01   5.0694169446465653e-01
  3.1915378551007715e+15   3.1915378551007715e+15   4.9305830553534319e-01   5.0694169446465620e-01   5.0694169446465620e-01   5.0694169446465653e-01
  3.2062693245054675e+15   3.2062693245054675e+15   4.9305830553534319e-01   5.0694169446465620e-01   5.0694169446465620e-01   5.0694169446465653e-01
  3.2210687912834280e+15   3.2210687912834280e+15   4.9305830553534319e-01   5.0694169446465620e-01   5.0694169446465620e-01   5.0694169446465653e-01
  3.2359365692962810e+15   3.2359365692962810e+15   4.9305830553534319e-01   5.0694169446465620e-01   5.0694169446465620e-01   5.0694169446465653e-01
  3.2508729738543470e+15   3.2508729738543470e+15   4.9305830553534319e-01   5.0694169446465620e-01   5.0694169446465620e-01   5.0694169446465653e-01
  3.2658783217233530e+15   3.2658783217233530e+15   4.9305830553534319e-01   5.0694169446465620e-01   5.0694169446465620e-01   5.0694169446465653e-01
  3.2809529311311905e+15   3.2809529311311905e+15   4.9305830553534319e-01   5.0694169446465620e-01   5.0694169446465620e-01   5.0694169446465653e-01
  3.2960971217745830e+15   3.2960971217745830e+15   4.9305830553534319e-01   5.0694169446465620e-01   5.0694169446465620e-01   5.0694169446465653e-01
  3.3113112148259075e+15   3.3113112148259075e+15   4.9305830553534319e-01   5.0694169446465620e-01   5.0694169446465620e-01   5.0694169446465653e-01
  3.3265955329400470e+15   3.3265955329400470e+15   4.9305830553534319e-01   5.0694169446465620e-01   5.0694169446465620e-01   5.0694169446465653e-01
  3.3419504002611495e+15   3.3419504002611495e+15   4.9305830553534319e-01   5.0694169446465620e-01   5.0694169446465620e-01   5.0694169446465653e-01
  3.3573761424295450e+15   3.3573761424295450e+15   4.9305830553534319e-01   5.0694169446465620e-01   5.0694169446465620e-01   5.0694169446465653e-01
  3.3728730865886925e+15   3.3728730865886925e+15   4.9305830553534319e-01   5.0694169446465620e-01   5.0694169446465620e-01   5.0694169446465653e-01
  3.3884415613920345e+15   3.3884415613920345e+15   4.9305830553534319e-01   5.0694169446465620e-01   5.0694169446465620e-01   5.0694169446465653e-01
  3.4040818970100090e+15   3.4040818970100090e+15   4.9305830553534319e-01   5.0694169446465620e-01   5.0694169446465620e-01   5.0694169446465653e-01
  3.4197944251370800e+15   3.4197944251370800e+15   4.9305830553534319e-01   5.0694169446465620e-01   5.0694169446465620e-01   5.0694169446465653e-01
  3.4355794789987570e+15   3.4355794789987570e+15   4.9305830553534319e-01   5.0694169446465620e-01   5.0694169446465620e-01   5.0694169446465653e-01
  3.4514373933585645e+15   3.4514373933585645e+15   4.9305830553534319e-01   5.0694169446465620e-01   5.0694169446465620e-01   5.0694169446465653e-01
  3.4673685045253095e+15   3.4673685045253095e+15   4.9305830553534319e-01   5.0694169446465620e-01   5.0694169446465620e-01   5.0694169446465653e-01
  3.4833731503601165e+15   3.4833731503601165e+15   4.9305830553534319e-01   5.0694169446465620e-01   5.0694169446465620e-01   5.0694169446465653e-01
  3.4994516702835765e+15   3.4994516702835765e+15   4.9305830553534319e-01   5.0694169446465620e-01   5.0694169446465620e-01   5.0694169446465653e-01
  3.5156044052829760e+15   3.5156044052829760e+15   4.9305830553534319e-01   5.0694169446465620e-01   5.0694169446465620e-01   5.0694169446465653e-01
  3.5318316979195700e+15   3.5318316979195700e+15   4.9305830553534319e-01   5.0694169446465620e-01   5.0694169446465620e-01   5.0694169446465653e-01
  3.5481338923357605e+15   3.5481338923357605e+15   4.9305830553534319e-01   5.0694169446465620e-01   5.0694169446465620e-01   5.0694169446465653e-01
  3.5645113342624390e+15   3.5645113342624390e+15   4.9305830553534319e-01   5.0694169446465620e-01   5.0694169446465620e-01   5.0694169446465653e-01
  3.5809643710263625e+15   3.5809643710263625e+15   4.9305830553534319e-01   5.0694169446465620e-01   5.0694169446465620e-01   5.0694169446465653e-01
  3.5974933515574310e+15   3.5974933515574310e+15   4.9305830553534319e-01   5.0694169446465620e-01   5.0694169446465620e-01   5.0694169446465653e-01
  3.6140986263961315e+15   3.6140986263961315e+15   4.9305830553534319e-01   5.0694169446465620e-01   5.0694169446465620e-01   5.0694169446465653e-01
  3.6307805477010175e+15   3.6307805477010175e+15   4.9305830553534319e-01   5.0694169446465620e-01   5.0694169446465620e-01   5.0694169446465653e-01
  3.6475394692560875e+15   3.6475394692560875e+15   4.9305830553534319e-01   5.0694169446465620e-01   5.0694169446465620e-01   5.0694169446465653e-01
  3.6643757464783330e+15   3.6643757464783330e+15   4.9305830553534319e-01   5.0694169446465620e-01   5.0694169446465620e-01   5.0694169446465653e-01
  3.6812897364253055e+15   3.6812897364253055e+15   4.9305830553534319e-01   5.0694169446465620e-01   5.0694169446465620e-01   5.0694169446465653e-01
  3.6982817978026740e+15   3.6982817978026740e+15   4.9305830553534319e-01   5.0694169446465620e-01   5.0694169446465620e-01   5.0694169446465653e-01
  3.7153522909717280e+15   3.7153522909717280e+15   4.9305830553534319e-01   5.0694169446465620e-01   5.0694169446465620e-01   5.0694169446465653e-01
  3.7325015779571985e+15   3.7325015779571985e+15   4.9305830553534319e-01   5.0694169446465620e-01   5.0694169446465620e-01   5.0694169446465653e-01
  3.7497300224548340e+15   3.7497300224548340e+15   4.9305830553534319e-01   5.0694169446465620e-01   5.0694169446465620e-01   5.0694169446465653e-01
  3.7670379898390930e+15   3.7670379898390930e+15   4.9305830553534319e-01   5.0694169446465620e-01   5.0694169446465620e-01   5.0694169446465653e-01
  3.7844258471709280e+15   3.7844258471709280e+15   4.9305830553534319e-01   5.0694169446465620e-01   5.0694169446465620e-01   5.0694169446465653e-01
  3.8018939632056125e+15   3.8018939632056125e+15   4.9305830553534319e-01   5.0694169446465620e-01   5.0694169446465620e-01   5.0694169446465653e-01
  3.8194427084004720e+15   3.8194427084004720e+15   4.9305830553534319e-01   5.0694169446465620e-01   5.0694169446465620e-01   5.0694169446465653e-01
  3.8370724549227845e+15   3.8370724549227845e+15   4.9305830553534319e-01   5.0694169446465620e-01   5.0694169446465620e-01   5.0694169446465653e-01
  3.8547835766577205e+15   3.8547835766577205e+15   4.9305830553534319e-01   5.0694169446465620e-01   5.0694169446465620e-01   5.0694169446465653e-01
  3.8725764492161805e+15   3.8725764492161805e+15   4.9305830553534319e-01   5.0694169446465620e-01   5.0694169446465620e-01   5.0694169446465653e-01
  3.8904514499428045e+15   3.8904514499428045e+15   4.9305830553534319e-01   5.0694169446465620e-01   5.0694169446465620e-01   5.0694169446465653e-01
  3.9084089579240250e+15   3.9084089579240250e+15   4.9305830553534319e-01   5.0694169446465620e-01   5.0694169446465620e-01   5.0694169446465653e-01
  3.9264493539960095e+15   3.9264493539960095e+15   4.9305830553534319e-01   5.0694169446465620e-01   5.0694169446465620e-01   5.0694169446465653e-01
  3.9445730207527850e+15   3.9445730207527850e+15   4.9305830553534319e-01   5.0694169446465620e-01   5.0694169446465620e-01   5.0694169446465653e-01
  3.9627803425543850e+15   3.9627803425543850e+15   4.9305830553534319e-01   5.0694169446465620e-01   5.0694169446465620e-01   5.0694169446465653e-01
  3.9810717055349855e+15   3.9810717055349855e+15   4.9305830553534319e-01   5.0694169446465620e-01   5.0694169446465620e-01   5.0694169446465653e-01
  3.9994474976109775e+15   3.9994474976109775e+15   4.9305830553534319e-01   5.0694169446465620e-01   5.0694169446465620e-01   5.0694169446465653e-01
  4.0179081084893920e+15   4.0179081084893920e+15   4.9305830553534319e-01   5.0694169446465620e-01   5.0694169446465620e-01   5.0694169446465653e-01
  4.0364539296760485e+15   4.0364539296760485e+15   4.9305830553534319e-01   5.0694169446465620e-01   5.0694169446465620e-01   5.0694169446465653e-01
  4.0550853544838435e+15   4.0550853544838435e+15   4.9305830553534319e-01   5.0694169446465620e-01   5.0694169446465620e-01   5.0694169446465653e-01
  4.0738027780411220e+15   4.0738027780411220e+15   4.9305830553534319e-01   5.0694169446465620e-01   5.0694169446465620e-01   5.0694169446465653e-01
  4.0926065973001095e+15   4.0926065973001095e+15   4.9305830553534319e-01   5.0694169446465620e-01   5.0694169446465620e-01   5.0694169446465653e-01
  4.1114972110452295e+15   4.1114972110452295e+15   4.9305830553534319e-01   5.0694169446465620e-01   5.0694169446465620e-01   5.0694169446465653e-01
  4.1304750199016105e+15   4.1304750199016105e+15   4.9305830553534319e-01   5.0694169446465620e-01   5.0694169446465620e-01   5.0694169446465653e-01
  4.1495404263436325e+15   4.1495404263436325e+15   4.9305830553534319e-01   5.0694169446465620e-01   5.0694169446465620e-01   5.0694169446465653e-01
  4.1686938347033635e+15   4.1686938347033635e+15   4.9305830553534319e-01   5.0694169446465620e-01   5.0694169446465620e-01   5.0694169446465653e-01
  4.1879356511791825e+15   4.1879356511791825e+15   4.9305830553534319e-01   5.0694169446465620e-01   5.0694169446465620e-01   5.0694169446465653e-01
  4.2072662838444460e+15   4.2072662838444460e+15   4.9305830553534319e-01   5.0694169446465620e-01   5.0694169446465620e-01   5.0694169446465653e-01
  4.2266861426560415e+15   4.2266861426560415e+15   4.9305830553534319e-01   5.0694169446465620e-01   5.0694169446465620e-01   5.0694169446465653e-01
  4.2461956394631300e+15   4.2461956394631300e+15   4.9305830553534319e-01   5.0694169446465620e-01   5.0694169446465620e-01   5.0694169446465653e-01
  4.2657951880159170e+15   4.2657951880159170e+15   4.9305830553534319e-01   5.0694169446465620e-01   5.0694169446465620e-01   5.0694169446465653e-01
  4.2854852039744095e+15   4.2854852039744095e+15   4.9305830553534319e-01   5.0694169446465620e-01   5.0694169446465620e-01   5.0694169446465653e-01
  4.3052661049171100e+15   4.3052661049171100e+15   4.9305830553534319e-01   5.0694169446465620e-01   5.0694169446465620e-01   5.0694169446465653e-01
  4.3251383103500795e+15   4.3251383103500795e+15   4.9305830553534319e-01   5.0694169446465620e-01   5.0694169446465620e-01   5.0694169446465653e-01
  4.3451022417157145e+15   4.3451022417157145e+15   4.9305830553534319e-01   5.0694169446465620e-01   5.0694169446465620e-01   5.0694169446465653e-01
  4.3651583224016655e+15   4.3651583224016655e+15   4.9305830553534319e-01   5.0694169446465620e-01   5.0694169446465620e-01   5.0694169446465653e-01
  4.3853069777498515e+15   4.3853069777498515e+15   4.9305830553534319e-01   5.0694169446465620e-01   5.0694169446465620e-01   5.0694169446465653e-01
  4.4055486350655345e+15   4.4055486350655345e+15   4.9305830553534319e-01   5.0694169446465620e-01   5.0694169446465620e-01   5.0694169446465653e-01
  4.4258837236262735e+15   4.4258837236262735e+15   4.9305830553534319e-01   5.0694169446465620e-01   5.0694169446465620e-01   5.0694169446465653e-01
  4.4463126746910840e+15   4.4463126746910840e+15   4.9305830553534319e-01   5.0694169446465620e-01   5.0694169446465620e-01   5.0694169446465653e-01
  4.4668359215096350e+15   4.4668359215096350e+15   4.9305830553534319e-01   5.0694169446465620e-01   5.0694169446465620e-01   5.0694169446465653e-01
  4.4874538993313320e+15   4.4874538993313320e+15   4.9305830553534319e-01   5.0694169446465620e-01   5.0694169446465620e-01   5.0694169446465653e-01
  4.5081670454146010e+15   4.5081670454146010e+15   4.9305830553534319e-01   5.0694169446465620e-01   5.0694169446465620e-01   5.0694169446465653e-01
  4.5289757990362140e+15   4.5289757990362140e+15   4.9305830553534319e-01   5.0694169446465620e-01   5.0694169446465620e-01   5.0694169446465653e-01
  4.5498806015004990e+15   4.5498806015004990e+15   4.9305830553534319e-01   5.0694169446465620e-01   5.0694169446465620e-01   5.0694169446465653e-01
  4.5708818961487520e+15   4.5708818961487520e+15   4.9305830553534319e-01   5.0694169446465620e-01   5.0694169446465620e-01   5.0694169446465653e-01
  4.5919801283686760e+15   4.5919801283686760e+15   4.9305830553534319e-01   5.0694169446465620e-01   5.0694169446465620e-01   5.0694169446465653e-01
  4.6131757456038100e+15   4.6131757456038100e+15   4.9305830553534319e-01   5.0694169446465620e-01   5.0694169446465620e-01   5.0694169446465653e-01
  4.6344691973628840e+15   4.6344691973628840e+15   4.9305830553534319e-01   5.0694169446465620e-01   5.0694169446465620e-01   5.0694169446465653e-01
  4.6558609352295820e+15   4.6558609352295820e+15   4.9305830553534319e-01   5.0694169446465620e-01   5.0694169446465620e-01   5.0694169446465653e-01
  4.6773514128719810e+15   4.6773514128719810e+15   4.9305830553534319e-01   5.0694169446465620e-01   5.0694169446465620e-01   5.0694169446465653e-01
  4.6989410860521610e+15   4.6989410860521610e+15   4.9305830553534319e-01   5.0694169446465620e-01   5.0694169446465620e-01   5.0694169446465653e-01
  4.7206304126359000e+15   4.7206304126359000e+15   4.9305830553534319e-01   5.0694169446465620e-01   5.0694169446465620e-01   5.0694169446465653e-01
  4.7424198526024480e+15   4.7424198526024480e+15   4.9305830553534319e-01   5.0694169446465620e-01   5.0694169446465620e-01   5.0694169446465653e-01
  4.7643098680541660e+15   4.7643098680541660e+15   4.9305830553534319e-01   5.0694169446465620e-01   5.0694169446465620e-01   5.0694169446465653e-01
  4.7863009232263800e+15   4.7863009232263800e+15   4.9305830553534319e-01   5.0694169446465620e-01   5.0694169446465620e-01   5.0694169446465653e-01
  4.8083934844972900e+15   4.8083934844972900e+15   4.9305830553534319e-01   5.0694169446465620e-01   5.0694169446465620e-01   5.0694169446465653e-01
  4.8305880203977380e+15   4.8305880203977380e+15   4.9305830553534319e-01   5.0694169446465620e-01   5.0694169446465620e-01   5.0694169446465653e-01
  4.8528850016212100e+15   4.8528850016212100e+15   4.9305830553534319e-01   5.0694169446465620e-01   5.0694169446465620e-01   5.0694169446465653e-01
  4.8752849010338500e+15   4.8752849010338500e+15   4.9305830553534319e-01   5.0694169446465620e-01   5.0694169446465620e-01   5.0694169446465653e-01
  4.8977881936844760e+15   4.8977881936844760e+15   4.9305830553534319e-01   5.0694169446465620e-01   5.0694169446465620e-01   5.0694169446465653e-01
  4.9203953568145110e+15   4.9203953568145110e+15   4.9305830553534319e-01   5.0694169446465620e-01   5.0694169446465620e-01   5.0694169446465653e-01
  4.9431068698683440e+15   4.9431068698683440e+15   4.9305830553534319e-01   5.0694169446465620e-01   5.0694169446465620e-01   5.0694169446465653e-01
  4.9659232145033580e+15   4.9659232145033580e+15   4.9305830553534319e-01   5.0694169446465620e-01   5.0694169446465620e-01   5.0694169446465653e-01
  4.9888448746001270e+15   4.9888448746001270e+15   4.9305830553534319e-01   5.0694169446465620e-01   5.0694169446465620e-01   5.0694169446465653e-01
  5.0118723362727150e+15   5.0118723362727150e+15   4.9305830553534319e-01   5.0694169446465620e-01   5.0694169446465620e-01   5.0694169446465653e-01
  5.0350060878790480e+15   5.0350060878790480e+15   4.9305830553534319e-01   5.0694169446465620e-01   5.0694169446465620e-01   5.0694169446465653e-01
  5.0582466200311480e+15   5.0582466200311480e+15   4.9305830553534319e-01   5.0694169446465620e-01   5.0694169446465620e-01   5.0694169446465653e-01
  5.0815944256056000e+15   5.0815944256056000e+15   4.9305830553534319e-01   5.0694169446465620e-01   5.0694169446465620e-01   5.0694169446465653e-01
  5.1050499997540650e+15   5.1050499997540650e+15   4.9305830553534319e-01   5.0694169446465620e-01   5.0694169446465620e-01   5.0694169446465653e-01
  5.1286138399136590e+15   5.1286138399136590e+15   4.9305830553534319e-01   5.0694169446465620e-01   5.0694169446465620e-01   5.0694169446465653e-01
  5.1522864458175620e+15   5.1522864458175620e+15   4.9305830553534319e-01   5.0694169446465620e-01   5.0694169446465620e-01   5.0694169446465653e-01
  5.1760683195056810e+15   5.1760683195056810e+15   4.9305830553534319e-01   5.0694169446465620e-01   5.0694169446465620e-01   5.0694169446465653e-01
  5.1999599653351730e+15   5.1999599653351730e+15   4.9305830553534319e-01   5.0694169446465620e-01   5.0694169446465620e-01   5.0694169446465653e-01
  5.2239618899911980e+15   5.2239618899911980e+15   4.9305830553534319e-01   5.0694169446465620e-01   5.0694169446465620e-01   5.0694169446465653e-01
  5.2480746024977120e+15   5.2480746024977120e+15   4.9305830553534319e-01   5.0694169446465620e-01   5.0694169446465620e-01   5.0694169446465653e-01
  5.2722986142282430e+15   5.2722986142282430e+15   4.9305830553534319e-01   5.0694169446465620e-01   5.0694169446465620e-01   5.0694169446465653e-01
  5.2966344389165810e+15   5.2966344389165810e+15   4.9305830553534319e-01   5.0694169446465620e-01   5.0694169446465620e-01   5.0694169446465653e-01
  5.3210825926679310e+15   5.3210825926679310e+15   4.9305830553534319e-01   5.0694169446465620e-01   5.0694169446465620e-01   5.0694169446465653e-01
  5.3456435939697140e+15   5.3456435939697140e+15   4.9305830553534319e-01   5.0694169446465620e-01   5.0694169446465620e-01   5.0694169446465653e-01
  5.3703179637025330e+15   5.3703179637025330e+15   4.9305830553534319e-01   5.0694169446465620e-01   5.0694169446465620e-01   5.0694169446465653e-01
  5.3951062251512680e+15   5.3951062251512680e+15   4.9305830553534319e-01   5.0694169446465620e-01   5.0694169446465620e-01   5.0694169446465653e-01
  5.4200089040162380e+15   5.4200089040162380e+15   4.9305830553534319e-01   5.0694169446465620e-01   5.0694169446465620e-01   5.0694169446465653e-01
  5.4450265284242200e+15   5.4450265284242200e+15   4.9305830553534319e-01   5.0694169446465620e-01   5.0694169446465620e-01   5.0694169446465653e-01
  5.4701596289397100e+15   5.4701596289397100e+15   4.9305830553534319e-01   5.0694169446465620e-01   5.0694169446465620e-01   5.0694169446465653e-01
  5.4954087385762480e+15   5.4954087385762480e+15   4.9305830553534319e-01   5.0694169446465620e-01   5.0694169446465620e-01   5.0694169446465653e-01
  5.5207743928075850e+15   5.5207743928075850e+15   4.9305830553534319e-01   5.0694169446465620e-01   5.0694169446465620e-01   5.0694169446465653e-01
  5.5462571295791050e+15   5.5462571295791050e+15   4.9305830553534319e-01   5.0694169446465620e-01   5.0694169446465620e-01   5.0694169446465653e-01
  5.5718574893193040e+15   5.5718574893193040e+15   4.9305830553534319e-01   5.0694169446465620e-01   5.0694169446465620e-01   5.0694169446465653e-01
  5.5975760149511160e+15   5.5975760149511160e+15   4.9305830553534319e-01   5.0694169446465620e-01   5.0694169446465620e-01   5.0694169446465653e-01
  5.6234132519034910e+15   5.6234132519034910e+15   4.9305830553534319e-01   5.0694169446465620e-01   5.0694169446465620e-01   5.0694169446465653e-01
  5.6493697481230110e+15   5.6493697481230110e+15   4.9305830553534319e-01   5.0694169446465620e-01   5.0694169446465620e-01   5.0694169446465653e-01
  5.6754460540854890e+15   5.6754460540854890e+15   4.9305830553534319e-01   5.0694169446465620e-01   5.0694169446465620e-01   5.0694169446465653e-01
  5.7016427228074780e+15   5.7016427228074780e+15   4.9305830553534319e-01   5.0694169446465620e-01   5.0694169446465620e-01   5.0694169446465653e-01
  5.7279603098582810e+15   5.7279603098582810e+15   4.9305830553534319e-01   5.0694169446465620e-01   5.0694169446465620e-01   5.0694169446465653e-01
  5.7543993733715660e+15   5.7543993733715660e+15   4.9305830553534319e-01   5.0694169446465620e-01   5.0694169446465620e-01   5.0694169446465653e-01
  5.7809604740571870e+15   5.7809604740571870e+15   4.9305830553534319e-01   5.0694169446465620e-01   5.0694169446465620e-01   5.0694169446465653e-01
  5.8076441752131120e+15   5.8076441752131120e+15   4.9305830553534319e-01   5.0694169446465620e-01   5.0694169446465620e-01   5.0694169446465653e-01
  5.8344510427374480e+15   5.8344510427374480e+15   4.9305830553534319e-01   5.0694169446465620e-01   5.0694169446465620e-01   5.0694169446465653e-01
  5.8613816451402970e+15   5.8613816451402970e+15   4.9305830553534319e-01   5.0694169446465620e-01   5.0694169446465620e-01   5.0694169446465653e-01
  5.8884365535558840e+15   5.8884365535558840e+15   4.9305830553534319e-01   5.0694169446465620e-01   5.0694169446465620e-01   5.0694169446465653e-01
  5.9156163417547430e+15   5.9156163417547430e+15   4.9305830553534319e-01   5.0694169446465620e-01   5.0694169446465620e-01   5.0694169446465653e-01
  5.9429215861557390e+15   5.9429215861557390e+15   4.9305830553534319e-01   5.0694169446465620e-01   5.0694169446465620e-01   5.0694169446465653e-01
  5.9703528658383660e+15   5.9703528658383660e+15   4.9305830553534319e-01   5.0694169446465620e-01   5.0694169446465620e-01   5.0694169446465653e-01
  5.9979107625551010e+15   5.9979107625551010e+15   4.9305830553534319e-01   5.0694169446465620e-01   5.0694169446465620e-01   5.0694169446465653e-01
  6.0255958607435930e+15   6.0255958607435930e+15   4.9305830553534319e-01   5.0694169446465620e-01   5.0694169446465620e-01   5.0694169446465653e-01
  6.0534087475391360e+15   6.0534087475391360e+15   4.9305830553534319e-01   5.0694169446465620e-01   5.0694169446465620e-01   5.0694169446465653e-01
  6.0813500127871640e+15   6.0813500127871640e+15   4.9305830553534319e-01   5.0694169446465620e-01   5.0694169446465620e-01   5.0694169446465653e-01
  6.1094202490557390e+15   6.1094202490557390e+15   4.9305830553534319e-01   5.0694169446465620e-01   5.0694169446465620e-01   5.0694169446465653e-01
  6.1376200516479460e+15   6.1376200516479460e+15   4.9305830553534319e-01   5.0694169446465620e-01   5.0694169446465620e-01   5.0694169446465653e-01
  6.1659500186148100e+15   6.1659500186148100e+15   4.9305830553534319e-01   5.0694169446465620e-01   5.0694169446465620e-01   5.0694169446465653e-01
  6.1944107507678120e+15   6.1944107507678120e+15   4.9305830553534319e-01   5.0694169446465620e-01   5.0694169446465620e-01   5.0694169446465653e-01
  6.2230028516916020e+15   6.2230028516916020e+15   4.9305830553534319e-01   5.0694169446465620e-01   5.0694169446465620e-01   5.0694169446465653e-01
  6.2517269277568490e+15   6.2517269277568490e+15   4.9305830553534319e-01   5.0694169446465620e-01   5.0694169446465620e-01   5.0694169446465653e-01
  6.2805835881331800e+15   6.2805835881331800e+15   4.9305830553534319e-01   5.0694169446465620e-01   5.0694169446465620e-01   5.0694169446465653e-01
  6.3095734448019430e+15   6.3095734448019430e+15   4.9305830553534319e-01   5.0694169446465620e-01   5.0694169446465620e-01   5.0694169446465653e-01
  6.3386971125692640e+15   6.3386971125692640e+15   4.9305830553534319e-01   5.0694169446465620e-01   5.0694169446465620e-01   5.0694169446465653e-01
  6.3679552090791620e+15   6.3679552090791620e+15   4.9305830553534319e-01   5.0694169446465620e-01   5.0694169446465620e-01   5.0694169446465653e-01
  6.3973483548264950e+15   6.3973483548264950e+15   4.9305830553534319e-01   5.0694169446465620e-01   5.0694169446465620e-01   5.0694169446465653e-01
  6.4268771731701940e+15   6.4268771731701940e+15   4.9305830553534319e-01   5.0694169446465620e-01   5.0694169446465620e-01   5.0694169446465653e-01
  6.4565422903465630e+15   6.4565422903465630e+15   4.9305830553534319e-01   5.0694169446465620e-01   5.0694169446465620e-01   5.0694169446465653e-01
  6.4863443354824010e+15   6.4863443354824010e+15   4.9305830553534319e-01   5.0694169446465620e-01   5.0694169446465620e-01   5.0694169446465653e-01
  6.5162839406084280e+15   6.5162839406084280e+15   4.9305830553534319e-01   5.0694169446465620e-01   5.0694169446465620e-01   5.0694169446465653e-01
  6.5463617406727340e+15   6.5463617406727340e+15   4.9305830553534319e-01   5.0694169446465620e-01   5.0694169446465620e-01   5.0694169446465653e-01
  6.5765783735542260e+15   6.5765783735542260e+15   4.9305830553534319e-01   5.0694169446465620e-01   5.0694169446465620e-01   5.0694169446465653e-01
  6.6069344800759640e+15   6.6069344800759640e+15   4.9305830553534319e-01   5.0694169446465620e-01   5.0694169446465620e-01   5.0694169446465653e-01
  6.6374307040190760e+15   6.6374307040190760e+15   4.9305830553534319e-01   5.0694169446465620e-01   5.0694169446465620e-01   5.0694169446465653e-01
  6.6680676921362190e+15   6.6680676921362190e+15   4.9305830553534319e-01   5.0694169446465620e-01   5.0694169446465620e-01   5.0694169446465653e-01
  6.6988460941652720e+15   6.6988460941652720e+15   4.9305830553534319e-01   5.0694169446465620e-01   5.0694169446465620e-01   5.0694169446465653e-01
  6.7297665628431680e+15   6.7297665628431680e+15   4.9305830553534319e-01   5.0694169446465620e-01   5.0694169446465620e-01   5.0694169446465653e-01
  6.7608297539198190e+15   6.7608297539198190e+15   4.9305830553534319e-01   5.0694169446465620e-01   5.0694169446465620e-01   5.0694169446465653e-01
  6.7920363261718570e+15   6.7920363261718570e+15   4.9305830553534319e-01   5.0694169446465620e-01   5.0694169446465620e-01   5.0694169446465653e-01
  6.8233869414166900e+15   6.8233869414166900e+15   4.9305830553534319e-01   5.0694169446465620e-01   5.0694169446465620e-01   5.0694169446465653e-01
  6.8548822645266200e+15   6.8548822645266200e+15   4.9305830553534319e-01   5.0694169446465620e-01   5.0694169446465620e-01   5.0694169446465653e-01
  6.8865229634427760e+15   6.8865229634427760e+15   4.9305830553534319e-01   5.0694169446465620e-01   5.0694169446465620e-01   5.0694169446465653e-01
  6.9183097091893630e+15   6.9183097091893630e+15   4.9305830553534319e-01   5.0694169446465620e-01   5.0694169446465620e-01   5.0694169446465653e-01
  6.9502431758879760e+15   6.9502431758879760e+15   4.9305830553534319e-01   5.0694169446465620e-01   5.0694169446465620e-01   5.0694169446465653e-01
  6.9823240407717330e+15   6.9823240407717330e+15   4.9305830553534319e-01   5.0694169446465620e-01   5.0694169446465620e-01   5.0694169446465653e-01
  7.0145529841997140e+15   7.0145529841997140e+15   4.9305830553534319e-01   5.0694169446465620e-01   5.0694169446465620e-01   5.0694169446465653e-01
  7.0469306896714530e+15   7.0469306896714530e+15   4.9305830553534319e-01   5.0694169446465620e-01   5.0694169446465620e-01   5.0694169446465653e-01
  7.0794578438414020e+15   7.0794578438414020e+15   4.9305830553534319e-01   5.0694169446465620e-01   5.0694169446465620e-01   5.0694169446465653e-01
  7.1121351365332960e+15   7.1121351365332960e+15   4.9305830553534319e-01   5.0694169446465620e-01   5.0694169446465620e-01   5.0694169446465653e-01
  7.1449632607551200e+15   7.1449632607551200e+15   4.9305830553534319e-01   5.0694169446465620e-01   5.0694169446465620e-01   5.0694169446465653e-01
  7.1779429127136150e+15   7.1779429127136150e+15   4.9305830553534319e-01   5.0694169446465620e-01   5.0694169446465620e-01   5.0694169446465653e-01
  7.2110747918290050e+15   7.2110747918290050e+15   4.9305830553534319e-01   5.0694169446465620e-01   5.0694169446465620e-01   5.0694169446465653e-01
  7.2443596007498910e+15   7.2443596007498910e+15   4.9305830553534319e-01   5.0694169446465620e-01   5.0694169446465620e-01   5.0694169446465653e-01
  7.2777980453682420e+15   7.2777980453682420e+15   4.9305830553534319e-01   5.0694169446465620e-01   5.0694169446465620e-01   5.0694169446465653e-01
  7.3113908348341870e+15   7.3113908348341870e+15   4.9305830553534319e-01   5.0694169446465620e-01   5.0694169446465620e-01   5.0694169446465653e-01
  7.3451386815711440e+15   7.3451386815711440e+15   4.9305830553534319e-01   5.0694169446465620e-01   5.0694169446465620e-01   5.0694169446465653e-01
  7.3790423012910150e+15   7.3790423012910150e+15   4.9305830553534319e-01   5.0694169446465620e-01   5.0694169446465620e-01   5.0694169446465653e-01
  7.4131024130091920e+15   7.4131024130091920e+15   4.9305830553534319e-01   5.0694169446465620e-01   5.0694169446465620e-01   5.0694169446465653e-01
  7.4473197390598890e+15   7.4473197390598890e+15   4.9305830553534319e-01   5.0694169446465620e-01   5.0694169446465620e-01   5.0694169446465653e-01
  7.4816950051115530e+15   7.4816950051115530e+15   4.9305830553534319e-01   5.0694169446465620e-01   5.0694169446465620e-01   5.0694169446465653e-01
  7.5162289401820760e+15   7.5162289401820760e+15   4.9305830553534319e-01   5.0694169446465620e-01   5.0694169446465620e-01   5.0694169446465653e-01
  7.5509222766543410e+15   7.5509222766543410e+15   4.9305830553534319e-01   5.0694169446465620e-01   5.0694169446465620e-01   5.0694169446465653e-01
  7.5857757502918200e+15   7.5857757502918200e+15   4.9305830553534319e-01   5.0694169446465620e-01   5.0694169446465620e-01   5.0694169446465653e-01
  7.6207901002541460e+15   7.6207901002541460e+15   4.9305830553534319e-01   5.0694169446465620e-01   5.0694169446465620e-01   5.0694169446465653e-01
  7.6559660691125690e+15   7.6559660691125690e+15   4.9305830553534319e-01   5.0694169446465620e-01   5.0694169446465620e-01   5.0694169446465653e-01
  7.6913044028660830e+15   7.6913044028660830e+15   4.9305830553534319e-01   5.0694169446465620e-01   5.0694169446465620e-01   5.0694169446465653e-01
  7.7268058509570210e+15   7.7268058509570210e+15   4.9305830553534319e-01   5.0694169446465620e-01   5.0694169446465620e-01   5.0694169446465653e-01
  7.7624711662869270e+15   7.7624711662869270e+15   4.9305830553534319e-01   5.0694169446465620e-01   5.0694169446465620e-01   5.0694169446465653e-01
  7.7983011052325770e+15   7.7983011052325770e+15   4.9305830553534319e-01   5.0694169446465620e-01   5.0694169446465620e-01   5.0694169446465653e-01
  7.8342964276621200e+15   7.8342964276621200e+15   4.9305830553534319e-01   5.0694169446465620e-01   5.0694169446465620e-01   5.0694169446465653e-01
  7.8704578969510010e+15   7.8704578969510010e+15   4.9305830553534319e-01   5.0694169446465620e-01   5.0694169446465620e-01   5.0694169446465653e-01
  7.9067862799982450e+15   7.9067862799982450e+15   4.9305830553534319e-01   5.0694169446465620e-01   5.0694169446465620e-01   5.0694169446465653e-01
  7.9432823472428220e+15   7.9432823472428220e+15   4.9305830553534319e-01   5.0694169446465620e-01   5.0694169446465620e-01   5.0694169446465653e-01
  7.9799468726797850e+15   7.9799468726797850e+15   4.9305830553534319e-01   5.0694169446465620e-01   5.0694169446465620e-01   5.0694169446465653e-01
  8.0167806338767900e+15   8.0167806338767900e+15   4.9305830553534319e-01   5.0694169446465620e-01   5.0694169446465620e-01   5.0694169446465653e-01
  8.0537844119906770e+15   8.0537844119906770e+15   4.9305830553534319e-01   5.0694169446465620e-01   5.0694169446465620e-01   5.0694169446465653e-01
  8.0909589917838460e+15   8.0909589917838460e+15   4.9305830553534319e-01   5.0694169446465620e-01   5.0694169446465620e-01   5.0694169446465653e-01
  8.1283051616409950e+15   8.1283051616409950e+15   4.9305830553534319e-01   5.0694169446465620e-01   5.0694169446465620e-01   5.0694169446465653e-01
  8.1658237135859060e+15   8.1658237135859060e+15   4.9305830553534319e-01   5.0694169446465620e-01   5.0694169446465620e-01   5.0694169446465653e-01
  8.2035154432982100e+15   8.2035154432982100e+15   4.9305830553534319e-01   5.0694169446465620e-01   5.0694169446465620e-01   5.0694169446465653e-01
  8.2413811501300300e+15   8.2413811501300300e+15   4.9305830553534319e-01   5.0694169446465620e-01   5.0694169446465620e-01   5.0694169446465653e-01
  8.2794216371233280e+15   8.2794216371233280e+15   4.9305830553534319e-01   5.0694169446465620e-01   5.0694169446465620e-01   5.0694169446465653e-01
  8.3176377110267090e+15   8.3176377110267090e+15   4.9305830553534319e-01   5.0694169446465620e-01   5.0694169446465620e-01   5.0694169446465653e-01
  8.3560301823124910e+15   8.3560301823124910e+15   4.9305830553534319e-01   5.0694169446465620e-01   5.0694169446465620e-01   5.0694169446465653e-01
  8.3945998651939640e+15   8.3945998651939640e+15   4.9305830553534319e-01   5.0694169446465620e-01   5.0694169446465620e-01   5.0694169446465653e-01
  8.4333475776427570e+15   8.4333475776427570e+15   4.9305830553534319e-01   5.0694169446465620e-01   5.0694169446465620e-01   5.0694169446465653e-01
  8.4722741414059810e+15   8.4722741414059810e+15   4.9305830553534319e-01   5.0694169446465620e-01   5.0694169446465620e-01   5.0694169446465653e-01
  8.5113803820237590e+15   8.5113803820237590e+15   4.9305830553534319e-01   5.0694169446465620e-01   5.0694169446465620e-01   5.0694169446465653e-01
  8.5506671288468410e+15   8.5506671288468410e+15   4.9305830553534319e-01   5.0694169446465620e-01   5.0694169446465620e-01   5.0694169446465653e-01
  8.5901352150539780e+15   8.5901352150539780e+15   4.9305830553534319e-01   5.0694169446465620e-01   5.0694169446465620e-01   5.0694169446465653e-01
  8.6297854776697020e+15   8.6297854776697020e+15   4.9305830553534319e-01   5.0694169446465620e-01   5.0694169446465620e-01   5.0694169446465653e-01
  8.6696187575821430e+15   8.6696187575821430e+15   4.9305830553534319e-01   5.0694169446465620e-01   5.0694169446465620e-01   5.0694169446465653e-01
  8.7096358995608320e+15   8.7096358995608320e+15   4.9305830553534319e-01   5.0694169446465620e-01   5.0694169446465620e-01   5.0694169446465653e-01
  8.7498377522743640e+15   8.7498377522743640e+15   4.9305830553534319e-01   5.0694169446465620e-01   5.0694169446465620e-01   5.0694169446465653e-01
  8.7902251683088240e+15   8.7902251683088240e+15   4.9305830553534319e-01   5.0694169446465620e-01   5.0694169446465620e-01   5.0694169446465653e-01
  8.8307990041856220e+15   8.8307990041856220e+15   4.9305830553534319e-01   5.0694169446465620e-01   5.0694169446465620e-01   5.0694169446465653e-01
  8.8715601203796170e+15   8.8715601203796170e+15   4.9305830553534319e-01   5.0694169446465620e-01   5.0694169446465620e-01   5.0694169446465653e-01
  8.9125093813374410e+15   8.9125093813374410e+15   4.9305830553534319e-01   5.0694169446465620e-01   5.0694169446465620e-01   5.0694169446465653e-01
  8.9536476554959370e+15   8.9536476554959370e+15   4.9305830553534319e-01   5.0694169446465620e-01   5.0694169446465620e-01   5.0694169446465653e-01
  8.9949758153003650e+15   8.9949758153003650e+15   4.9305830553534319e-01   5.0694169446465620e-01   5.0694169446465620e-01   5.0694169446465653e-01
  9.0364947372230040e+15   9.0364947372230040e+15   4.9305830553534319e-01   5.0694169446465620e-01   5.0694169446465620e-01   5.0694169446465653e-01
  9.0782053017818620e+15   9.0782053017818620e+15   4.9305830553534319e-01   5.0694169446465620e-01   5.0694169446465620e-01   5.0694169446465653e-01
  9.1201083935591160e+15   9.1201083935591160e+15   4.9305830553534319e-01   5.0694169446465620e-01   5.0694169446465620e-01   5.0694169446465653e-01
  9.1622049012199920e+15   9.1622049012199920e+15   4.9305830553534319e-01   5.0694169446465620e-01   5.0694169446465620e-01   5.0694169446465653e-01
  9.2044957175317220e+15   9.2044957175317220e+15   4.9305830553534319e-01   5.0694169446465620e-01   5.0694169446465620e-01   5.0694169446465653e-01
  9.2469817393822480e+15   9.2469817393822480e+15   4.9305830553534319e-01   5.0694169446465620e-01   5.0694169446465620e-01   5.0694169446465653e-01
  9.2896638677993620e+15   9.2896638677993620e+15   4.9305830553534319e-01   5.0694169446465620e-01   5.0694169446465620e-01   5.0694169446465653e-01
  9.3325430079698860e+15   9.3325430079698860e+15   4.9305830553534319e-01   5.0694169446465620e-01   5.0694169446465620e-01   5.0694169446465653e-01
  9.3756200692588300e+15   9.3756200692588300e+15   4.9305830553534319e-01   5.0694169446465620e-01   5.0694169446465620e-01   5.0694169446465653e-01
  9.4188959652284180e+15   9.4188959652284180e+15   4.9305830553534319e-01   5.0694169446465620e-01   5.0694169446465620e-01   5.0694169446465653e-01
  9.4623716136579100e+15   9.4623716136579100e+15   4.9305830553534319e-01   5.0694169446465620e-01   5.0694169446465620e-01   5.0694169446465653e-01
  9.5060479365628100e+15   9.5060479365628100e+15   4.9305830553534319e-01   5.0694169446465620e-01   5.0694169446465620e-01   5.0694169446465653e-01
  9.5499258602143680e+15   9.5499258602143680e+15   4.9305830553534319e-01   5.0694169446465620e-01   5.0694169446465620e-01   5.0694169446465653e-01
  9.5940063151593160e+15   9.5940063151593160e+15   4.9305830553534319e-01   5.0694169446465620e-01   5.0694169446465620e-01   5.0694169446465653e-01
  9.6382902362397060e+15   9.6382902362397060e+15   4.9305830553534319e-01   5.0694169446465620e-01   5.0694169446465620e-01   5.0694169446465653e-01
  9.6827785626125060e+15   9.6827785626125060e+15   4.9305830553534319e-01   5.0694169446465620e-01   5.0694169446465620e-01   5.0694169446465653e-01
  9.7274722377696400e+15   9.7274722377696400e+15   4.9305830553534319e-01   5.0694169446465620e-01   5.0694169446465620e-01   5.0694169446465653e-01
  9.7723722095581120e+15   9.7723722095581120e+15   4.9305830553534319e-01   5.0694169446465620e-01   5.0694169446465620e-01   5.0694169446465653e-01
  9.8174794301998640e+15   9.8174794301998640e+15   4.9305830553534319e-01   5.0694169446465620e-01   5.0694169446465620e-01   5.0694169446465653e-01
  9.8627948563121000e+15   9.8627948563121000e+15   4.9305830553534319e-01   5.0694169446465620e-01   5.0694169446465620e-01   5.0694169446465653e-01
  9.9083194489276860e+15   9.9083194489276860e+15   4.9305830553534319e-01   5.0694169446465620e-01   5.0694169446465620e-01   5.0694169446465653e-01
  9.9540541735152960e+15   9.9540541735152960e+15   4.9305830553534319e-01   5.0694169446465620e-01   5.0694169446465620e-01   5.0694169446465653e-01
  1.0000000000000000e+16   1.0000000000000000e+16   4.9305830553534319e-01   5.0694169446465620e-01   5.0694169446465620e-01   5.0694169446465653e-01
