# H2 formation benchmark for the `h2form` network.
#
# Produced with JAFF (python_solve_ivp template) + SciPy LSODA,
# rtol = 1e-12, atol = 1e-30.
#
# Single reaction  H + H -> H2  with constant k = 1e-17 cm^3 s^-1, so the test is
# temperature independent and probes the integrator and Jacobian alone.
#
# Initial state: n_H(0) = 6e+07 cm^-3, n_H2(0) = 0.
# Characteristic time: tau = 1 / (2 k n_H0) = 8.333333e+08 s.
#
# The system is second order in density, so the solution depends on time and
# density only through t / tau; column `t_tau` is that invariant.
#
# Analytic solution:
#   n_H(t)  = n_H0 / (1 + t / tau)
#   n_H2(t) = (n_H0 - n_H(t)) / 2
#
# Verified against the analytic solution:
#   max |n_H - n_H,analytic| / n_H,analytic = 4.192e-12
#   max |(n_H + 2 n_H2) / n_H0 - 1|         = 1.332e-15   (nuclei conservation)
#
# Columns: time [s], t / tau, number densities [cm^-3], n_H / n_H0.
# t                   t_tau                     n_H                    n_H2             n_H_over_n0
  0.0000000000000000e+00   0.0000000000000000e+00   6.0000000000000000e+07   0.0000000000000000e+00   1.0000000000000000e+00
  8.3333333333333285e+04   9.9999999999999937e-05   5.9994000599940017e+07   2.9997000299969141e+03   9.9990000999900031e-01
  8.3669804446651746e+04   1.0040376533598210e-04   5.9993976378874101e+07   3.0118105629583779e+03   9.9989960631456831e-01
  8.4007634113691223e+04   1.0080916093642947e-04   5.9993952060031578e+07   3.0239699842159926e+03   9.9989920100052632e-01
  8.4346827819821032e+04   1.0121619338378524e-04   5.9993927643017843e+07   3.0361784910841689e+03   9.9989879405029736e-01
  8.4687391072557846e+04   1.0162486928706941e-04   5.9993903127436660e+07   3.0484362816733405e+03   9.9989838545727772e-01
  8.5029329401656491e+04   1.0203519528198779e-04   5.9993878512890227e+07   3.0607435548932135e+03   9.9989797521483714e-01
  8.5372648359198472e+04   1.0244717803103816e-04   5.9993853798979104e+07   3.0731005104559545e+03   9.9989756331631841e-01
  8.5717353519682685e+04   1.0286082422361922e-04   5.9993828985302255e+07   3.0855073488794333e+03   9.9989714975503763e-01
  8.6063450480116444e+04   1.0327614057613972e-04   5.9993804071457028e+07   3.0979642714904999e+03   9.9989673452428385e-01
  8.6410944860105155e+04   1.0369313383212618e-04   5.9993779057039157e+07   3.1104714804281939e+03   9.9989631761731923e-01
  8.6759842301944911e+04   1.0411181076233389e-04   5.9993753941642717e+07   3.1230291786470730e+03   9.9989589902737863e-01
  8.7110148470712957e+04   1.0453217816485554e-04   5.9993728724860176e+07   3.1356375699204546e+03   9.9989547874766960e-01
  8.7461869054360111e+04   1.0495424286523213e-04   5.9993703406282328e+07   3.1482968588437361e+03   9.9989505677137214e-01
  8.7815009763803726e+04   1.0537801171656447e-04   5.9993677985498339e+07   3.1610072508377257e+03   9.9989463309163895e-01
  8.8169576333019140e+04   1.0580349159962296e-04   5.9993652462095715e+07   3.1737689521519264e+03   9.9989420770159521e-01
  8.8525574519134199e+04   1.0623068942296104e-04   5.9993626835660279e+07   3.1865821698679283e+03   9.9989378059433798e-01
  8.8883010102521337e+04   1.0665961212302560e-04   5.9993601105776206e+07   3.1994471119027094e+03   9.9989335176293681e-01
  8.9241888886892848e+04   1.0709026666427141e-04   5.9993575272025995e+07   3.2123639870120546e+03   9.9989292120043327e-01
  8.9602216699393830e+04   1.0752266003927259e-04   5.9993549333990425e+07   3.2253330047938935e+03   9.9989248889984039e-01
  8.9963999390697427e+04   1.0795679926883690e-04   5.9993523291248634e+07   3.2383543756917124e+03   9.9989205485414390e-01
  9.0327242835100260e+04   1.0839269140212030e-04   5.9993497143378019e+07   3.2514283109979815e+03   9.9989161905630031e-01
  9.0691952930616651e+04   1.0883034351673998e-04   5.9993470889954306e+07   3.2645550228575344e+03   9.9989118149923839e-01
  9.1058135599075729e+04   1.0926976271889087e-04   5.9993444530551471e+07   3.2777347242710512e+03   9.9989074217585783e-01
  9.1425796786216437e+04   1.0971095614345971e-04   5.9993418064741820e+07   3.2909676290984667e+03   9.9989030107903032e-01
  9.1794942461784478e+04   1.1015393095414137e-04   5.9993391492095888e+07   3.3042539520624509e+03   9.9988985820159815e-01
  9.2165578619629945e+04   1.1059869434355593e-04   5.9993364812182508e+07   3.3175939087519082e+03   9.9988941353637517e-01
  9.2537711277803202e+04   1.1104525353336384e-04   5.9993338024568759e+07   3.3309877156254170e+03   9.9988896707614594e-01
  9.2911346478654232e+04   1.1149361577438507e-04   5.9993311128819980e+07   3.3444355900147962e+03   9.9988851881366636e-01
  9.3286490288929315e+04   1.1194378834671517e-04   5.9993284124499753e+07   3.3579377501285721e+03   9.9988806874166258e-01
  9.3663148799870192e+04   1.1239577855984422e-04   5.9993257011169903e+07   3.3714944150555352e+03   9.9988761685283167e-01
  9.4041328127313449e+04   1.1284959375277613e-04   5.9993229788390473e+07   3.3851058047683041e+03   9.9988716313984116e-01
  9.4421034411788598e+04   1.1330524129414631e-04   5.9993202455719762e+07   3.3987721401268464e+03   9.9988670759532938e-01
  9.4802273818619185e+04   1.1376272858234302e-04   5.9993175012714244e+07   3.4124936428821047e+03   9.9988625021190403e-01
  9.5185052538021657e+04   1.1422206304562598e-04   5.9993147458928652e+07   3.4262705356795400e+03   9.9988579098214425e-01
  9.5569376785206405e+04   1.1468325214224769e-04   5.9993119793915890e+07   3.4401030420627603e+03   9.9988532989859813e-01
  9.5955252800479255e+04   1.1514630336057510e-04   5.9993092017227054e+07   3.4539913864771588e+03   9.9988486695378420e-01
  9.6342686849341451e+04   1.1561122421920974e-04   5.9993064128411464e+07   3.4679357942735005e+03   9.9988440214019103e-01
  9.6731685222592932e+04   1.1607802226711152e-04   5.9993036127016589e+07   3.4819364917116254e+03   9.9988393545027643e-01
  9.7122254236432942e+04   1.1654670508371952e-04   5.9993008012588084e+07   3.4959937059640597e+03   9.9988346687646801e-01
  9.7514400232564120e+04   1.1701728027907693e-04   5.9992979784669772e+07   3.5101076651197463e+03   9.9988299641116285e-01
  9.7908129578294131e+04   1.1748975549395295e-04   5.9992951442803636e+07   3.5242785981876923e+03   9.9988252404672728e-01
  9.8303448666639582e+04   1.1796413839996750e-04   5.9992922986529820e+07   3.5385067351006933e+03   9.9988204977549699e-01
  9.8700363916430491e+04   1.1844043669971659e-04   5.9992894415386572e+07   3.5527923067190832e+03   9.9988157358977625e-01
  9.9098881772413079e+04   1.1891865812689569e-04   5.9992865728910342e+07   3.5671355448344189e+03   9.9988109548183901e-01
  9.9499008705356027e+04   1.1939881044642722e-04   5.9992836926635668e+07   3.5815366821732914e+03   9.9988061544392781e-01
  9.9900751212154122e+04   1.1988090145458494e-04   5.9992808008095212e+07   3.5959959524010437e+03   9.9988013346825355e-01
  1.0030411581593438e+05   1.2036493897912125e-04   5.9992778972819768e+07   3.6105135901255749e+03   9.9987964954699615e-01
  1.0070910906616252e+05   1.2085093087939502e-04   5.9992749820338212e+07   3.6250898309011604e+03   9.9987916367230356e-01
  1.0111573753874796e+05   1.2133888504649754e-04   5.9992720550177544e+07   3.6397249112322161e+03   9.9987867583629242e-01
  1.0152400783615212e+05   1.2182880940338253e-04   5.9992691161862858e+07   3.6544190685771846e+03   9.9987818603104761e-01
  1.0193392658749431e+05   1.2232071190499316e-04   5.9992661654917307e+07   3.6691725413523286e+03   9.9987769424862183e-01
  1.0234550044865991e+05   1.2281460053839189e-04   5.9992632028862141e+07   3.6839855689356118e+03   9.9987720048103568e-01
  1.0275873610240906e+05   1.2331048332289086e-04   5.9992602283216678e+07   3.6988583916705998e+03   9.9987670472027801e-01
  1.0317364025848378e+05   1.2380836831018052e-04   5.9992572417498276e+07   3.7137912508702939e+03   9.9987620695830459e-01
  1.0359021965371846e+05   1.2430826358446215e-04   5.9992542431222372e+07   3.7287843888211014e+03   9.9987570718703955e-01
  1.0400848105214797e+05   1.2481017726257755e-04   5.9992512323902443e+07   3.7438380487867066e+03   9.9987520539837405e-01
  1.0442843124511790e+05   1.2531411749414146e-04   5.9992482095049992e+07   3.7589524750120268e+03   9.9987470158416658e-01
  1.0485007705139565e+05   1.2582009246167478e-04   5.9992451744174555e+07   3.7741279127271923e+03   9.9987419573624259e-01
  1.0527342531727956e+05   1.2632811038073546e-04   5.9992421270783707e+07   3.7893646081514621e+03   9.9987368784639508e-01
  1.0569848291671180e+05   1.2683817950005416e-04   5.9992390674383014e+07   3.8046628084972722e+03   9.9987317790638353e-01
  1.0612525675138852e+05   1.2735030810166620e-04   5.9992359954476066e+07   3.8200227619741818e+03   9.9987266590793444e-01
  1.0655375375087246e+05   1.2786450450104694e-04   5.9992329110564426e+07   3.8354447177929142e+03   9.9987215184274048e-01
  1.0698398087270628e+05   1.2838077704724752e-04   5.9992298142147675e+07   3.8509289261694175e+03   9.9987163570246129e-01
  1.0741594510252384e+05   1.2889913412302860e-04   5.9992267048723355e+07   3.8664756383288554e+03   9.9987111747872259e-01
  1.0784965345416545e+05   1.2941958414499854e-04   5.9992235829787001e+07   3.8820851065097413e+03   9.9987059716311666e-01
  1.0828511296979005e+05   1.2994213556374805e-04   5.9992204484832071e+07   3.8977575839679553e+03   9.9987007474720113e-01
  1.0872233071999118e+05   1.3046679686398941e-04   5.9992173013350055e+07   3.9134933249809069e+03   9.9986955022250090e-01
  1.0916131380391039e+05   1.3099357656469246e-04   5.9992141414830312e+07   3.9292925848515979e+03   9.9986902358050522e-01
  1.0960206934935307e+05   1.3152248321922369e-04   5.9992109688760184e+07   3.9451556199127749e+03   9.9986849481266971e-01
  1.1004460451290489e+05   1.3205352541548586e-04   5.9992077834624946e+07   3.9610826875311059e+03   9.9986796391041577e-01
  1.1048892648004643e+05   1.3258671177605571e-04   5.9992045851907790e+07   3.9770740461112878e+03   9.9986743086512986e-01
  1.1093504246527168e+05   1.3312205095832600e-04   5.9992013740089819e+07   3.9931299551002935e+03   9.9986689566816367e-01
  1.1138295971220353e+05   1.3365955165464422e-04   5.9991981498650029e+07   4.0092506749915146e+03   9.9986635831083381e-01
  1.1183268549371215e+05   1.3419922259245458e-04   5.9991949127065361e+07   4.0254364673290038e+03   9.9986581878442271e-01
  1.1228422711203372e+05   1.3474107253444047e-04   5.9991916624810591e+07   4.0416875947117296e+03   9.9986527708017647e-01
  1.1273759189888736e+05   1.3528511027866482e-04   5.9991883991358414e+07   4.0580043207977692e+03   9.9986473318930691e-01
  1.1319278721559611e+05   1.3583134465871533e-04   5.9991851226179399e+07   4.0743869103086472e+03   9.9986418710298997e-01
  1.1364982045320474e+05   1.3637978454384569e-04   5.9991818328741945e+07   4.0908356290335519e+03   9.9986363881236573e-01
  1.1410869903260050e+05   1.3693043883912059e-04   5.9991785298512347e+07   4.1073507438336710e+03   9.9986308830853909e-01
  1.1456943040463436e+05   1.3748331648556121e-04   5.9991752134954728e+07   4.1239325226465317e+03   9.9986253558257876e-01
  1.1503202205024024e+05   1.3803842646028828e-04   5.9991718837531038e+07   4.1405812344902797e+03   9.9986198062551734e-01
  1.1549648148055848e+05   1.3859577777667017e-04   5.9991685405701078e+07   4.1572971494680960e+03   9.9986142342835127e-01
  1.1596281623705602e+05   1.3915537948446722e-04   5.9991651838922471e+07   4.1740805387725140e+03   9.9986086398204121e-01
  1.1643103389164971e+05   1.3971724066997964e-04   5.9991618136650637e+07   4.1909316746898339e+03   9.9986030227751066e-01
  1.1690114204682983e+05   1.4028137045619580e-04   5.9991584298338801e+07   4.2078508306045478e+03   9.9985973830564667e-01
  1.1737314833578197e+05   1.4084777800293835e-04   5.9991550323438011e+07   4.2248382810037156e+03   9.9985917205730024e-01
  1.1784706042251278e+05   1.4141647250701532e-04   5.9991516211397044e+07   4.2418943014814631e+03   9.9985860352328404e-01
  1.1832288600197283e+05   1.4198746320236738e-04   5.9991481961662523e+07   4.2590191687433871e+03   9.9985803269437534e-01
  1.1880063280018224e+05   1.4256075936021868e-04   5.9991447573678792e+07   4.2762131606110634e+03   9.9985745956131322e-01
  1.1928030857435684e+05   1.4313637028922819e-04   5.9991413046887964e+07   4.2934765560265587e+03   9.9985688411479945e-01
  1.1976192111303241e+05   1.4371430533563888e-04   5.9991378380729906e+07   4.3108096350568940e+03   9.9985630634549849e-01
  1.2024547823619313e+05   1.4429457388343174e-04   5.9991343574642211e+07   4.3282126788986370e+03   9.9985572624403685e-01
  1.2073098779539661e+05   1.4487718535447592e-04   5.9991308628060251e+07   4.3456859698823901e+03   9.9985514380100415e-01
  1.2121845767390328e+05   1.4546214920868394e-04   5.9991273540417053e+07   4.3632297914774199e+03   9.9985455900695086e-01
  1.2170789578680271e+05   1.4604947494416325e-04   5.9991238311143421e+07   4.3808444282961946e+03   9.9985397185239033e-01
  1.2219931008114286e+05   1.4663917209737143e-04   5.9991202939667813e+07   4.3985301660990026e+03   9.9985338232779686e-01
  1.2269270853605987e+05   1.4723125024327185e-04   5.9991167425416417e+07   4.4162872917986115e+03   9.9985279042360697e-01
  1.2318809916290586e+05   1.4782571899548701e-04   5.9991131767813087e+07   4.4341160934648460e+03   9.9985219613021814e-01
  1.2368549000538100e+05   1.4842258800645719e-04   5.9991095966279358e+07   4.4520168603293159e+03   9.9985159943798929e-01
  1.2418488913966241e+05   1.4902186696759488e-04   5.9991060020234428e+07   4.4699898827900461e+03   9.9985100033724050e-01
  1.2468630467453599e+05   1.4962356560944319e-04   5.9991023929095179e+07   4.4880354524161830e+03   9.9985039881825299e-01
  1.2518974475152887e+05   1.5022769370183462e-04   5.9990987692276105e+07   4.5061538619527491e+03   9.9984979487126846e-01
  1.2569521754503984e+05   1.5083426105404779e-04   5.9990951309189364e+07   4.5243454053253263e+03   9.9984918848648940e-01
  1.2620273126247407e+05   1.5144327751496887e-04   5.9990914779244721e+07   4.5426103776448590e+03   9.9984857965407870e-01
  1.2671229414437467e+05   1.5205475297324961e-04   5.9990878101849586e+07   4.5609490752123875e+03   9.9984796836415979e-01
  1.2722391446455715e+05   1.5266869735746857e-04   5.9990841276408970e+07   4.5793617955238587e+03   9.9984735460681617e-01
  1.2773760053024463e+05   1.5328512063629354e-04   5.9990804302325465e+07   4.5978488372749689e+03   9.9984673837209104e-01
  1.2825336068220086e+05   1.5390403281864102e-04   5.9990767178999290e+07   4.6164105003659279e+03   9.9984611964998815e-01
  1.2877120329486775e+05   1.5452544395384130e-04   5.9990729905828200e+07   4.6350470859063898e+03   9.9984549843046999e-01
  1.2929113677649955e+05   1.5514936413179946e-04   5.9990692482207566e+07   4.6537588962202572e+03   9.9984487470345940e-01
  1.2981316956930008e+05   1.5577580348316008e-04   5.9990654907530308e+07   4.6725462348505980e+03   9.9984424845883846e-01
  1.3033731014956065e+05   1.5640477217947278e-04   5.9990617181186885e+07   4.6914094065645877e+03   9.9984361968644808e-01
  1.3086356702779587e+05   1.5703628043335505e-04   5.9990579302565299e+07   4.7103487173583699e+03   9.9984298837608832e-01
  1.3139194874888391e+05   1.5767033849866069e-04   5.9990541271051094e+07   4.7293644744620797e+03   9.9984235451751824e-01
  1.3192246389220335e+05   1.5830695667064400e-04   5.9990503086027332e+07   4.7484569863447596e+03   9.9984171810045552e-01
  1.3245512107177338e+05   1.5894614528612805e-04   5.9990464746874571e+07   4.7676265627193570e+03   9.9984107911457620e-01
  1.3298992893639440e+05   1.5958791472367326e-04   5.9990426252970912e+07   4.7868735145477858e+03   9.9984043754951524e-01
  1.3352689616978660e+05   1.6023227540374392e-04   5.9990387603691921e+07   4.8061981540458692e+03   9.9983979339486539e-01
  1.3406603149073309e+05   1.6087923778887971e-04   5.9990348798410632e+07   4.8256007946884793e+03   9.9983914664017715e-01
  1.3460734365321932e+05   1.6152881238386317e-04   5.9990309836497582e+07   4.8450817512145250e+03   9.9983849727495966e-01
  1.3515084144657740e+05   1.6218100973589288e-04   5.9990270717320755e+07   4.8646413396321223e+03   9.9983784528867925e-01
  1.3569653369562689e+05   1.6283584043475226e-04   5.9990231440245561e+07   4.8842798772236365e+03   9.9983719067075938e-01
  1.3624442926081890e+05   1.6349331511298268e-04   5.9990192004634909e+07   4.9039976825508447e+03   9.9983653341058187e-01
  1.3679453703838083e+05   1.6415344444605700e-04   5.9990152409849092e+07   4.9237950754601115e+03   9.9983587349748493e-01
  1.3734686596045882e+05   1.6481623915255058e-04   5.9990112655245841e+07   4.9436723770875005e+03   9.9983521092076399e-01
  1.3790142499526503e+05   1.6548170999431801e-04   5.9990072740180291e+07   4.9636299098640502e+03   9.9983454566967156e-01
  1.3845822314722135e+05   1.6614986777666561e-04   5.9990032664004974e+07   4.9836679975209036e+03   9.9983387773341625e-01
  1.3901726945710636e+05   1.6682072334852762e-04   5.9989992426069833e+07   5.0037869650945895e+03   9.9983320710116386e-01
  1.3957857300220308e+05   1.6749428760264368e-04   5.9989952025722146e+07   5.0239871389323025e+03   9.9983253376203574e-01
  1.4014214289644425e+05   1.6817057147573309e-04   5.9989911462306611e+07   5.0442688466971122e+03   9.9983185770511018e-01
  1.4070798829056267e+05   1.6884958594867521e-04   5.9989870735165268e+07   5.0646324173733374e+03   9.9983117891942108e-01
  1.4127611837223780e+05   1.6953134204668536e-04   5.9989829843637474e+07   5.0850781812718078e+03   9.9983049739395791e-01
  1.4184654236624576e+05   1.7021585083949490e-04   5.9989788787059948e+07   5.1056064700352208e+03   9.9982981311766583e-01
  1.4241926953460989e+05   1.7090312344153187e-04   5.9989747564766727e+07   5.1262176166435456e+03   9.9982912607944541e-01
  1.4299430917674938e+05   1.7159317101209925e-04   5.9989706176089175e+07   5.1469119554193321e+03   9.9982843626815288e-01
  1.4357167062963225e+05   1.7228600475555870e-04   5.9989664620355949e+07   5.1676898220332041e+03   9.9982774367259919e-01
  1.4415136326792519e+05   1.7298163592151022e-04   5.9989622896893002e+07   5.1885515535092054e+03   9.9982704828155000e-01
  1.4473339650414648e+05   1.7368007580497577e-04   5.9989581005023554e+07   5.2094974882302904e+03   9.9982635008372589e-01
  1.4531777978881984e+05   1.7438133574658381e-04   5.9989538944068126e+07   5.2305279659438238e+03   9.9982564906780214e-01
  1.4590452261062569e+05   1.7508542713275081e-04   5.9989496713344477e+07   5.2516433277669948e+03   9.9982494522240795e-01
  1.4649363449655767e+05   1.7579236139586920e-04   5.9989454312167630e+07   5.2728439161924280e+03   9.9982423853612712e-01
  1.4708512501207486e+05   1.7650215001448983e-04   5.9989411739849836e+07   5.2941300750936252e+03   9.9982352899749727e-01
  1.4767900376125966e+05   1.7721480451351158e-04   5.9989368995700553e+07   5.3155021497306225e+03   9.9982281659500927e-01
  1.4827528038697140e+05   1.7793033646436567e-04   5.9989326079026498e+07   5.3369604867554854e+03   9.9982210131710825e-01
  1.4887396457100406e+05   1.7864875748520488e-04   5.9989282989131577e+07   5.3585054342179546e+03   9.9982138315219293e-01
  1.4947506603424414e+05   1.7937007924109295e-04   5.9989239725316867e+07   5.3801373415711032e+03   9.9982066208861442e-01
  1.5007859453682654e+05   1.8009431344419183e-04   5.9989196286880657e+07   5.4018565596769049e+03   9.9981993811467762e-01
  1.5068455987829546e+05   1.8082147185395455e-04   5.9989152673118390e+07   5.4236634408120062e+03   9.9981921121863981e-01
  1.5129297189776131e+05   1.8155156627731357e-04   5.9989108883322671e+07   5.4455583386733324e+03   9.9981848138871121e-01
  1.5190384047406141e+05   1.8228460856887369e-04   5.9989064916783243e+07   5.4675416083838472e+03   9.9981774861305406e-01
  1.5251717552592131e+05   1.8302061063110557e-04   5.9989020772787012e+07   5.4896136064983202e+03   9.9981701287978353e-01
  1.5313298701211374e+05   1.8375958441453649e-04   5.9988976450617999e+07   5.5117746910090173e+03   9.9981627417696661e-01
  1.5375128493162271e+05   1.8450154191794723e-04   5.9988931949557312e+07   5.5340252213515832e+03   9.9981553249262189e-01
  1.5437207932380377e+05   1.8524649518856452e-04   5.9988887268883191e+07   5.5563655584107591e+03   9.9981478781471989e-01
  1.5499538026854786e+05   1.8599445632225741e-04   5.9988842407870963e+07   5.5787960645262619e+03   9.9981404013118269e-01
  1.5562119788644600e+05   1.8674543746373517e-04   5.9988797365793027e+07   5.6013171034986699e+03   9.9981328942988379e-01
  1.5624954233895135e+05   1.8749945080674162e-04   5.9988752141918831e+07   5.6239290405952270e+03   9.9981253569864714e-01
  1.5688042382854680e+05   1.8825650859425616e-04   5.9988706735514902e+07   5.6466322425558383e+03   9.9981177892524831e-01
  1.5751385259890836e+05   1.8901662311869002e-04   5.9988661145844817e+07   5.6694270775989162e+03   9.9981101909741366e-01
  1.5814983893507248e+05   1.8977980672208697e-04   5.9988615372169159e+07   5.6923139154273640e+03   9.9981025620281927e-01
  1.5878839316360393e+05   1.9054607179632471e-04   5.9988569413745545e+07   5.7152931272345950e+03   9.9980949022909238e-01
  1.5942952565276131e+05   1.9131543078331357e-04   5.9988523269828595e+07   5.7383650857104403e+03   9.9980872116380992e-01
  1.6007324681266793e+05   1.9208789617520150e-04   5.9988476939669922e+07   5.7615301650472747e+03   9.9980794899449865e-01
  1.6071956709547833e+05   1.9286348051457397e-04   5.9988430422518127e+07   5.7847887409459681e+03   9.9980717370863548e-01
  1.6136849699555046e+05   1.9364219639466054e-04   5.9988383717618778e+07   5.8081411906220483e+03   9.9980639529364634e-01
  1.6202004704961390e+05   1.9442405645953668e-04   5.9988336824214391e+07   5.8315878928117190e+03   9.9980561373690657e-01
  1.6267422783694192e+05   1.9520907340433031e-04   5.9988289741544455e+07   5.8551292277780158e+03   9.9980482902574097e-01
  1.6333104997952413e+05   1.9599725997542896e-04   5.9988242468845382e+07   5.8787655773169863e+03   9.9980404114742305e-01
  1.6399052414223680e+05   1.9678862897068414e-04   5.9988195005350485e+07   5.9024973247637754e+03   9.9980325008917481e-01
  1.6465266103301861e+05   1.9758319323962231e-04   5.9988147350290015e+07   5.9263248549989212e+03   9.9980245583816696e-01
  1.6531747140304215e+05   1.9838096568365057e-04   5.9988099502891108e+07   5.9502485544544888e+03   9.9980165838151847e-01
  1.6598496604688952e+05   1.9918195925626740e-04   5.9988051462377779e+07   5.9742688111203461e+03   9.9980085770629634e-01
  1.6665515580272864e+05   1.9998618696327435e-04   5.9988003227970921e+07   5.9983860145504759e+03   9.9980005379951531e-01
  1.6732805155248678e+05   2.0079366186298412e-04   5.9987954798888274e+07   6.0226005558691859e+03   9.9979924664813791e-01
  1.6800366422203009e+05   2.0160439706643610e-04   5.9987906174344458e+07   6.0469128277775217e+03   9.9979843623907427e-01
  1.6868200478133850e+05   2.0241840573760619e-04   5.9987857353550903e+07   6.0713232245595336e+03   9.9979762255918170e-01
  1.6936308424468496e+05   2.0323570109362195e-04   5.9987808335715838e+07   6.0958321420886750e+03   9.9979680559526396e-01
  1.7004691367081527e+05   2.0405629640497832e-04   5.9987759120044343e+07   6.1204399778342504e+03   9.9979598533407243e-01
  1.7073350416312518e+05   2.0488020499575020e-04   5.9987709705738276e+07   6.1451471308677337e+03   9.9979516176230465e-01
  1.7142286686984354e+05   2.0570744024381223e-04   5.9987660091996275e+07   6.1699540018693315e+03   9.9979433486660463e-01
  1.7211501298421083e+05   2.0653801558105297e-04   5.9987610278013751e+07   6.1948609931343608e+03   9.9979350463356254e-01
  1.7280995374466191e+05   2.0737194449359429e-04   5.9987560262982853e+07   6.2198685085797852e+03   9.9979267104971425e-01
  1.7350770043500967e+05   2.0820924052201159e-04   5.9987510046092510e+07   6.2449769537507873e+03   9.9979183410154182e-01
  1.7420826438462565e+05   2.0904991726155078e-04   5.9987459626528352e+07   6.2701867358272239e+03   9.9979099377547254e-01
  1.7491165696862692e+05   2.0989398836235231e-04   5.9987409003472760e+07   6.2954982636303093e+03   9.9979015005787930e-01
  1.7561788960805826e+05   2.1074146752966989e-04   5.9987358176104754e+07   6.3209119476291316e+03   9.9978930293507928e-01
  1.7632697377007868e+05   2.1159236852409441e-04   5.9987307143600121e+07   6.3464281999473224e+03   9.9978845239333536e-01
  1.7703892096814860e+05   2.1244670516177831e-04   5.9987255905131273e+07   6.3720474343697488e+03   9.9978759841885456e-01
  1.7775374276221448e+05   2.1330449131465735e-04   5.9987204459867314e+07   6.3977700663491187e+03   9.9978674099778853e-01
  1.7847145075889921e+05   2.1416574091067905e-04   5.9987152806973986e+07   6.4235965130127797e+03   9.9978588011623315e-01
  1.7919205661168773e+05   2.1503046793402527e-04   5.9987100945613675e+07   6.4495271931693687e+03   9.9978501576022794e-01
  1.7991557202111927e+05   2.1589868642534312e-04   5.9987048874945380e+07   6.4755625273156702e+03   9.9978414791575632e-01
  1.8064200873497457e+05   2.1677041048196949e-04   5.9986996594124727e+07   6.5017029376433302e+03   9.9978327656874544e-01
  1.8137137854846791e+05   2.1764565425816149e-04   5.9986944102303922e+07   6.5279488480456994e+03   9.9978240170506538e-01
  1.8210369330443960e+05   2.1852443196532752e-04   5.9986891398631774e+07   6.5543006841247297e+03   9.9978152331052961e-01
  1.8283896489354581e+05   2.1940675787225495e-04   5.9986838482253626e+07   6.5807588731977548e+03   9.9978064137089373e-01
  1.8357720525445454e+05   2.2029264630534545e-04   5.9986785352311410e+07   6.6073238443044975e+03   9.9977975587185686e-01
  1.8431842637403688e+05   2.2118211164884425e-04   5.9986732007943586e+07   6.6339960282139109e+03   9.9977886679905981e-01
  1.8506264028756265e+05   2.2207516834507518e-04   5.9986678448285162e+07   6.6607758574311601e+03   9.9977797413808600e-01
  1.8580985907889719e+05   2.2297183089467663e-04   5.9986624672467612e+07   6.6876637662046724e+03   9.9977707787446024e-01
  1.8656009488069470e+05   2.2387211385683362e-04   5.9986570679618947e+07   6.7146601905330372e+03   9.9977617799364915e-01
  1.8731335987459836e+05   2.2477603184951802e-04   5.9986516468863666e+07   6.7417655681721599e+03   9.9977527448106107e-01
  1.8806966629143551e+05   2.2568359954972260e-04   5.9986462039322726e+07   6.7689803386422445e+03   9.9977436732204539e-01
  1.8882902641141729e+05   2.2659483169370075e-04   5.9986407390113547e+07   6.7963049432349217e+03   9.9977345650189242e-01
  1.8959145256433918e+05   2.2750974307720700e-04   5.9986352520349972e+07   6.8237398250204251e+03   9.9977254200583288e-01
  1.9035695712977866e+05   2.2842834855573438e-04   5.9986297429142304e+07   6.8512854288546441e+03   9.9977162381903839e-01
  1.9112555253729914e+05   2.2935066304475895e-04   5.9986242115597248e+07   6.8789422013864232e+03   9.9977070192662076e-01
  1.9189725126664911e+05   2.3027670151997892e-04   5.9986186578817882e+07   6.9067105910646733e+03   9.9976977631363140e-01
  1.9267206584796603e+05   2.3120647901755923e-04   5.9986130817903720e+07   6.9345910481456576e+03   9.9976884696506196e-01
  1.9345000886198087e+05   2.3214001063437702e-04   5.9986074831950612e+07   6.9625840247003025e+03   9.9976791386584352e-01
  1.9423109294021956e+05   2.3307731152826346e-04   5.9986018620050773e+07   6.9906899746213994e+03   9.9976697700084627e-01
  1.9501533076521146e+05   2.3401839691825375e-04   5.9985962181292750e+07   7.0189093536310465e+03   9.9976603635487915e-01
  1.9580273507069235e+05   2.3496328208483082e-04   5.9985905514761433e+07   7.0472426192879129e+03   9.9976509191269058e-01
  1.9659331864181240e+05   2.3591198237017487e-04   5.9985848619538032e+07   7.0756902309946590e+03   9.9976414365896715e-01
  1.9738709431534499e+05   2.3686451317841398e-04   5.9985791494700000e+07   7.1042526500054018e+03   9.9976319157833338e-01
  1.9818407497989235e+05   2.3782088997587080e-04   5.9985734139321148e+07   7.1329303394330655e+03   9.9976223565535249e-01
  1.9898427357609806e+05   2.3878112829131765e-04   5.9985676552471496e+07   7.1617237642569698e+03   9.9976127587452490e-01
  1.9978770309685383e+05   2.3974524371622459e-04   5.9985618733217344e+07   7.1906333913302178e+03   9.9976031222028905e-01
  2.0059437658751389e+05   2.4071325190501666e-04   5.9985560680621237e+07   7.2196596893873575e+03   9.9975934467702066e-01
  2.0140430714610379e+05   2.4168516857532454e-04   5.9985502393741906e+07   7.2488031290518384e+03   9.9975837322903172e-01
  2.0221750792353440e+05   2.4266100950824128e-04   5.9985443871634319e+07   7.2780641828436583e+03   9.9975739786057194e-01
  2.0303399212381660e+05   2.4364079054857991e-04   5.9985385113349639e+07   7.3074433251870332e+03   9.9975641855582731e-01
  2.0385377300427292e+05   2.4462452760512748e-04   5.9985326117935181e+07   7.3369410324179553e+03   9.9975543529891964e-01
  2.0467686387575592e+05   2.4561223665090707e-04   5.9985266884434432e+07   7.3665577827919951e+03   9.9975444807390723e-01
  2.0550327810286163e+05   2.4660393372343394e-04   5.9985207411887035e+07   7.3962940564919227e+03   9.9975345686478390e-01
  2.0633302910414757e+05   2.4759963492497705e-04   5.9985147699328743e+07   7.4261503356354997e+03   9.9975246165547904e-01
  2.0716613035235211e+05   2.4859935642282253e-04   5.9985087745791450e+07   7.4561271042833114e+03   9.9975146242985746e-01
  2.0800259537461010e+05   2.4960311444953209e-04   5.9985027550303124e+07   7.4862248484464681e+03   9.9975045917171879e-01
  2.0884243775267602e+05   2.5061092530321124e-04   5.9984967111887828e+07   7.5164440560945741e+03   9.9974945186479713e-01
  2.0968567112314145e+05   2.5162280534776971e-04   5.9984906429565690e+07   7.5467852171634959e+03   9.9974844049276146e-01
  2.1053230917765782e+05   2.5263877101318940e-04   5.9984845502352893e+07   7.5772488235633173e+03   9.9974742503921488e-01
  2.1138236566315999e+05   2.5365883879579197e-04   5.9984784329261646e+07   7.6078353691863240e+03   9.9974640548769411e-01
  2.1223585438208646e+05   2.5468302525850374e-04   5.9984722909300186e+07   7.6385453499148616e+03   9.9974538182166972e-01
  2.1309278919260690e+05   2.5571134703112827e-04   5.9984661241472758e+07   7.6693792636294729e+03   9.9974435402454598e-01
  2.1395318400884420e+05   2.5674382081061303e-04   5.9984599324779585e+07   7.7003376102168113e+03   9.9974332207965977e-01
  2.1481705280110161e+05   2.5778046336132190e-04   5.9984537158216856e+07   7.7314208915777635e+03   9.9974228597028092e-01
  2.1568440959609096e+05   2.5882129151530913e-04   5.9984474740776747e+07   7.7626296116355934e+03   9.9974124567961242e-01
  2.1655526847715731e+05   2.5986632217258877e-04   5.9984412071447328e+07   7.7939642763439624e+03   9.9974020119078877e-01
  2.1742964358451118e+05   2.6091557230141342e-04   5.9984349149212629e+07   7.8254253936952209e+03   9.9973915248687717e-01
  2.1830754911545498e+05   2.6196905893854596e-04   5.9984285973052561e+07   7.8570134737284934e+03   9.9973809955087600e-01
  2.1918899932461497e+05   2.6302679918953792e-04   5.9984222541942939e+07   7.8887290285379640e+03   9.9973704236571570e-01
  2.2007400852417396e+05   2.6408881022900872e-04   5.9984158854855455e+07   7.9205725722811703e+03   9.9973598091425764e-01
  2.2096259108410054e+05   2.6515510930092063e-04   5.9984094910757646e+07   7.9525446211872013e+03   9.9973491517929414e-01
  2.2185476143238615e+05   2.6622571371886334e-04   5.9984030708612889e+07   7.9846456935651540e+03   9.9973384514354813e-01
  2.2275053405527558e+05   2.6730064086633070e-04   5.9983966247380383e+07   8.0168763098123563e+03   9.9973277078967304e-01
  2.2364992349750595e+05   2.6837990819700714e-04   5.9983901526015170e+07   8.0492369924229060e+03   9.9973169210025281e-01
  2.2455294436253948e+05   2.6946353323504738e-04   5.9983836543468021e+07   8.0817282659959747e+03   9.9973060905780031e-01
  2.2545961131280227e+05   2.7055153357536272e-04   5.9983771298685521e+07   8.1143506572443312e+03   9.9972952164475870e-01
  2.2636993906992348e+05   2.7164392688390818e-04   5.9983705790610000e+07   8.1471046950028758e+03   9.9972842984349997e-01
  2.2728394241497130e+05   2.7274073089796557e-04   5.9983640018179543e+07   8.1799909102370657e+03   9.9972733363632571e-01
  2.2820163618869663e+05   2.7384196342643594e-04   5.9983573980327904e+07   8.2130098360516095e+03   9.9972623300546504e-01
  2.2912303529177071e+05   2.7494764235012485e-04   5.9983507675984614e+07   8.2461620076989475e+03   9.9972512793307688e-01
  2.3004815468502860e+05   2.7605778562203430e-04   5.9983441104074836e+07   8.2794479625879412e+03   9.9972401840124725e-01
  2.3097700938971335e+05   2.7717241126765601e-04   5.9983374263519429e+07   8.3128682402925879e+03   9.9972290439199052e-01
  2.3190961448771681e+05   2.7829153738526016e-04   5.9983307153234884e+07   8.3464233825606043e+03   9.9972178588724803e-01
  2.3284598512182807e+05   2.7941518214619367e-04   5.9983239772133365e+07   8.3801139333223073e+03   9.9972066286888939e-01
  2.3378613649597618e+05   2.8054336379517141e-04   5.9983172119122609e+07   8.4139404386992628e+03   9.9971953531871016e-01
  2.3473008387547842e+05   2.8167610065057410e-04   5.9983104193105981e+07   8.4479034470131428e+03   9.9971840321843297e-01
  2.3567784258728946e+05   2.8281341110474734e-04   5.9983035992982425e+07   8.4820035087946253e+03   9.9971726654970705e-01
  2.3662942802024705e+05   2.8395531362429647e-04   5.9982967517646424e+07   8.5162411767921476e+03   9.9971612529410703e-01
  2.3758485562532567e+05   2.8510182675039081e-04   5.9982898765988052e+07   8.5506170059809701e+03   9.9971497943313414e-01
  2.3854414091588350e+05   2.8625296909906019e-04   5.9982829736892864e+07   8.5851315535719677e+03   9.9971382894821437e-01
  2.3950729946791829e+05   2.8740875936150191e-04   5.9982760429241970e+07   8.6197853790207719e+03   9.9971267382069950e-01
  2.4047434692031672e+05   2.8856921630438003e-04   5.9982690841911942e+07   8.6545790440366618e+03   9.9971151403186564e-01
  2.4144529897510997e+05   2.8973435877013197e-04   5.9982620973774828e+07   8.6895131125916832e+03   9.9971034956291382e-01
  2.4242017139772995e+05   2.9090420567727592e-04   5.9982550823698148e+07   8.7245881509297797e+03   9.9970918039496914e-01
  2.4339898001726251e+05   2.9207877602071500e-04   5.9982480390544862e+07   8.7598047275758345e+03   9.9970800650908098e-01
  2.4438174072670587e+05   2.9325808887204705e-04   5.9982409673173323e+07   8.7951634133448752e+03   9.9970682788622200e-01
  2.4536846948323012e+05   2.9444216337987615e-04   5.9982338670437306e+07   8.8306647813513446e+03   9.9970564450728838e-01
  2.4635918230843288e+05   2.9563101877011944e-04   5.9982267381185971e+07   8.8663094070182033e+03   9.9970445635309957e-01
  2.4735389528860341e+05   2.9682467434632406e-04   5.9982195804263845e+07   8.9020978680863609e+03   9.9970326340439741e-01
  2.4835262457497991e+05   2.9802314948997586e-04   5.9982123938510768e+07   8.9380307446238439e+03   9.9970206564184616e-01
  2.4935538638401558e+05   2.9922646366081871e-04   5.9982051782761946e+07   8.9741086190352835e+03   9.9970086304603245e-01
  2.5036219699763862e+05   3.0043463639716633e-04   5.9981979335847877e+07   9.0103320760711867e+03   9.9969965559746465e-01
  2.5137307276351796e+05   3.0164768731622156e-04   5.9981906596594341e+07   9.0467017028374230e+03   9.9969844327657231e-01
  2.5238803009533026e+05   3.0286563611439633e-04   5.9981833563822411e+07   9.0832180888047205e+03   9.9969722606370681e-01
  2.5340708547302292e+05   3.0408850256762748e-04   5.9981760236348376e+07   9.1198818258180654e+03   9.9969600393913960e-01
  2.5443025544308565e+05   3.0531630653170277e-04   5.9981686612983800e+07   9.1566935081063821e+03   9.9969477688306330e-01
  2.5545755661881570e+05   3.0654906794257885e-04   5.9981612692535430e+07   9.1936537322919667e+03   9.9969354487559048e-01
  2.5648900568058898e+05   3.0778680681670676e-04   5.9981538473805219e+07   9.2307630974001822e+03   9.9969230789675367e-01
  2.5752461937613250e+05   3.0902954325135899e-04   5.9981463955590270e+07   9.2680222048691521e+03   9.9969106592650447e-01
  2.5856441452079281e+05   3.1027729742495134e-04   5.9981389136682898e+07   9.3054316585593388e+03   9.9968981894471498e-01
  2.5960840799781299e+05   3.1153008959737555e-04   5.9981314015870482e+07   9.3429920647633971e+03   9.9968856693117469e-01
  2.6065661675860331e+05   3.1278794011032398e-04   5.9981238591935582e+07   9.3807040322158609e+03   9.9968730986559307e-01
  2.6170905782301788e+05   3.1405086938762143e-04   5.9981162863655806e+07   9.4185681721029614e+03   9.9968604772759673e-01
  2.6276574827963271e+05   3.1531889793555922e-04   5.9981086829803869e+07   9.4565850980725609e+03   9.9968478049673115e-01
  2.6382670528601948e+05   3.1659204634322335e-04   5.9981010489147529e+07   9.4947554262439116e+03   9.9968350815245877e-01
  2.6489194606902829e+05   3.1787033528283393e-04   5.9980933840449572e+07   9.5330797752177132e+03   9.9968223067415951e-01
  2.6596148792506300e+05   3.1915378551007558e-04   5.9980856882467844e+07   9.5715587660859528e+03   9.9968094804113072e-01
  2.6703534822036681e+05   3.2044241786444015e-04   5.9980779613955133e+07   9.6101930224420539e+03   9.9967966023258559e-01
  2.6811354439129989e+05   3.2173625326955988e-04   5.9980702033659227e+07   9.6489831703907876e+03   9.9967836722765380e-01
  2.6919609394462459e+05   3.2303531273354951e-04   5.9980624140322901e+07   9.6879298385584316e+03   9.9967706900538167e-01
  2.7028301445779094e+05   3.2433961734934909e-04   5.9980545932683811e+07   9.7270336581029387e+03   9.9967576554473014e-01
  2.7137432357921917e+05   3.2564918829506298e-04   5.9980467409474567e+07   9.7662952627240029e+03   9.9967445682457612e-01
  2.7247003902858758e+05   3.2696404683430505e-04   5.9980388569422670e+07   9.8057152886733256e+03   9.9967314282371111e-01
  2.7357017859712208e+05   3.2828421431654647e-04   5.9980309411250480e+07   9.8452943747649169e+03   9.9967182352084127e-01
  2.7467476014788117e+05   3.2960971217745738e-04   5.9980229933675244e+07   9.8850331623852544e+03   9.9967049889458737e-01
  2.7578380161605048e+05   3.3094056193926053e-04   5.9980150135409005e+07   9.9249322955037769e+03   9.9966916892348345e-01
  2.7689732100922929e+05   3.3227678521107514e-04   5.9980070015158646e+07   9.9649924206830947e+03   9.9966783358597744e-01
  2.7801533640772785e+05   3.3361840368927341e-04   5.9979989571625836e+07   1.0005214187089572e+04   9.9966649286043063e-01
  2.7913786596485641e+05   3.3496543915782767e-04   5.9979908803507015e+07   1.0045598246503616e+04   9.9966514672511697e-01
  2.8026492790722230e+05   3.3631791348866675e-04   5.9979827709493361e+07   1.0086145253330284e+04   9.9966379515822268e-01
  2.8139654053502704e+05   3.3767584864203242e-04   5.9979746288270801e+07   1.0126855864609834e+04   9.9966243813784672e-01
  2.8253272222235991e+05   3.3903926666683186e-04   5.9979664538519964e+07   1.0167730740028204e+04   9.9966107564199935e-01
  2.8367349141750060e+05   3.4040818970100073e-04   5.9979582458916157e+07   1.0208770541927783e+04   9.9965970764860268e-01
  2.8481886664321477e+05   3.4178263997185774e-04   5.9979500048129380e+07   1.0249975935317920e+04   9.9965833413548966e-01
  2.8596886649705673e+05   3.4316263979646808e-04   5.9979417304824233e+07   1.0291347587885726e+04   9.9965695508040386e-01
  2.8712350965167297e+05   3.4454821158200752e-04   5.9979334227660000e+07   1.0332886170006874e+04   9.9965557046099995e-01
  2.8828281485510123e+05   3.4593937782612143e-04   5.9979250815290503e+07   1.0374592354756242e+04   9.9965418025484176e-01
  2.8944680093107978e+05   3.4733616111729573e-04   5.9979167066364177e+07   1.0416466817918928e+04   9.9965278443940297e-01
  2.9061548677934875e+05   3.4873858413521846e-04   5.9979082979524016e+07   1.0458510238000988e+04   9.9965138299206691e-01
  2.9178889137595898e+05   3.5014666965115074e-04   5.9978998553407535e+07   1.0500723296240414e+04   9.9964997589012561e-01
  2.9296703377358179e+05   3.5156044052829814e-04   5.9978913786646776e+07   1.0543106676618172e+04   9.9964856311077965e-01
  2.9414993310181407e+05   3.5297991972217685e-04   5.9978828677868277e+07   1.0585661065869068e+04   9.9964714463113791e-01
  2.9533760856749391e+05   3.5440513028099266e-04   5.9978743225693032e+07   1.0628387153492968e+04   9.9964572042821720e-01
  2.9653007945500751e+05   3.5583609534600897e-04   5.9978657428736486e+07   1.0671285631765739e+04   9.9964429047894143e-01
  2.9772736512660718e+05   3.5727283815192862e-04   5.9978571285608508e+07   1.0714357195750561e+04   9.9964285476014181e-01
  2.9892948502272146e+05   3.5871538202726573e-04   5.9978484794913404e+07   1.0757602543308956e+04   9.9964141324855671e-01
  3.0013645866227261e+05   3.6016375039472708e-04   5.9978397955249786e+07   1.0801022375112103e+04   9.9963996592082982e-01
  3.0134830564299528e+05   3.6161796677159432e-04   5.9978310765210710e+07   1.0844617394652172e+04   9.9963851275351179e-01
  3.0256504564175126e+05   3.6307805477010151e-04   5.9978223223383509e+07   1.0888388308253519e+04   9.9963705372305844e-01
  3.0378669841485063e+05   3.6454403809782075e-04   5.9978135328349844e+07   1.0932335825084127e+04   9.9963558880583070e-01
  3.0501328379837447e+05   3.6601594055804933e-04   5.9978047078685679e+07   1.0976460657167079e+04   9.9963411797809465e-01
  3.0624482170849259e+05   3.6749378605019107e-04   5.9977958472961232e+07   1.1020763519391865e+04   9.9963264121602058e-01
  3.0748133214179188e+05   3.6897759857015025e-04   5.9977869509740956e+07   1.1065245129526071e+04   9.9963115849568263e-01
  3.0872283517559594e+05   3.7046740221071512e-04   5.9977780187583566e+07   1.1109906208226743e+04   9.9962966979305945e-01
  3.0996935096829635e+05   3.7196322116195561e-04   5.9977690505041905e+07   1.1154747479052176e+04   9.9962817508403179e-01
  3.1122089975967520e+05   3.7346507971161021e-04   5.9977600460663065e+07   1.1199769668473393e+04   9.9962667434438446e-01
  3.1247750187123596e+05   3.7497300224548311e-04   5.9977510052988239e+07   1.1244973505885910e+04   9.9962516754980402e-01
  3.1373917770653503e+05   3.7648701324784201e-04   5.9977419280552767e+07   1.1290359723621519e+04   9.9962365467587944e-01
  3.1500594775150885e+05   3.7800713730181063e-04   5.9977328141886100e+07   1.1335929056959954e+04   9.9962213569810165e-01
  3.1627783257481153e+05   3.7953339908977380e-04   5.9977236635511726e+07   1.1381682244140864e+04   9.9962061059186214e-01
  3.1755485282814363e+05   3.8106582339377231e-04   5.9977144759947255e+07   1.1427620026375529e+04   9.9961907933245431e-01
  3.1883702924659284e+05   3.8260443509591138e-04   5.9977052513704292e+07   1.1473743147858977e+04   9.9961754189507157e-01
  3.2012438264896593e+05   3.8414925917875910e-04   5.9976959895288453e+07   1.1520052355781774e+04   9.9961599825480751e-01
  3.2141693393812864e+05   3.8570032072575433e-04   5.9976866903199330e+07   1.1566548400342124e+04   9.9961444838665547e-01
  3.2271470410134754e+05   3.8725764492161704e-04   5.9976773535930499e+07   1.1613232034758013e+04   9.9961289226550831e-01
  3.2401771421062615e+05   3.8882125705275134e-04   5.9976679791969456e+07   1.1660104015279183e+04   9.9961132986615764e-01
  3.2532598542304977e+05   3.9039118250765972e-04   5.9976585669797614e+07   1.1707165101199374e+04   9.9960976116329359e-01
  3.2663953898113040e+05   3.9196744677735644e-04   5.9976491167890280e+07   1.1754416054868583e+04   9.9960818613150471e-01
  3.2795839621314750e+05   3.9355007545577699e-04   5.9976396284716599e+07   1.1801857641705195e+04   9.9960660474527663e-01
  3.2928257853349921e+05   3.9513909424019906e-04   5.9976301018739596e+07   1.1849490630208462e+04   9.9960501697899329e-01
  3.3061210744304507e+05   3.9673452893165405e-04   5.9976205368416078e+07   1.1897315791970686e+04   9.9960342280693459e-01
  3.3194700452946016e+05   3.9833640543535218e-04   5.9976109332196645e+07   1.1945333901689812e+04   9.9960182220327742e-01
  3.3328729146758124e+05   3.9994474976109745e-04   5.9976012908525646e+07   1.1993545737181712e+04   9.9960021514209407e-01
  3.3463299001976050e+05   4.0155958802371258e-04   5.9975916095841229e+07   1.2041952079392799e+04   9.9959860159735381e-01
  3.3598412203622091e+05   4.0318094644346510e-04   5.9975818892575189e+07   1.2090553712412606e+04   9.9959698154291987e-01
  3.3734070945540722e+05   4.0480885134648863e-04   5.9975721297153033e+07   1.2139351423486307e+04   9.9959535495255059e-01
  3.3870277430434374e+05   4.0644332916521249e-04   5.9975623307993963e+07   1.2188346003027393e+04   9.9959372179989936e-01
  3.4007033869899460e+05   4.0808440643879350e-04   5.9975524923510745e+07   1.2237538244630514e+04   9.9959208205851247e-01
  3.4144342484461755e+05   4.0973210981354102e-04   5.9975426142109841e+07   1.2286928945084002e+04   9.9959043570183070e-01
  3.4282205503613042e+05   4.1138646604335649e-04   5.9975326962191254e+07   1.2336518904382945e+04   9.9958878270318752e-01
  3.4420625165846728e+05   4.1304750199016075e-04   5.9975227382148534e+07   1.2386308925741801e+04   9.9958712303580888e-01
  3.4559603718694771e+05   4.1471524462433724e-04   5.9975127400368802e+07   1.2436299815607535e+04   9.9958545667281340e-01
  3.4699143418763665e+05   4.1638972102516397e-04   5.9975027015232667e+07   1.2486492383672403e+04   9.9958378358721112e-01
  3.4839246531771298e+05   4.1807095838125558e-04   5.9974926225114234e+07   1.2536887442887042e+04   9.9958210375190393e-01
  3.4979915332583955e+05   4.1975898399100744e-04   5.9974825028381072e+07   1.2587485809473617e+04   9.9958041713968449e-01
  3.5121152105252771e+05   4.2145382526303322e-04   5.9974723423394136e+07   1.2638288302938763e+04   9.9957872372323564e-01
  3.5262959143051348e+05   4.2315550971661617e-04   5.9974621408507839e+07   1.2689295746086960e+04   9.9957702347513067e-01
  3.5405338748512469e+05   4.2486406498214960e-04   5.9974518982069954e+07   1.2740508965033554e+04   9.9957531636783259e-01
  3.5548293233466020e+05   4.2657951880159225e-04   5.9974416142421581e+07   1.2791928789218253e+04   9.9957360237369297e-01
  3.5691824919076049e+05   4.2830189902891259e-04   5.9974312887897171e+07   1.2843556051418243e+04   9.9957188146495290e-01
  3.5835936135878653e+05   4.3003123363054383e-04   5.9974209216824487e+07   1.2895391587761696e+04   9.9957015361374146e-01
  3.5980629223820032e+05   4.3176755068584035e-04   5.9974105127524532e+07   1.2947436237741242e+04   9.9956841879207559e-01
  3.6125906532294088e+05   4.3351087838752902e-04   5.9974000618311562e+07   1.2999690844227327e+04   9.9956667697185941e-01
  3.6271770420180733e+05   4.3526124504216879e-04   5.9973895687493049e+07   1.3052156253481833e+04   9.9956492812488418e-01
  3.6418223255884455e+05   4.3701867907061344e-04   5.9973790333369672e+07   1.3104833315171760e+04   9.9956317222282787e-01
  3.6565267417372233e+05   4.3878320900846677e-04   5.9973684554235250e+07   1.3157722882382664e+04   9.9956140923725412e-01
  3.6712905292212765e+05   4.4055486350655316e-04   5.9973578348376751e+07   1.3210825811632627e+04   9.9955963913961254e-01
  3.6861139277614601e+05   4.4233367133137520e-04   5.9973471714074247e+07   1.3264142962885750e+04   9.9955786190123741e-01
  3.7009971780465718e+05   4.4411966136558858e-04   5.9973364649600871e+07   1.3317675199566229e+04   9.9955607749334785e-01
  3.7159405217372015e+05   4.4591286260846417e-04   5.9973257153222866e+07   1.3371423388572006e+04   9.9955428588704776e-01
  3.7309442014696833e+05   4.4771330417636197e-04   5.9973149223199435e+07   1.3425388400288792e+04   9.9955248705332389e-01
  3.7460084608600545e+05   4.4952101530320649e-04   5.9973040857782803e+07   1.3479571108604132e+04   9.9955068096304678e-01
  3.7611335445079586e+05   4.5133602534095502e-04   5.9972932055218160e+07   1.3533972390921235e+04   9.9954886758696937e-01
  3.7763196980006789e+05   4.5315836376008146e-04   5.9972822813743673e+07   1.3588593128173308e+04   9.9954704689572793e-01
  3.7915671679170721e+05   4.5498806015004865e-04   5.9972713131590344e+07   1.3643434204837498e+04   9.9954521885983905e-01
  3.8068762018315942e+05   4.5682514421979128e-04   5.9972603006982118e+07   1.3698496508949176e+04   9.9954338344970195e-01
  3.8222470483183442e+05   4.5866964579820130e-04   5.9972492438135780e+07   1.3753780932116304e+04   9.9954154063559630e-01
  3.8376799569550471e+05   4.6052159483460565e-04   5.9972381423260950e+07   1.3809288369533539e+04   9.9953969038768253e-01
  3.8531751783271669e+05   4.6238102139926001e-04   5.9972269960560024e+07   1.3865019719996839e+04   9.9953783267600038e-01
  3.8687329640319210e+05   4.6424795568383051e-04   5.9972158048228174e+07   1.3920975885917698e+04   9.9953596747046958e-01
  3.8843535666823894e+05   4.6612242800188672e-04   5.9972045684453346e+07   1.3977157773337729e+04   9.9953409474088906e-01
  3.9000372399116395e+05   4.6800446878939673e-04   5.9971932867416129e+07   1.4033566291943274e+04   9.9953221445693552e-01
  3.9157842383767897e+05   4.6989410860521477e-04   5.9971819595289856e+07   1.4090202355079846e+04   9.9953032658816432e-01
  3.9315948177632084e+05   4.7179137813158501e-04   5.9971705866240479e+07   1.4147066879766991e+04   9.9952843110400802e-01
  3.9474692347885994e+05   4.7369630817463193e-04   5.9971591678426586e+07   1.4204160786712795e+04   9.9952652797377639e-01
  3.9634077472072362e+05   4.7560892966486834e-04   5.9971477029999353e+07   1.4261485000328890e+04   9.9952461716665586e-01
  3.9794106138140906e+05   4.7752927365769083e-04   5.9971361919102527e+07   1.4319040448745094e+04   9.9952269865170884e-01
  3.9954780944490584e+05   4.7945737133388701e-04   5.9971246343872361e+07   1.4376828063824398e+04   9.9952077239787274e-01
  4.0116104500012042e+05   4.8139325400014448e-04   5.9971130302437656e+07   1.4434848781178007e+04   9.9951883837396094e-01
  4.0278079424129473e+05   4.8333695308955363e-04   5.9971013792919651e+07   1.4493103540180187e+04   9.9951689654866083e-01
  4.0440708346843388e+05   4.8528850016212060e-04   5.9970896813432038e+07   1.4551593283983420e+04   9.9951494689053400e-01
  4.0603993908773590e+05   4.8724792690528306e-04   5.9970779362080947e+07   1.4610318959533644e+04   9.9951298936801580e-01
  4.0767938761201443e+05   4.8921526513441733e-04   5.9970661436964840e+07   1.4669281517585227e+04   9.9951102394941405e-01
  4.0932545566113607e+05   4.9119054679336326e-04   5.9970543036174580e+07   1.4728481912716476e+04   9.9950905060290962e-01
  4.1097816996244591e+05   4.9317380395493503e-04   5.9970424157793321e+07   1.4787921103344706e+04   9.9950706929655531e-01
  4.1263755735120812e+05   4.9516506882144973e-04   5.9970304799896523e+07   1.4847600051741869e+04   9.9950507999827543e-01
  4.1430364477103582e+05   4.9716437372524294e-04   5.9970184960551910e+07   1.4907519724049769e+04   9.9950308267586518e-01
  4.1597645927433111e+05   4.9917175112919733e-04   5.9970064637819417e+07   1.4967681090295673e+04   9.9950107729699023e-01
  4.1765602802272682e+05   5.0118723362727220e-04   5.9969943829751194e+07   1.5028085124407939e+04   9.9949906382918652e-01
  4.1934237828752166e+05   5.0321085394502594e-04   5.9969822534391552e+07   1.5088732804231457e+04   9.9949704223985925e-01
  4.2103553745012986e+05   5.0524264494015579e-04   5.9969700749776922e+07   1.5149625111543563e+04   9.9949501249628203e-01
  4.2273553300251969e+05   5.0728263960302361e-04   5.9969578473935872e+07   1.5210763032069570e+04   9.9949297456559782e-01
  4.2444239254766243e+05   5.0933087105719491e-04   5.9969455704889014e+07   1.5272147555498686e+04   9.9949092841481690e-01
  4.2615614379998320e+05   5.1138737255997980e-04   5.9969332440649010e+07   1.5333779675499971e+04   9.9948887401081687e-01
  4.2787681458580494e+05   5.1345217750296596e-04   5.9969208679220542e+07   1.5395660389738065e+04   9.9948681132034234e-01
  4.2960443284380710e+05   5.1552531941256852e-04   5.9969084418600231e+07   1.5457790699889421e+04   9.9948474031000389e-01
  4.3133902662547317e+05   5.1760683195056778e-04   5.9968959656776696e+07   1.5520171611658177e+04   9.9948266094627825e-01
  4.3308062409554882e+05   5.1969674891465853e-04   5.9968834391730428e+07   1.5582804134792361e+04   9.9948057319550709e-01
  4.3482925353250187e+05   5.2179510423900222e-04   5.9968708621433817e+07   1.5645689283100173e+04   9.9947847702389692e-01
  4.3658494332897518e+05   5.2390193199477022e-04   5.9968582343851082e+07   1.5708828074466033e+04   9.9947637239751808e-01
  4.3834772199225496e+05   5.2601726639070587e-04   5.9968455556938276e+07   1.5772221530867155e+04   9.9947425928230460e-01
  4.4011761814472626e+05   5.2814114177367145e-04   5.9968328258643232e+07   1.5835870678389669e+04   9.9947213764405385e-01
  4.4189466052434500e+05   5.3027359262921398e-04   5.9968200446905524e+07   1.5899776547245336e+04   9.9947000744842540e-01
  4.4367887798509834e+05   5.3241465358211794e-04   5.9968072119656436e+07   1.5963940171787832e+04   9.9946786866094062e-01
  4.4547029949747585e+05   5.3456435939697102e-04   5.9967943274818957e+07   1.6028362590529434e+04   9.9946572124698263e-01
  4.4726895414894255e+05   5.3672274497873105e-04   5.9967813910307705e+07   1.6093044846157758e+04   9.9946356517179513e-01
  4.4907487114440597e+05   5.3888984537328718e-04   5.9967684024028905e+07   1.6157987985552287e+04   9.9946140040048170e-01
  4.5088807980669272e+05   5.4106569576803127e-04   5.9967553613880411e+07   1.6223193059801231e+04   9.9945922689800681e-01
  4.5270860957702773e+05   5.4325033149243323e-04   5.9967422677751571e+07   1.6288661124218494e+04   9.9945704462919283e-01
  4.5453649001550564e+05   5.4544378801860670e-04   5.9967291213523291e+07   1.6354393238360342e+04   9.9945485355872155e-01
  4.5637175080157828e+05   5.4764610096189395e-04   5.9967159219067924e+07   1.6420390466042649e+04   9.9945265365113212e-01
  4.5821442173452902e+05   5.4985730608143478e-04   5.9967026692249298e+07   1.6486653875357690e+04   9.9945044487082169e-01
  4.6006453273396415e+05   5.5207743928075695e-04   5.9966893630922623e+07   1.6553184538691505e+04   9.9944822718204374e-01
  4.6192211384029221e+05   5.5430653660835060e-04   5.9966760032934532e+07   1.6619983532740862e+04   9.9944600054890886e-01
  4.6378719521521439e+05   5.5654463425825721e-04   5.9966625896122947e+07   1.6687051938530611e+04   9.9944376493538245e-01
  4.6565980714221735e+05   5.5879176857066078e-04   5.9966491218317159e+07   1.6754390841431083e+04   9.9944152030528599e-01
  4.6753998002705810e+05   5.6104797603246965e-04   5.9966355997337662e+07   1.6822001331175288e+04   9.9943926662229432e-01
  4.6942774439826526e+05   5.6331329327791830e-04   5.9966220230996259e+07   1.6889884501876579e+04   9.9943700384993761e-01
  4.7132313090762839e+05   5.6558775708915405e-04   5.9966083917095922e+07   1.6958041452046004e+04   9.9943473195159871e-01
  4.7322617033069825e+05   5.6787140439683791e-04   5.9965947053430796e+07   1.7026473284609947e+04   9.9943245089051325e-01
  4.7513689356728952e+05   5.7016427228074739e-04   5.9965809637786157e+07   1.7095181106927950e+04   9.9943016062976930e-01
  4.7705533164197573e+05   5.7246639797037084e-04   5.9965671667938389e+07   1.7164166030810171e+04   9.9942786113230653e-01
  4.7898151570460078e+05   5.7477781884552096e-04   5.9965533141654946e+07   1.7233429172535478e+04   9.9942555236091579e-01
  4.8091547703077790e+05   5.7709857243693342e-04   5.9965394056694277e+07   1.7302971652869084e+04   9.9942323427823798e-01
  4.8285724702240044e+05   5.7942869642688046e-04   5.9965254410805859e+07   1.7372794597080603e+04   9.9942090684676432e-01
  4.8480685720815469e+05   5.8176822864978561e-04   5.9965114201730095e+07   1.7442899134962176e+04   9.9941857002883494e-01
  4.8676433924402471e+05   5.8411720709282964e-04   5.9964973427198321e+07   1.7513286400846278e+04   9.9941622378663864e-01
  4.8872972491381475e+05   5.8647566989657770e-04   5.9964832084932767e+07   1.7583957533624234e+04   9.9941386808221278e-01
  4.9070304612965666e+05   5.8884365535558797e-04   5.9964690172646485e+07   1.7654913676764096e+04   9.9941150287744140e-01
  4.9268433493253676e+05   5.9122120191904405e-04   5.9964547688043363e+07   1.7726155978329283e+04   9.9940912813405602e-01
  4.9467362349280861e+05   5.9360834819137029e-04   5.9964404628818020e+07   1.7797685590996676e+04   9.9940674381363370e-01
  4.9667094411071850e+05   5.9600513293286213e-04   5.9964260992655866e+07   1.7869503672075214e+04   9.9940434987759774e-01
  4.9867632921693288e+05   5.9841159506031946e-04   5.9964116777232967e+07   1.7941611383524487e+04   9.9940194628721613e-01
  5.0068981137305917e+05   6.0082777364767095e-04   5.9963971980216071e+07   1.8014009891973139e+04   9.9939953300360118e-01
  5.0271142327217699e+05   6.0325370792661240e-04   5.9963826599262536e+07   1.8086700368737642e+04   9.9939710998770892e-01
  5.0474119773937261e+05   6.0568943728724707e-04   5.9963680632020332e+07   1.8159683989841164e+04   9.9939467720033881e-01
  5.0677916773226438e+05   6.0813500127871725e-04   5.9963534076127954e+07   1.8232961936032105e+04   9.9939223460213256e-01
  5.0882536634154612e+05   6.1059043960985529e-04   5.9963386929214410e+07   1.8306535392803307e+04   9.9938978215357355e-01
  5.1087982679151651e+05   6.1305579214981974e-04   5.9963239188899197e+07   1.8380405550410724e+04   9.9938731981498663e-01
  5.1294258244062634e+05   6.1553109892875158e-04   5.9963090852792233e+07   1.8454573603892753e+04   9.9938484754653722e-01
  5.1501366678201332e+05   6.1801640013841599e-04   5.9962941918493845e+07   1.8529040753089110e+04   9.9938236530823077e-01
  5.1709311344404874e+05   6.2051173613285847e-04   5.9962792383594699e+07   1.8603808202660108e+04   9.9937987305991161e-01
  5.1918095619088673e+05   6.2301714742906409e-04   5.9962642245675810e+07   1.8678877162106081e+04   9.9937737076126354e-01
  5.2127722892300517e+05   6.2553267470760612e-04   5.9962491502308443e+07   1.8754248845786427e+04   9.9937485837180740e-01
  5.2338196567776467e+05   6.2805835881331762e-04   5.9962340151054136e+07   1.8829924472939347e+04   9.9937233585090224e-01
  5.2549520062995353e+05   6.3059424075594421e-04   5.9962188189464614e+07   1.8905905267701110e+04   9.9936980315774360e-01
  5.2761696809234610e+05   6.3314036171081530e-04   5.9962035615081772e+07   1.8982192459125697e+04   9.9936726025136291e-01
  5.2974730251626309e+05   6.3569676301951567e-04   5.9961882425437607e+07   1.9058787281204604e+04   9.9936470709062675e-01
  5.3188623849212320e+05   6.3826348619054781e-04   5.9961728618054248e+07   1.9135690972886292e+04   9.9936214363423748e-01
  5.3403381075001380e+05   6.4084057290001654e-04   5.9961574190443821e+07   1.9212904778096308e+04   9.9935956984073038e-01
  5.3619005416024697e+05   6.4342806499229630e-04   5.9961419140108503e+07   1.9290429945756900e+04   9.9935698566847508e-01
  5.3835500373392890e+05   6.4602600448071469e-04   5.9961263464540392e+07   1.9368267729807121e+04   9.9935439107567325e-01
  5.4052869462353201e+05   6.4863443354823836e-04   5.9961107161221564e+07   1.9446419389222960e+04   9.9935178602035935e-01
  5.4271116212345753e+05   6.5125339454814900e-04   5.9960950227623932e+07   1.9524886188037228e+04   9.9934917046039884e-01
  5.4490244167061802e+05   6.5388293000474156e-04   5.9960792661209293e+07   1.9603669395360048e+04   9.9934654435348824e-01
  5.4710256884500326e+05   6.5652308261400386e-04   5.9960634459429227e+07   1.9682770285398849e+04   9.9934390765715375e-01
  5.4931157937026734e+05   6.5917389524432083e-04   5.9960475619725056e+07   1.9762190137479021e+04   9.9934126032875092e-01
  5.5152950911430060e+05   6.6183541093716065e-04   5.9960316139527887e+07   1.9841930236064130e+04   9.9933860232546479e-01
  5.5375639408981567e+05   6.6450767290777881e-04   5.9960156016258463e+07   1.9921991870776510e+04   9.9933593360430772e-01
  5.5599227045493515e+05   6.6719072454592219e-04   5.9959995247327179e+07   2.0002376336418012e+04   9.9933325412211960e-01
  5.5823717451377236e+05   6.6988460941652683e-04   5.9959833830134034e+07   2.0083084932990474e+04   9.9933056383556729e-01
  5.6049114271702408e+05   6.7258937126042889e-04   5.9959671762068585e+07   2.0164118965716578e+04   9.9932786270114304e-01
  5.6275421166256571e+05   6.7530505399507877e-04   5.9959509040509894e+07   2.0245479745060853e+04   9.9932515067516492e-01
  5.6502641809603770e+05   6.7803170171524521e-04   5.9959345662826508e+07   2.0327168586750315e+04   9.9932242771377511e-01
  5.6730779891145113e+05   6.8076935869374128e-04   5.9959181626376420e+07   2.0409186811795800e+04   9.9931969377294039e-01
  5.6959839115177770e+05   6.8351806938213321e-04   5.9959016928506985e+07   2.0491535746512756e+04   9.9931694880844979e-01
  5.7189823200956068e+05   6.8627787841147279e-04   5.9958851566554926e+07   2.0574216722542751e+04   9.9931419277591549e-01
  5.7420735882751015e+05   6.8904883059301217e-04   5.9958685537846267e+07   2.0657231076874443e+04   9.9931142563077113e-01
  5.7652580909911322e+05   6.9183097091893579e-04   5.9958518839696288e+07   2.0740580151865077e+04   9.9930864732827152e-01
  5.7885362046924606e+05   6.9462434456309520e-04   5.9958351469409488e+07   2.0824265295262019e+04   9.9930585782349146e-01
  5.8119083073477750e+05   6.9742899688173291e-04   5.9958183424279563e+07   2.0908287860224013e+04   9.9930305707132605e-01
  5.8353747784519126e+05   7.0024497341422947e-04   5.9958014701589324e+07   2.0992649205343092e+04   9.9930024502648873e-01
  5.8589359990319354e+05   7.0307231988383221e-04   5.9957845298610680e+07   2.1077350694665955e+04   9.9929742164351132e-01
  5.8825923516534059e+05   7.0591108219840871e-04   5.9957675212604582e+07   2.1162393697716088e+04   9.9929458687674300e-01
  5.9063442204265203e+05   7.0876130645118238e-04   5.9957504440820985e+07   2.1247779589515318e+04   9.9929174068034976e-01
  5.9301919910123770e+05   7.1162303892148516e-04   5.9957332980498806e+07   2.1333509750605866e+04   9.9928888300831342e-01
  5.9541360506292747e+05   7.1449632607551296e-04   5.9957160828865878e+07   2.1419585567072550e+04   9.9928601381443127e-01
  5.9781767880589329e+05   7.1738121456707191e-04   5.9956987983138889e+07   2.1506008430564649e+04   9.9928313305231486e-01
  6.0023145936528349e+05   7.2027775123834016e-04   5.9956814440523379e+07   2.1592779738318204e+04   9.9928024067538967e-01
  6.0265498593386041e+05   7.2318598312063242e-04   5.9956640198213659e+07   2.1679900893178485e+04   9.9927733663689433e-01
  6.0508829786262824e+05   7.2610595743515384e-04   5.9956465253392771e+07   2.1767373303622040e+04   9.9927442088987950e-01
  6.0753143466148200e+05   7.2903772159377831e-04   5.9956289603232458e+07   2.1855198383779563e+04   9.9927149338720767e-01
  6.0998443599983898e+05   7.3198132319980680e-04   5.9956113244893096e+07   2.1943377553458049e+04   9.9926855408155157e-01
  6.1244734170729259e+05   7.3493681004875111e-04   5.9955936175523691e+07   2.2031912238163841e+04   9.9926560292539490e-01
  6.1492019177425082e+05   7.3790423012910094e-04   5.9955758392261766e+07   2.2120803869125048e+04   9.9926263987102948e-01
  6.1740302635258902e+05   7.4088363162310680e-04   5.9955579892233387e+07   2.2210053883314493e+04   9.9925966487055640e-01
  6.1989588575630565e+05   7.4387506290756670e-04   5.9955400672553062e+07   2.2299663723472786e+04   9.9925667787588435e-01
  6.2239881046216795e+05   7.4687857255460147e-04   5.9955220730323754e+07   2.2389634838131027e+04   9.9925367883872929e-01
  6.2491184111037944e+05   7.4989420933245531e-04   5.9955040062636748e+07   2.2479968681634229e+04   9.9925066771061244e-01
  6.2743501850523113e+05   7.5292202220627734e-04   5.9954858666571684e+07   2.2570666714164250e+04   9.9924764444286140e-01
  6.2996838361576723e+05   7.5596206033892060e-04   5.9954676539196484e+07   2.2661730401763161e+04   9.9924460898660805e-01
  6.3251197757645475e+05   7.5901437309174567e-04   5.9954493677567303e+07   2.2753161216356784e+04   9.9924156129278840e-01
  6.3506584168784251e+05   7.6207901002541098e-04   5.9954310078728460e+07   2.2844960635777850e+04   9.9923850131214098e-01
  6.3763001741724135e+05   7.6515602090068962e-04   5.9954125739712432e+07   2.2937130143789887e+04   9.9923542899520723e-01
  6.4020454639938916e+05   7.6824545567926697e-04   5.9953940657539800e+07   2.3029671230110594e+04   9.9923234429232999e-01
  6.4278947043713043e+05   7.7134736452455651e-04   5.9953754829219148e+07   2.3122585390435692e+04   9.9922924715365247e-01
  6.4538483150209882e+05   7.7446179780251854e-04   5.9953568251747087e+07   2.3215874126462921e+04   9.9922613752911815e-01
  6.4799067173538986e+05   7.7758880608246777e-04   5.9953380922108181e+07   2.3309538945915654e+04   9.9922301536846969e-01
  6.5060703344825539e+05   7.8072844013790644e-04   5.9953192837274887e+07   2.3403581362567260e+04   9.9921988062124811e-01
  6.5323395912278001e+05   7.8388075094733593e-04   5.9953003994207487e+07   2.3498002896264894e+04   9.9921673323679139e-01
  6.5587149141258164e+05   7.8704578969509794e-04   5.9952814389854103e+07   2.3592805072954077e+04   9.9921357316423509e-01
  6.5851967314349487e+05   7.9022360777219385e-04   5.9952624021150611e+07   2.3687989424702664e+04   9.9921040035251019e-01
  6.6117854731426993e+05   7.9341425677712386e-04   5.9952432885020562e+07   2.3783557489725397e+04   9.9920721475034269e-01
  6.6384815709727537e+05   7.9661778851673043e-04   5.9952240978375204e+07   2.3879510812408578e+04   9.9920401630625344e-01
  6.6652854583919060e+05   7.9983425500702865e-04   5.9952048298113346e+07   2.3975850943334350e+04   9.9920080496855579e-01
  6.6921975706171384e+05   8.0306370847405657e-04   5.9951854841121405e+07   2.4072579439305540e+04   9.9919758068535680e-01
  6.7192183446227317e+05   8.0630620135472772e-04   5.9951660604273282e+07   2.4169697863370635e+04   9.9919434340455471e-01
  6.7463482191472582e+05   8.0956178629767095e-04   5.9951465584430322e+07   2.4267207784848277e+04   9.9919109307383869e-01
  6.7735876347008254e+05   8.1283051616409905e-04   5.9951269778441317e+07   2.4365110779352704e+04   9.9918782964068864e-01
  6.8009370335721073e+05   8.1611244402865284e-04   5.9951073183142379e+07   2.4463408428818380e+04   9.9918455305237297e-01
  6.8283968598356447e+05   8.1940762318027732e-04   5.9950875795356959e+07   2.4562102321525635e+04   9.9918126325594936e-01
  6.8559675593589549e+05   8.2271610712307455e-04   5.9950677611895770e+07   2.4661194052125578e+04   9.9917796019826288e-01
  6.8836495798098156e+05   8.2603794957717780e-04   5.9950478629556693e+07   2.4760685221665615e+04   9.9917464382594490e-01
  6.9114433706635691e+05   8.2937320447962822e-04   5.9950278845124789e+07   2.4860577437615113e+04   9.9917131408541315e-01
  6.9393493832103314e+05   8.3272192598523968e-04   5.9950078255372234e+07   2.4960872313890610e+04   9.9916797092287057e-01
  6.9673680705624260e+05   8.3608416846749111e-04   5.9949876857058249e+07   2.5061571470881925e+04   9.9916461428430414e-01
  6.9954998876616464e+05   8.3945998651939750e-04   5.9949674646929055e+07   2.5162676535477574e+04   9.9916124411548424e-01
  7.0237452912866813e+05   8.4284943495440171e-04   5.9949471621717840e+07   2.5264189141090817e+04   9.9915786036196397e-01
  7.0521047400605760e+05   8.4625256880726911e-04   5.9949267778144650e+07   2.5366110927685782e+04   9.9915446296907751e-01
  7.0805786944580812e+05   8.4966944333496970e-04   5.9949063112916417e+07   2.5468443541803237e+04   9.9915105188194031e-01
  7.1091676168132410e+05   8.5310011401758886e-04   5.9948857622726843e+07   2.5571188636587143e+04   9.9914762704544735e-01
  7.1378719713268022e+05   8.5654463655921624e-04   5.9948651304256395e+07   2.5674347871810649e+04   9.9914418840427321e-01
  7.1666922240737919e+05   8.6000306688885494e-04   5.9948444154172212e+07   2.5777922913902592e+04   9.9914073590287023e-01
  7.1956288430111308e+05   8.6347546116133562e-04   5.9948236169128068e+07   2.5881915435974177e+04   9.9913726948546777e-01
  7.2246822979851300e+05   8.6696187575821559e-04   5.9948027345764332e+07   2.5986327117845234e+04   9.9913378909607220e-01
  7.2538530607392325e+05   8.7046236728870782e-04   5.9947817680707879e+07   2.6091159646071326e+04   9.9913029467846470e-01
  7.2831416049215640e+05   8.7397699259058768e-04   5.9947607170572080e+07   2.6196414713970182e+04   9.9912678617620132e-01
  7.3125484060927317e+05   8.7750580873112774e-04   5.9947395811956719e+07   2.6302094021648969e+04   9.9912326353261194e-01
  7.3420739417334506e+05   8.8104887300801402e-04   5.9947183601447955e+07   2.6408199276031031e+04   9.9911972669079929e-01
  7.3717186912523350e+05   8.8460624295028014e-04   5.9946970535618253e+07   2.6514732190883118e+04   9.9911617559363752e-01
  7.4014831359937298e+05   8.8817797631924754e-04   5.9946756611026324e+07   2.6621694486842840e+04   9.9911261018377207e-01
  7.4313677592454373e+05   8.9176413110945247e-04   5.9946541824217126e+07   2.6729087891445641e+04   9.9910903040361876e-01
  7.4613730462466099e+05   8.9536476554959317e-04   5.9946326171721712e+07   2.6836914139152450e+04   9.9910543619536185e-01
  7.4914994841956696e+05   8.9897993810348037e-04   5.9946109650057256e+07   2.6945174971377382e+04   9.9910182750095422e-01
  7.5217475622581190e+05   9.0260970747097424e-04   5.9945892255726986e+07   2.7053872136515063e+04   9.9909820426211637e-01
  7.5521177715746011e+05   9.0625413258895208e-04   5.9945673985220082e+07   2.7163007389968789e+04   9.9909456642033467e-01
  7.5826106052687520e+05   9.0991327263225015e-04   5.9945454835011661e+07   2.7272582494178027e+04   9.9909091391686100e-01
  7.6132265584553336e+05   9.1358718701463999e-04   5.9945234801562726e+07   2.7382599218646821e+04   9.9908724669271209e-01
  7.6439661282481649e+05   9.1727593538977979e-04   5.9945013881320074e+07   2.7493059339971525e+04   9.9908356468866788e-01
  7.6748298137682327e+05   9.2097957765218785e-04   5.9944792070716284e+07   2.7603964641869177e+04   9.9907986784527136e-01
  7.7058181161518535e+05   9.2469817393822239e-04   5.9944569366169609e+07   2.7715316915206000e+04   9.9907615610282685e-01
  7.7369315385586920e+05   9.2843178462704299e-04   5.9944345764083967e+07   2.7827117958025428e+04   9.9907242940139940e-01
  7.7681705861800630e+05   9.3218047034160747e-04   5.9944121260848857e+07   2.7939369575577151e+04   9.9906868768081425e-01
  7.7995357662470208e+05   9.3594429194964249e-04   5.9943895852839328e+07   2.8052073580345335e+04   9.9906493088065551e-01
  7.8310275880386413e+05   9.3972331056463689e-04   5.9943669536415860e+07   2.8165231792077575e+04   9.9906115894026437e-01
  7.8626465628903406e+05   9.4351758754684088e-04   5.9943442307924390e+07   2.8278846037813957e+04   9.9905737179873988e-01
  7.8943932042020687e+05   9.4732718450424823e-04   5.9943214163696192e+07   2.8392918151915674e+04   9.9905356939493650e-01
  7.9262680274467682e+05   9.5115216329361217e-04   5.9942985100047827e+07   2.8507449976094562e+04   9.9904975166746379e-01
  7.9582715501786361e+05   9.5499258602143623e-04   5.9942755113281131e+07   2.8622443359441950e+04   9.9904591855468550e-01
  7.9904042920415709e+05   9.5884851504498842e-04   5.9942524199683100e+07   2.8737900158458146e+04   9.9904206999471834e-01
  8.0226667747776653e+05   9.6272001297331982e-04   5.9942292355525859e+07   2.8853822237082120e+04   9.9903820592543102e-01
  8.0550595222355588e+05   9.6660714266826704e-04   5.9942059577066578e+07   2.8970211466720608e+04   9.9903432628444300e-01
  8.0875830603790772e+05   9.7050996724548926e-04   5.9941825860547461e+07   2.9087069726278296e+04   9.9903043100912436e-01
  8.1202379172956361e+05   9.7442855007547633e-04   5.9941591202195644e+07   2.9204398902187142e+04   9.9902652003659409e-01
  8.1530246232049563e+05   9.7836295478459468e-04   5.9941355598223142e+07   2.9322200888436782e+04   9.9902259330371901e-01
  8.1859437104675476e+05   9.8231324525610564e-04   5.9941119044826806e+07   2.9440477586604124e+04   9.9901865074711338e-01
  8.2189957135934115e+05   9.8627948563120935e-04   5.9940881538188256e+07   2.9559230905883709e+04   9.9901469230313755e-01
  8.2521811692507612e+05   9.9026174031009132e-04   5.9940643074473791e+07   2.9678462763118147e+04   9.9901071790789653e-01
  8.2855006162746425e+05   9.9426007395295711e-04   5.9940403649834365e+07   2.9798175082828140e+04   9.9900672749723940e-01
  8.3189545956757315e+05   9.9827455148108774e-04   5.9940163260405533e+07   2.9918369797243187e+04   9.9900272100675891e-01
  8.3525436506491655e+05   1.0023052380778998e-03   5.9939921902307354e+07   3.0039048846332378e+04   9.9899869837178923e-01
  8.3862683265832486e+05   1.0063521991899899e-03   5.9939679571644351e+07   3.0160214177834732e+04   9.9899465952740585e-01
  8.4201291710684425e+05   1.0104155005282130e-03   5.9939436264505431e+07   3.0281867747290526e+04   9.9899060440842380e-01
  8.4541267339061224e+05   1.0144952080687346e-03   5.9939191976963878e+07   3.0404011518071835e+04   9.9898653294939799e-01
  8.4882615671176359e+05   1.0185913880541163e-03   5.9938946705077194e+07   3.0526647461414072e+04   9.9898244508461986e-01
  8.5225342249531532e+05   1.0227041069943783e-03   5.9938700444887124e+07   3.0649777556446854e+04   9.9897834074811875e-01
  8.5569452639007126e+05   1.0268334316680854e-03   5.9938453192419566e+07   3.0773403790225490e+04   9.9897421987365942e-01
  8.5914952426953102e+05   1.0309794291234371e-03   5.9938204943684489e+07   3.0897528157762648e+04   9.9897008239474150e-01
  8.6261847223278705e+05   1.0351421666793443e-03   5.9937955694675900e+07   3.1022152662059623e+04   9.9896592824459829e-01
  8.6610142660544021e+05   1.0393217119265281e-03   5.9937705441371746e+07   3.1147279314138174e+04   9.9896175735619575e-01
  8.6959844394051819e+05   1.0435181327286217e-03   5.9937454179733872e+07   3.1272910133072550e+04   9.9895756966223126e-01
  8.7310958101939026e+05   1.0477314972232683e-03   5.9937201905707985e+07   3.1399047146021316e+04   9.9895336509513311e-01
  8.7663489485268563e+05   1.0519618738232227e-03   5.9936948615223497e+07   3.1525692388259304e+04   9.9894914358705833e-01
  8.8017444268122269e+05   1.0562093312174671e-03   5.9936694304193601e+07   3.1652847903209989e+04   9.9894490506989331e-01
  8.8372828197694360e+05   1.0604739383723322e-03   5.9936438968515068e+07   3.1780515742477994e+04   9.9894064947525119e-01
  8.8729647044383723e+05   1.0647557645326047e-03   5.9936182604068257e+07   3.1908697965881191e+04   9.9893637673447100e-01
  8.9087906601888081e+05   1.0690548792226570e-03   5.9935925206717059e+07   3.2037396641483498e+04   9.9893208677861767e-01
  8.9447612687298667e+05   1.0733713522475840e-03   5.9935666772308767e+07   3.2166613845627766e+04   9.9892777953847944e-01
  8.9808771141193388e+05   1.0777052536943205e-03   5.9935407296674088e+07   3.2296351662968238e+04   9.9892345494456813e-01
  9.0171387827733078e+05   1.0820566539327969e-03   5.9935146775627017e+07   3.2426612186503960e+04   9.9891911292711699e-01
  9.0535468634755316e+05   1.0864256236170638e-03   5.9934885204964794e+07   3.2557397517611451e+04   9.9891475341607994e-01
  9.0901019473871461e+05   1.0908122336864574e-03   5.9934622580467857e+07   3.2688709766078424e+04   9.9891037634113100e-01
  9.1268046280561341e+05   1.0952165553667361e-03   5.9934358897899747e+07   3.2820551050136673e+04   9.9890598163166244e-01
  9.1636555014270218e+05   1.0996386601712425e-03   5.9934094153007023e+07   3.2952923496495830e+04   9.9890156921678375e-01
  9.2006551658506063e+05   1.1040786199020727e-03   5.9933828341519259e+07   3.3085829240377119e+04   9.9889713902532096e-01
  9.2378042220935633e+05   1.1085365066512275e-03   5.9933561459148929e+07   3.3219270425546762e+04   9.9889269098581546e-01
  9.2751032733482553e+05   1.1130123928017907e-03   5.9933293501591317e+07   3.3353249204350039e+04   9.9888822502652197e-01
  9.3125529252425826e+05   1.1175063510291100e-03   5.9933024464524530e+07   3.3487767737745547e+04   9.9888374107540878e-01
  9.3501537858496851e+05   1.1220184543019622e-03   5.9932754343609340e+07   3.3622828195338843e+04   9.9887923906015563e-01
  9.3879064656979707e+05   1.1265487758837563e-03   5.9932483134489179e+07   3.3758432755417292e+04   9.9887471890815294e-01
  9.4258115777808672e+05   1.1310973893337039e-03   5.9932210832790054e+07   3.3894583604983942e+04   9.9887018054650090e-01
  9.4638697375669400e+05   1.1356643685080327e-03   5.9931937434120432e+07   3.4031282939792625e+04   9.9886562390200717e-01
  9.5020815630097408e+05   1.1402497875611689e-03   5.9931662934071258e+07   3.4168532964382124e+04   9.9886104890118765e-01
  9.5404476745579066e+05   1.1448537209469488e-03   5.9931387328215793e+07   3.4306335892111303e+04   9.9885645547026325e-01
  9.5789686951652879e+05   1.1494762434198344e-03   5.9931110612109631e+07   3.4444693945194143e+04   9.9885184353516054e-01
  9.6176452503009292e+05   1.1541174300361114e-03   5.9930832781290546e+07   3.4583609354734472e+04   9.9884721302150914e-01
  9.6564779679593781e+05   1.1587773561551253e-03   5.9930553831278495e+07   3.4723084360761626e+04   9.9884256385464154e-01
  9.6954674786707340e+05   1.1634560974404880e-03   5.9930273757575490e+07   3.4863121212265403e+04   9.9883789595959149e-01
  9.7346144155110291e+05   1.1681537298613234e-03   5.9929992555665560e+07   3.5003722167232001e+04   9.9883320926109265e-01
  9.7739194141123851e+05   1.1728703296934862e-03   5.9929710221014656e+07   3.5144889492679256e+04   9.9882850368357756e-01
  9.8133831126733823e+05   1.1776059735208058e-03   5.9929426749070637e+07   3.5286625464692552e+04   9.9882377915117726e-01
  9.8530061519694852e+05   1.1823607382363381e-03   5.9929142135263093e+07   3.5428932368461035e+04   9.9881903558771823e-01
  9.8927891753633274e+05   1.1871347010435993e-03   5.9928856375003397e+07   3.5571812498313200e+04   9.9881427291672331e-01
  9.9327328288152197e+05   1.1919279394578264e-03   5.9928569463684522e+07   3.5715268157753322e+04   9.9880949106140871e-01
  9.9728377608936955e+05   1.1967405313072434e-03   5.9928281396681026e+07   3.5859301659498000e+04   9.9880468994468374e-01
  1.0013104622785904e+06   1.2015725547343085e-03   5.9927992169348992e+07   3.6003915325512135e+04   9.9879986948914989e-01
  1.0053534068308341e+06   1.2064240881970009e-03   5.9927701777025923e+07   3.6149111487046124e+04   9.9879502961709876e-01
  1.0094126753917306e+06   1.2112952104700767e-03   5.9927410215030685e+07   3.6294892484672091e+04   9.9879017025051142e-01
  1.0134883338719726e+06   1.2161860006463670e-03   5.9927117478663377e+07   3.6441260668321302e+04   9.9878529131105631e-01
  1.0175804484483708e+06   1.2210965381380448e-03   5.9926823563205384e+07   3.6588218397320736e+04   9.9878039272008978e-01
  1.0216890855649350e+06   1.2260269026779218e-03   5.9926528463919155e+07   3.6735768040430565e+04   9.9877547439865255e-01
  1.0258143119339594e+06   1.2309771743207513e-03   5.9926232176048256e+07   3.6883911975881572e+04   9.9877053626747092e-01
  1.0299561945370926e+06   1.2359474334445110e-03   5.9925934694817193e+07   3.7032652591412341e+04   9.9876557824695322e-01
  1.0341148006264323e+06   1.2409377607517187e-03   5.9925636015431404e+07   3.7181992284307002e+04   9.9876060025719005e-01
  1.0382901977256207e+06   1.2459482372707447e-03   5.9925336133077160e+07   3.7331933461433175e+04   9.9875560221795268e-01
  1.0424824536309375e+06   1.2509789443571249e-03   5.9925035042921461e+07   3.7482478539279808e+04   9.9875058404869099e-01
  1.0466916364123955e+06   1.2560299636948746e-03   5.9924732740112029e+07   3.7633629943994994e+04   9.9874554566853380e-01
  1.0509178144148511e+06   1.2611013772978214e-03   5.9924429219777174e+07   3.7785390111424414e+04   9.9874048699628626e-01
  1.0551610562591197e+06   1.2661932675109436e-03   5.9924124477025717e+07   3.7937761487149874e+04   9.9873540795042859e-01
  1.0594214308430771e+06   1.2713057170116926e-03   5.9923818506946959e+07   3.8090746526527393e+04   9.9873030844911592e-01
  1.0636990073427856e+06   1.2764388088113427e-03   5.9923511304610565e+07   3.8244347694726101e+04   9.9872518841017610e-01
  1.0679938552136221e+06   1.2815926262563465e-03   5.9923202865066491e+07   3.8398567466767221e+04   9.9872004775110823e-01
  1.0723060441913919e+06   1.2867672530296702e-03   5.9922893183344901e+07   3.8553408327562560e+04   9.9871488638908168e-01
  1.0766356442934785e+06   1.2919627731521740e-03   5.9922582254456110e+07   3.8708872771954229e+04   9.9870970424093519e-01
  1.0809827258199614e+06   1.2971792709839537e-03   5.9922270073390514e+07   3.8864963304753190e+04   9.9870450122317522e-01
  1.0853473593547775e+06   1.3024168312257330e-03   5.9921956635118462e+07   3.9021682440779434e+04   9.9869927725197438e-01
  1.0897296157668498e+06   1.3076755389202198e-03   5.9921641934590213e+07   3.9179032704900907e+04   9.9869403224317022e-01
  1.0941295662112457e+06   1.3129554794534949e-03   5.9921325966735877e+07   3.9337016632073493e+04   9.9868876611226465e-01
  1.0985472821303387e+06   1.3182567385564064e-03   5.9921008726465262e+07   3.9495636767381104e+04   9.9868347877442110e-01
  1.1029828352549553e+06   1.3235794023059464e-03   5.9920690208667874e+07   3.9654895666075274e+04   9.9867817014446458e-01
  1.1074362976055457e+06   1.3289235571266548e-03   5.9920370408212788e+07   3.9814795893615526e+04   9.9867284013687985e-01
  1.1119077414933613e+06   1.3342892897920335e-03   5.9920049319948606e+07   3.9975340025710007e+04   9.9866748866581012e-01
  1.1163972395216112e+06   1.3396766874259334e-03   5.9919726938703299e+07   4.0136530648355365e+04   9.9866211564505503e-01
  1.1209048645866613e+06   1.3450858375039934e-03   5.9919403259284265e+07   4.0298370357878048e+04   9.9865672098807112e-01
  1.1254306898791976e+06   1.3505168278550371e-03   5.9919078276478074e+07   4.0460861760974534e+04   9.9865130460796792e-01
  1.1299747888854349e+06   1.3559697466625218e-03   5.9918751985050514e+07   4.0624007474752827e+04   9.9864586641750852e-01
  1.1345372353882918e+06   1.3614446824659501e-03   5.9918424379746474e+07   4.0787810126773111e+04   9.9864040632910789e-01
  1.1391181034685979e+06   1.3669417241623173e-03   5.9918095455289841e+07   4.0952272355089241e+04   9.9863492425483069e-01
  1.1437174675063014e+06   1.3724609610075615e-03   5.9917765206383437e+07   4.1117396808290367e+04   9.9862942010639066e-01
  1.1483354021816649e+06   1.3780024826179978e-03   5.9917433627708942e+07   4.1283186145542168e+04   9.9862389379514904e-01
  1.1529719824764833e+06   1.3835663789717799e-03   5.9917100713926762e+07   4.1449643036628710e+04   9.9861834523211268e-01
  1.1576272836753074e+06   1.3891527404103689e-03   5.9916766459676035e+07   4.1616770161994682e+04   9.9861277432793394e-01
  1.1623013813666601e+06   1.3947616576399922e-03   5.9916430859574445e+07   4.1784570212787199e+04   9.9860718099290746e-01
  1.1669943514442607e+06   1.4003932217331128e-03   5.9916093908218227e+07   4.1953045890897905e+04   9.9860156513697040e-01
  1.1717062701082600e+06   1.4060475241299119e-03   5.9915755600182012e+07   4.2122199909005598e+04   9.9859592666970021e-01
  1.1764372138664867e+06   1.4117246566397840e-03   5.9915415930018790e+07   4.2292034990619002e+04   9.9859026550031316e-01
  1.1811872595356738e+06   1.4174247114428086e-03   5.9915074892259784e+07   4.2462553870118994e+04   9.9858458153766305e-01
  1.1859564842427142e+06   1.4231477810912570e-03   5.9914732481414415e+07   4.2633759292801813e+04   9.9857887469024020e-01
  1.1907449654259190e+06   1.4288939585111028e-03   5.9914388691970177e+07   4.2805654014922278e+04   9.9857314486616966e-01
  1.1955527808362592e+06   1.4346633370035111e-03   5.9914043518392555e+07   4.2978240803736546e+04   9.9856739197320921e-01
  1.2003800085386469e+06   1.4404560102463761e-03   5.9913696955124922e+07   4.3151522437546097e+04   9.9856161591874870e-01
  1.2052267269131830e+06   1.4462720722958195e-03   5.9913348996588543e+07   4.3325501705740637e+04   9.9855581660980908e-01
  1.2100930146564508e+06   1.4521116175877410e-03   5.9912999637182325e+07   4.3500181408842553e+04   9.9854999395303878e-01
  1.2149789507827752e+06   1.4579747409393302e-03   5.9912648871282920e+07   4.3675564358550153e+04   9.9854414785471535e-01
  1.2198846146255133e+06   1.4638615375506159e-03   5.9912296693244457e+07   4.3851653377782022e+04   9.9853827822074093e-01
  1.2248100858383507e+06   1.4697721030060209e-03   5.9911943097398572e+07   4.4028451300721565e+04   9.9853238495664287e-01
  1.2297554443965794e+06   1.4757065332758953e-03   5.9911588078054294e+07   4.4205960972860783e+04   9.9852646796757161e-01
  1.2347207705984036e+06   1.4816649247180844e-03   5.9911231629497938e+07   4.4384185251045186e+04   9.9852052715829898e-01
  1.2397061450662517e+06   1.4876473740795021e-03   5.9910873745992988e+07   4.4563127003518821e+04   9.9851456243321646e-01
  1.2447116487480674e+06   1.4936539784976808e-03   5.9910514421780080e+07   4.4742789109968558e+04   9.9850857369633461e-01
  1.2497373629186442e+06   1.4996848355023731e-03   5.9910153651076876e+07   4.4923174461569884e+04   9.9850256085128131e-01
  1.2547833691809247e+06   1.5057400430171096e-03   5.9909791428077959e+07   4.5104285961031404e+04   9.9849652380129927e-01
  1.2598497494673464e+06   1.5118196993608155e-03   5.9909427746954739e+07   4.5286126522641134e+04   9.9849046244924566e-01
  1.2649365860411536e+06   1.5179239032493844e-03   5.9909062601855397e+07   4.5468699072311363e+04   9.9848437669758994e-01
  1.2700439614977413e+06   1.5240527537972895e-03   5.9908695986904770e+07   4.5652006547624755e+04   9.9847826644841287e-01
  1.2751719587660038e+06   1.5302063505192045e-03   5.9908327896204256e+07   4.5836051897880629e+04   9.9847213160340431e-01
  1.2803206611096659e+06   1.5363847933315990e-03   5.9907958323831744e+07   4.6020838084140487e+04   9.9846597206386245e-01
  1.2854901521286417e+06   1.5425881825543700e-03   5.9907587263841473e+07   4.6206368079274624e+04   9.9845978773069122e-01
  1.2906805157603987e+06   1.5488166189124783e-03   5.9907214710263997e+07   4.6392644868008851e+04   9.9845357850439997e-01
  1.2958918362813152e+06   1.5550702035375783e-03   5.9906840657106079e+07   4.6579671446970970e+04   9.9844734428510129e-01
  1.3011241983080418e+06   1.5613490379696501e-03   5.9906465098350540e+07   4.6767450824737381e+04   9.9844108497250905e-01
  1.3063776867988827e+06   1.5676532241586591e-03   5.9906088027956262e+07   4.6955986021880410e+04   9.9843480046593769e-01
  1.3116523870551824e+06   1.5739828644662187e-03   5.9905709439857990e+07   4.7145280071015710e+04   9.9842849066429984e-01
  1.3169483847226936e+06   1.5803380616672322e-03   5.9905329327966325e+07   4.7335336016849113e+04   9.9842215546610547e-01
  1.3222657657929782e+06   1.5867189189515739e-03   5.9904947686167575e+07   4.7526156916224565e+04   9.9841579476945963e-01
  1.3276046166048094e+06   1.5931255399257711e-03   5.9904564508323669e+07   4.7717745838172043e+04   9.9840940847206117e-01
  1.3329650238455557e+06   1.5995580286146669e-03   5.9904179788272105e+07   4.7910105863954923e+04   9.9840299647120179e-01
  1.3383470745526105e+06   1.6060164894631326e-03   5.9903793519825779e+07   4.8103240087118844e+04   9.9839655866376298e-01
  1.3437508561147824e+06   1.6125010273377388e-03   5.9903405696772940e+07   4.8297151613539230e+04   9.9839009494621567e-01
  1.3491764562737374e+06   1.6190117475284847e-03   5.9903016312877074e+07   4.8491843561470596e+04   9.9838360521461789e-01
  1.3546239631254033e+06   1.6255487557504838e-03   5.9902625361876830e+07   4.8687319061594484e+04   9.9837708936461389e-01
  1.3600934651214087e+06   1.6321121581456904e-03   5.9902232837485880e+07   4.8883581257068719e+04   9.9837054729143138e-01
  1.3655850510705276e+06   1.6387020612846331e-03   5.9901838733392864e+07   4.9080633303576644e+04   9.9836397888988104e-01
  1.3710988101401047e+06   1.6453185721681256e-03   5.9901443043261260e+07   4.9278478369375822e+04   9.9835738405435437e-01
  1.3766348318575115e+06   1.6519617982290137e-03   5.9901045760729328e+07   4.9477119635347772e+04   9.9835076267882217e-01
  1.3821932061116085e+06   1.6586318473339303e-03   5.9900646879409924e+07   4.9676560295047901e+04   9.9834411465683204e-01
  1.3877740231541847e+06   1.6653288277850215e-03   5.9900246392890513e+07   4.9876803554754501e+04   9.9833743988150858e-01
  1.3933773736014464e+06   1.6720528483217356e-03   5.9899844294732980e+07   5.0077852633519702e+04   9.9833073824554963e-01
  1.3990033484354648e+06   1.6788040181225576e-03   5.9899440578473583e+07   5.0279710763218740e+04   9.9832400964122636e-01
  1.4046520390056770e+06   1.6855824468068124e-03   5.9899035237622820e+07   5.0482381188601190e+04   9.9831725396038029e-01
  1.4103235370303486e+06   1.6923882444364181e-03   5.9898628265665345e+07   5.0685867167340810e+04   9.9831047109442239e-01
  1.4160179345980717e+06   1.6992215215176859e-03   5.9898219656059846e+07   5.0890171970086602e+04   9.9830366093433076e-01
  1.4217353241692693e+06   1.7060823890031232e-03   5.9897809402238987e+07   5.1095298880514121e+04   9.9829682337064984e-01
  1.4274757985776784e+06   1.7129709582932140e-03   5.9897397497609265e+07   5.1301251195375953e+04   9.9828995829348777e-01
  1.4332394510318667e+06   1.7198873412382399e-03   5.9896983935550913e+07   5.1508032224553404e+04   9.9828306559251523e-01
  1.4390263751167515e+06   1.7268316501401018e-03   5.9896568709417805e+07   5.1715645291108245e+04   9.9827614515696339e-01
  1.4448366647951137e+06   1.7338039977541364e-03   5.9896151812537350e+07   5.1924093731334237e+04   9.9826919687562254e-01
  1.4506704144091171e+06   1.7408044972909405e-03   5.9895733238210402e+07   5.2133380894808834e+04   9.9826222063684000e-01
  1.4565277186818470e+06   1.7478332624182163e-03   5.9895312979711130e+07   5.2343510144445579e+04   9.9825521632851888e-01
  1.4624086727188560e+06   1.7548904072626271e-03   5.9894891030286931e+07   5.2554484856546704e+04   9.9824818383811553e-01
  1.4683133720096915e+06   1.7619760464116297e-03   5.9894467383158311e+07   5.2766308420855035e+04   9.9824112305263857e-01
  1.4742419124294545e+06   1.7690902949153453e-03   5.9894042031518802e+07   5.2978984240607082e+04   9.9823403385864673e-01
  1.4801943902403652e+06   1.7762332682884380e-03   5.9893614968534842e+07   5.3192515732586209e+04   9.9822691614224734e-01
  1.4861709020933053e+06   1.7834050825119663e-03   5.9893186187345669e+07   5.3406906327175100e+04   9.9821976978909444e-01
  1.4921715450294113e+06   1.7906058540352935e-03   5.9892755681063205e+07   5.3622159468409867e+04   9.9821259468438672e-01
  1.4981964164816265e+06   1.7978356997779517e-03   5.9892323442771949e+07   5.3838278614032854e+04   9.9820539071286585e-01
  1.5042456142763062e+06   1.8050947371315673e-03   5.9891889465528928e+07   5.4055267235547100e+04   9.9819815775881549e-01
  1.5103192366347860e+06   1.8123830839617430e-03   5.9891453742363483e+07   5.4273128818269572e+04   9.9819089570605801e-01
  1.5164173821749846e+06   1.8197008586099813e-03   5.9891016266277254e+07   5.4491866861385693e+04   9.9818360443795418e-01
  1.5225401499130153e+06   1.8270481798956183e-03   5.9890577030244008e+07   5.4711484878003961e+04   9.9817628383740009e-01
  1.5286876392647747e+06   1.8344251671177296e-03   5.9890136027209595e+07   5.4931986395209904e+04   9.9816893378682658e-01
  1.5348599500475668e+06   1.8418319400570801e-03   5.9889693250091776e+07   5.5153374954121107e+04   9.9816155416819630e-01
  1.5410571824817320e+06   1.8492686189780783e-03   5.9889248691780135e+07   5.5375654109942581e+04   9.9815414486300225e-01
  1.5472794371922535e+06   1.8567353246307042e-03   5.9888802345135979e+07   5.5598827432021164e+04   9.9814670575226627e-01
  1.5535268152104157e+06   1.8642321782524989e-03   5.9888354202992208e+07   5.5822898503901786e+04   9.9813923671653682e-01
  1.5597994179754199e+06   1.8717593015705038e-03   5.9887904258153260e+07   5.6047870923382150e+04   9.9813173763588769e-01
  1.5660973473360562e+06   1.8793168168032674e-03   5.9887452503394872e+07   5.6273748302569533e+04   9.9812420838991456e-01
  1.5724207055523354e+06   1.8869048466628024e-03   5.9886998931464151e+07   5.6500534267935938e+04   9.9811664885773588e-01
  1.5787695952971585e+06   1.8945235143565900e-03   5.9886543535079271e+07   5.6728232460374689e+04   9.9810905891798785e-01
  1.5851441196579942e+06   1.9021729435895931e-03   5.9886086306929506e+07   5.6956846535257289e+04   9.9810143844882515e-01
  1.5915443821385296e+06   1.9098532585662355e-03   5.9885627239675038e+07   5.7186380162489164e+04   9.9809378732791731e-01
  1.5979704866603764e+06   1.9175645839924517e-03   5.9885166325946890e+07   5.7416837026567569e+04   9.9808610543244813e-01
  1.6044225375647333e+06   1.9253070450776799e-03   5.9884703558346741e+07   5.7648220826637706e+04   9.9807839263911236e-01
  1.6109006396141050e+06   1.9330807675369259e-03   5.9884238929446913e+07   5.7880535276550945e+04   9.9807064882411523e-01
  1.6174048979939816e+06   1.9408858775927778e-03   5.9883772431790181e+07   5.8113784104921622e+04   9.9806287386316972e-01
  1.6239354183145557e+06   1.9487225019774667e-03   5.9883304057889648e+07   5.8347971055185029e+04   9.9805506763149410e-01
  1.6304923066124469e+06   1.9565907679349364e-03   5.9882833800228707e+07   5.8583099885655800e+04   9.9804723000381179e-01
  1.6370756693524038e+06   1.9644908032228846e-03   5.9882361651260845e+07   5.8819174369585315e+04   9.9803936085434741e-01
  1.6436856134290434e+06   1.9724227361148520e-03   5.9881887603409573e+07   5.9056198295220544e+04   9.9803146005682619e-01
  1.6503222461685957e+06   1.9803866954023149e-03   5.9881411649068296e+07   5.9294175465862980e+04   9.9802352748447165e-01
  1.6569856753306233e+06   1.9883828103967479e-03   5.9880933780600168e+07   5.9533109699926623e+04   9.9801556301000283e-01
  1.6636760091097984e+06   1.9964112109317578e-03   5.9880453990338027e+07   5.9773004830998034e+04   9.9800756650563383e-01
  1.6703933561376317e+06   2.0044720273651581e-03   5.9879972270584233e+07   6.0013864707894667e+04   9.9799953784307061e-01
  1.6771378254842644e+06   2.0125653905811174e-03   5.9879488613610573e+07   6.0255693194725325e+04   9.9799147689350953e-01
  1.6839095266602149e+06   2.0206914319922577e-03   5.9879003011658132e+07   6.0498494170949045e+04   9.9798338352763549e-01
  1.6907085696181667e+06   2.0288502835417999e-03   5.9878515456937157e+07   6.0742271531435457e+04   9.9797525761561923e-01
  1.6975350647547648e+06   2.0370420777057175e-03   5.9878025941626973e+07   6.0987029186525295e+04   9.9796709902711622e-01
  1.7043891229123869e+06   2.0452669474948643e-03   5.9877534457875840e+07   6.1232771062090098e+04   9.9795890763126405e-01
  1.7112708553809540e+06   2.0535250264571447e-03   5.9877040997800842e+07   6.1479501099593210e+04   9.9795068329668069e-01
  1.7181803738997441e+06   2.0618164486796930e-03   5.9876545553487726e+07   6.1727223256150915e+04   9.9794242589146209e-01
  1.7251177906591999e+06   2.0701413487910396e-03   5.9876048116990842e+07   6.1975941504593262e+04   9.9793413528318065e-01
  1.7320832183027433e+06   2.0784998619632917e-03   5.9875548680332974e+07   6.2225659833525184e+04   9.9792581133888292e-01
  1.7390767699286104e+06   2.0868921239143323e-03   5.9875047235505261e+07   6.2476382247388225e+04   9.9791745392508768e-01
  1.7460985590917002e+06   2.0953182709100402e-03   5.9874543774466977e+07   6.2728112766522790e+04   9.9790906290778292e-01
  1.7531486998053966e+06   2.1037784397664760e-03   5.9874038289145567e+07   6.2980855427229406e+04   9.9790063815242613e-01
  1.7602273065434291e+06   2.1122727678521149e-03   5.9873530771436356e+07   6.3234614281831280e+04   9.9789217952393927e-01
  1.7673344942417440e+06   2.1208013930900929e-03   5.9873021213202544e+07   6.3489393398737273e+04   9.9788368688670903e-01
  1.7744703783003443e+06   2.1293644539604130e-03   5.9872509606275022e+07   6.3745196862503653e+04   9.9787516010458366e-01
  1.7816350745851926e+06   2.1379620895022309e-03   5.9871995942452230e+07   6.4002028773898084e+04   9.9786659904087049e-01
  1.7888286994300638e+06   2.1465944393160765e-03   5.9871480213500097e+07   6.4259893249961860e+04   9.9785800355833498e-01
  1.7960513696384630e+06   2.1552616435661556e-03   5.9870962411151879e+07   6.4518794424074295e+04   9.9784937351919800e-01
  1.8033032024854959e+06   2.1639638429825948e-03   5.9870442527107999e+07   6.4778736446015559e+04   9.9784070878513331e-01
  1.8105843157197849e+06   2.1727011788637419e-03   5.9869920553035967e+07   6.5039723482030844e+04   9.9783200921726611e-01
  1.8178948275653911e+06   2.1814737930784694e-03   5.9869396480570234e+07   6.5301759714895095e+04   9.9782327467617060e-01
  1.8252348567237130e+06   2.1902818280684555e-03   5.9868870301312074e+07   6.5564849343976472e+04   9.9781450502186786e-01
  1.8326045223754232e+06   2.1991254268505078e-03   5.9868342006829426e+07   6.5828996585301429e+04   9.9780570011382375e-01
  1.8400039441824167e+06   2.2080047330188999e-03   5.9867811588656791e+07   6.6094205671619900e+04   9.9779685981094646e-01
  1.8474332422897259e+06   2.2169198907476709e-03   5.9867279038295090e+07   6.6360480852469671e+04   9.9778798397158486e-01
  1.8548925373275033e+06   2.2258710447930039e-03   5.9866744347211540e+07   6.6627826394242657e+04   9.9777907245352571e-01
  1.8623819504129479e+06   2.2348583404955373e-03   5.9866207506839536e+07   6.6896246580249368e+04   9.9777012511399232e-01
  1.8699016031523040e+06   2.2438819237827648e-03   5.9865668508578449e+07   6.7165745710786068e+04   9.9776114180964082e-01
  1.8774516176428075e+06   2.2529419411713688e-03   5.9865127343793631e+07   6.7436328103199732e+04   9.9775212239656053e-01
  1.8850321164746818e+06   2.2620385397696180e-03   5.9864584003816120e+07   6.7707998091954840e+04   9.9774306673026869e-01
  1.8926432227331374e+06   2.2711718672797647e-03   5.9864038479942627e+07   6.7980760028700417e+04   9.9773397466571045e-01
  1.9002850600003495e+06   2.2803420720004194e-03   5.9863490763435356e+07   6.8254618282336014e+04   9.9772484605725598e-01
  1.9079577523574748e+06   2.2895493028289695e-03   5.9862940845521860e+07   6.8529577239079154e+04   9.9771568075869765e-01
  1.9156614243866748e+06   2.2987937092640094e-03   5.9862388717394963e+07   6.8805641302533113e+04   9.9770647862324935e-01
  1.9233962011731304e+06   2.3080754414077564e-03   5.9861834370212525e+07   6.9082814893754054e+04   9.9769723950354205e-01
  1.9311622083070651e+06   2.3173946499684779e-03   5.9861277795097381e+07   6.9361102451318686e+04   9.9768796325162301e-01
  1.9389595718857928e+06   2.3267514862629511e-03   5.9860718983137242e+07   6.9640508431392635e+04   9.9767864971895404e-01
  1.9467884185157758e+06   2.3361461022189307e-03   5.9860157925384425e+07   6.9921037307799153e+04   9.9766929875640709e-01
  1.9546488753146578e+06   2.3455786503775891e-03   5.9859594612855852e+07   7.0202693572086937e+04   9.9765991021426415e-01
  1.9625410699133396e+06   2.3550492838960075e-03   5.9859029036532827e+07   7.0485481733599387e+04   9.9765048394221378e-01
  1.9704651304580630e+06   2.3645581565496757e-03   5.9858461187360935e+07   7.0769406319544141e+04   9.9764101978934894e-01
  1.9784211856124643e+06   2.3741054227349569e-03   5.9857891056249902e+07   7.1054471875061514e+04   9.9763151760416502e-01
  1.9864093645596949e+06   2.3836912374716338e-03   5.9857318634073444e+07   7.1340682963295112e+04   9.9762197723455737e-01
  1.9944297970044862e+06   2.3933157564053832e-03   5.9856743911669105e+07   7.1628044165460742e+04   9.9761239852781847e-01
  2.0024826131752897e+06   2.4029791358103477e-03   5.9856166879838184e+07   7.1916560080917669e+04   9.9760278133063640e-01
  2.0105679438263613e+06   2.4126815325916334e-03   5.9855587529345550e+07   7.2206235327237970e+04   9.9759312548909251e-01
  2.0186859202398974e+06   2.4224231042878769e-03   5.9855005850919470e+07   7.2497074540277623e+04   9.9758343084865786e-01
  2.0268366742281786e+06   2.4322040090738141e-03   5.9854421835251525e+07   7.2789082374247941e+04   9.9757369725419209e-01
  2.0350203381356858e+06   2.4420244057628228e-03   5.9853835472996458e+07   7.3082263501785885e+04   9.9756392454994103e-01
  2.0432370448412604e+06   2.4518844538095122e-03   5.9853246754771978e+07   7.3376622614025953e+04   9.9755411257953297e-01
  2.0514869277602758e+06   2.4617843133123308e-03   5.9852655671158679e+07   7.3672164420672299e+04   9.9754426118597794e-01
  2.0597701208467728e+06   2.4717241450161274e-03   5.9852062212699883e+07   7.3968893650069760e+04   9.9753437021166469e-01
  2.0680867585956701e+06   2.4817041103148041e-03   5.9851466369901471e+07   7.4266815049277284e+04   9.9752443949835790e-01
  2.0764369760449121e+06   2.4917243712538942e-03   5.9850868133231744e+07   7.4565933384139236e+04   9.9751446888719575e-01
  2.0848209087776977e+06   2.5017850905332370e-03   5.9850267493121304e+07   7.4866253439359396e+04   9.9750445821868838e-01
  2.0932386929246504e+06   2.5118864315095803e-03   5.9849664439962879e+07   7.5167780018573030e+04   9.9749440733271466e-01
  2.1016904651660421e+06   2.5220285581992502e-03   5.9849058964111179e+07   7.5470517944420557e+04   9.9748431606851962e-01
  2.1101763627340249e+06   2.5322116352808296e-03   5.9848451055882789e+07   7.5774472058621759e+04   9.9747418426471313e-01
  2.1186965234148339e+06   2.5424358280978004e-03   5.9847840705555923e+07   7.6079647222048603e+04   9.9746401175926536e-01
  2.1272510855510379e+06   2.5527013026612456e-03   5.9847227903370418e+07   7.6386048314800006e+04   9.9745379838950698e-01
  2.1358401880437927e+06   2.5630082256525512e-03   5.9846612639527477e+07   7.6693680236276370e+04   9.9744354399212465e-01
  2.1444639703550898e+06   2.5733567644261077e-03   5.9845994904189520e+07   7.7002547905254134e+04   9.9743324840315861e-01
  2.1531225725100106e+06   2.5837470870120126e-03   5.9845374687480099e+07   7.7312656259960509e+04   9.9742291145800166e-01
  2.1618161350990087e+06   2.5941793621188105e-03   5.9844751979483731e+07   7.7624010258148686e+04   9.9741253299139554e-01
  2.1705447992802081e+06   2.6046537591362497e-03   5.9844126770245679e+07   7.7936614877174259e+04   9.9740211283742797e-01
  2.1793087067816649e+06   2.6151704481379976e-03   5.9843499049771890e+07   7.8250475114069821e+04   9.9739165082953152e-01
  2.1881079999036859e+06   2.6257295998844228e-03   5.9842868808028780e+07   7.8565595985621650e+04   9.9738114680047962e-01
  2.1969428215211499e+06   2.6363313858253799e-03   5.9842236034943134e+07   7.8881982528446490e+04   9.9737060058238558e-01
  2.2058133150857962e+06   2.6469759781029552e-03   5.9841600720401891e+07   7.9199639799067096e+04   9.9736001200669822e-01
  2.2147196246285914e+06   2.6576635495543094e-03   5.9840962854252040e+07   7.9518572873990473e+04   9.9734938090420067e-01
  2.2236618947620317e+06   2.6683942737144380e-03   5.9840322426300459e+07   7.9838786849783850e+04   9.9733870710500760e-01
  2.2326402706825249e+06   2.6791683248190297e-03   5.9839679426313713e+07   8.0160286843153270e+04   9.9732799043856191e-01
  2.2416548981727189e+06   2.6899858778072624e-03   5.9839033844017990e+07   8.0483077991020560e+04   9.9731723073363321e-01
  2.2507059236038821e+06   2.7008471083246584e-03   5.9838385669098817e+07   8.0807165450601547e+04   9.9730642781831358e-01
  2.2597934939382919e+06   2.7117521927259502e-03   5.9837734891201057e+07   8.1132554399485220e+04   9.9729558152001763e-01
  2.2689177567315949e+06   2.7227013080779136e-03   5.9837081499928601e+07   8.1459250035711084e+04   9.9728469166547673e-01
  2.2780788601352163e+06   2.7336946321622592e-03   5.9836425484844327e+07   8.1787257577848926e+04   9.9727375808073881e-01
  2.2872769528987799e+06   2.7447323434785357e-03   5.9835766835469872e+07   8.2116582265078163e+04   9.9726278059116458e-01
  2.2965121843724893e+06   2.7558146212469871e-03   5.9835105541285492e+07   8.2447229357266522e+04   9.9725175902142482e-01
  2.3057847045095926e+06   2.7669416454115109e-03   5.9834441591729924e+07   8.2779204135051012e+04   9.9724069319549868e-01
  2.3150946638687761e+06   2.7781135966425310e-03   5.9833774976200186e+07   8.3112511899916630e+04   9.9722958293666975e-01
  2.3244422136166510e+06   2.7893306563399811e-03   5.9833105684051469e+07   8.3447157974278307e+04   9.9721842806752448e-01
  2.3338275055301716e+06   2.8005930066362056e-03   5.9832433704596907e+07   8.3783147701560199e+04   9.9720722840994847e-01
  2.3432506919991146e+06   2.8119008303989375e-03   5.9831759027107470e+07   8.4120486446277253e+04   9.9719598378512453e-01
  2.3527119260285692e+06   2.8232543112342830e-03   5.9831081640811794e+07   8.4459179594117071e+04   9.9718469401352994e-01
  2.3622113612413909e+06   2.8346536334896691e-03   5.9830401534895979e+07   8.4799232552020330e+04   9.9717335891493297e-01
  2.3717491518807113e+06   2.8460989822568536e-03   5.9829718698503502e+07   8.5140650748263259e+04   9.9716197830839171e-01
  2.3813254528124514e+06   2.8575905433749415e-03   5.9829033120734945e+07   8.5483439632540103e+04   9.9715055201224911e-01
  2.3909404195278282e+06   2.8691285034333938e-03   5.9828344790647939e+07   8.5827604676045332e+04   9.9713907984413230e-01
  2.4005942081458685e+06   2.8807130497750422e-03   5.9827653697256908e+07   8.6173151371555941e+04   9.9712756162094851e-01
  2.4102869754159520e+06   2.8923443704991425e-03   5.9826959829533003e+07   8.6520085233514983e+04   9.9711599715888344e-01
  2.4200188787203743e+06   2.9040226544644492e-03   5.9826263176403798e+07   8.6868411798115369e+04   9.9710438627339659e-01
  2.4297900760768712e+06   2.9157480912922452e-03   5.9825563726753257e+07   8.7218136623382641e+04   9.9709272877922095e-01
  2.4396007261411995e+06   2.9275208713694391e-03   5.9824861469421506e+07   8.7569265289259361e+04   9.9708102449035840e-01
  2.4494509882097268e+06   2.9393411858516720e-03   5.9824156393204644e+07   8.7921803397689946e+04   9.9706927322007743e-01
  2.4593410222219853e+06   2.9512092266663821e-03   5.9823448486854620e+07   8.8275756572704122e+04   9.9705747478091034e-01
  2.4692709887633068e+06   2.9631251865159681e-03   5.9822737739079028e+07   8.8631130460503118e+04   9.9704562898465043e-01
  2.4792410490673920e+06   2.9750892588808701e-03   5.9822024138540946e+07   8.8987930729543572e+04   9.9703373564234909e-01
  2.4892513650189666e+06   2.9871016380227599e-03   5.9821307673858777e+07   8.9346163070624461e+04   9.9702179456431295e-01
  2.4993020991563760e+06   2.9991625189876511e-03   5.9820588333606087e+07   8.9705833196971595e+04   9.9700980556010144e-01
  2.5093934146742388e+06   3.0112720976090863e-03   5.9819866106311381e+07   9.0066946844324411e+04   9.9699776843852306e-01
  2.5195254754261123e+06   3.0234305705113345e-03   5.9819140980457984e+07   9.0429509771022946e+04   9.9698568300763302e-01
  2.5296984459271231e+06   3.0356381351125477e-03   5.9818412944483832e+07   9.0793527758093551e+04   9.9697354907473057e-01
  2.5399124913566508e+06   3.0478949896279809e-03   5.9817681986781359e+07   9.1159006609336342e+04   9.9696136644635602e-01
  2.5501677775610299e+06   3.0602013330732359e-03   5.9816948095697202e+07   9.1525952151413498e+04   9.9694913492828674e-01
  2.5604644710562029e+06   3.0725573652674435e-03   5.9816211259532161e+07   9.1894370233935391e+04   9.9693685432553603e-01
  2.5708027390304669e+06   3.0849632868365602e-03   5.9815471466540933e+07   9.2264266729550218e+04   9.9692452444234891e-01
  2.5811827493471466e+06   3.0974192992165757e-03   5.9814728704931967e+07   9.2635647534030912e+04   9.9691214508219950e-01
  2.5916046705473615e+06   3.1099256046568336e-03   5.9813982962867297e+07   9.3008518566365252e+04   9.9689971604778826e-01
  2.6020686718527265e+06   3.1224824062232718e-03   5.9813234228462346e+07   9.3382885768843553e+04   9.9688723714103911e-01
  2.6125749231681139e+06   3.1350899078017368e-03   5.9812482489785723e+07   9.3758755107148594e+04   9.9687470816309542e-01
  2.6231235950844293e+06   3.1477483141013150e-03   5.9811727734859131e+07   9.4136132570445785e+04   9.9686212891431880e-01
  2.6337148588813497e+06   3.1604578306576193e-03   5.9810969951657079e+07   9.4515024171472047e+04   9.9684949919428467e-01
  2.6443488865301185e+06   3.1732186638361421e-03   5.9810209128106773e+07   9.4895435946626530e+04   9.9683681880177955e-01
  2.6550258506963518e+06   3.1860310208356220e-03   5.9809445252087906e+07   9.5277373956061871e+04   9.9682408753479845e-01
  2.6657459247428295e+06   3.1988951096913951e-03   5.9808678311432473e+07   9.5660844283774539e+04   9.9681130519054117e-01
  2.6765092827322981e+06   3.2118111392787575e-03   5.9807908293924637e+07   9.6045853037695706e+04   9.9679847156541057e-01
  2.6873160994303101e+06   3.2247793193163721e-03   5.9807135187300466e+07   9.6432406349783472e+04   9.9678558645500781e-01
  2.6981665503080776e+06   3.2377998603696930e-03   5.9806358979247794e+07   9.6820510376115068e+04   9.9677264965412993e-01
  2.7090608115452877e+06   3.2508729738543450e-03   5.9805579657406069e+07   9.7210171296978253e+04   9.9675966095676782e-01
  2.7199990600329787e+06   3.2639988720395744e-03   5.9804797209366105e+07   9.7601395316964161e+04   9.9674662015610171e-01
  2.7309814733764329e+06   3.2771777680517195e-03   5.9804011622669905e+07   9.7994188665061170e+04   9.9673352704449847e-01
  2.7420082298980160e+06   3.2904098758776189e-03   5.9803222884810530e+07   9.8388557594746439e+04   9.9672038141350883e-01
  2.7530795086401221e+06   3.3036954103681463e-03   5.9802430983231872e+07   9.8784508384081433e+04   9.9670718305386452e-01
  2.7641954893680336e+06   3.3170345872416403e-03   5.9801635905328423e+07   9.9182047335803902e+04   9.9669393175547372e-01
  2.7753563525728839e+06   3.3304276230874605e-03   5.9800837638445191e+07   9.9581180777424001e+04   9.9668062730741980e-01
  2.7865622794745523e+06   3.3438747353694625e-03   5.9800036169877395e+07   9.9981915061317457e+04   9.9666726949795659e-01
  2.7978134520246191e+06   3.3573761424295426e-03   5.9799231486870393e+07   1.0038425656482101e+05   9.9665385811450657e-01
  2.8091100529093407e+06   3.3709320634912085e-03   5.9798423576619372e+07   1.0078821169032839e+05   9.9664039294365625e-01
  2.8204522655525785e+06   3.3845427186630942e-03   5.9797612426269263e+07   1.0119378686538462e+05   9.9662687377115433e-01
  2.8318402741187979e+06   3.3982083289425574e-03   5.9796798022914469e+07   1.0160098854278283e+05   9.9661330038190787e-01
  2.8432742635160717e+06   3.4119291162192861e-03   5.9795980353598706e+07   1.0200982320066085e+05   9.9659967255997839e-01
  2.8547544193990459e+06   3.4257053032788550e-03   5.9795159405314840e+07   1.0242029734259671e+05   9.9658599008858062e-01
  2.8662809281719979e+06   3.4395371138063974e-03   5.9794335165004611e+07   1.0283241749770709e+05   9.9657225275007688e-01
  2.8778539769918183e+06   3.4534247723901818e-03   5.9793507619558550e+07   1.0324619022074323e+05   9.9655846032597584e-01
  2.8894737537710955e+06   3.4673685045253145e-03   5.9792676755815648e+07   1.0366162209218997e+05   9.9654461259692750e-01
  2.9011404471811256e+06   3.4813685366173507e-03   5.9791842560563304e+07   1.0407871971836260e+05   9.9653070934272170e-01
  2.9128542466549948e+06   3.4954250959859934e-03   5.9791005020537019e+07   1.0449748973150575e+05   9.9651675034228360e-01
  2.9246153423906723e+06   3.5095384108688064e-03   5.9790164122420251e+07   1.0491793878989290e+05   9.9650273537367084e-01
  2.9364239253540556e+06   3.5237087104248665e-03   5.9789319852844179e+07   1.0534007357792366e+05   9.9648866421406967e-01
  2.9482801872821222e+06   3.5379362247385466e-03   5.9788472198387578e+07   1.0576390080622539e+05   9.9647453663979302e-01
  2.9601843206859911e+06   3.5522211848231892e-03   5.9787621145576522e+07   1.0618942721175085e+05   9.9646035242627540e-01
  2.9721365188541003e+06   3.5665638226249200e-03   5.9786766680884272e+07   1.0661665955788034e+05   9.9644611134807115e-01
  2.9841369758553002e+06   3.5809643710263601e-03   5.9785908790730990e+07   1.0704560463452060e+05   9.9643181317884988e-01
  2.9961858865420241e+06   3.5954230638504288e-03   5.9785047461483613e+07   1.0747626925820630e+05   9.9641745769139356e-01
  3.0082834465534706e+06   3.6099401358641644e-03   5.9784182679455616e+07   1.0790866027220199e+05   9.9640304465759355e-01
  3.0204298523187428e+06   3.6245158227824910e-03   5.9783314430906817e+07   1.0834278454660227e+05   9.9638857384844692e-01
  3.0326253010600568e+06   3.6391503612720681e-03   5.9782442702043161e+07   1.0877864897843449e+05   9.9637404503405269e-01
  3.0448699907959620e+06   3.6538439889551542e-03   5.9781567479016513e+07   1.0921626049176166e+05   9.9635945798360859e-01
  3.0571641203445131e+06   3.6685969444134156e-03   5.9780688747924469e+07   1.0965562603778353e+05   9.9634481246540785e-01
  3.0695078893265482e+06   3.6834094671918576e-03   5.9779806494810149e+07   1.1009675259494146e+05   9.9633010824683577e-01
  3.0819014981688806e+06   3.6982817978026567e-03   5.9778920705661990e+07   1.1053964716902001e+05   9.9631534509436648e-01
  3.0943451481076013e+06   3.7132141777291216e-03   5.9778031366413526e+07   1.1098431679325236e+05   9.9630052277355874e-01
  3.1068390411913055e+06   3.7282068494295666e-03   5.9777138462943181e+07   1.1143076852842313e+05   9.9628564104905304e-01
  3.1193833802843904e+06   3.7432600563412684e-03   5.9776241981074080e+07   1.1187900946297328e+05   9.9627069968456805e-01
  3.1319783690703674e+06   3.7583740428844409e-03   5.9775341906573825e+07   1.1232904671310571e+05   9.9625569844289708e-01
  3.1446242120551327e+06   3.7735490544661592e-03   5.9774438225154251e+07   1.1278088742288927e+05   9.9624063708590416e-01
  3.1573211145703071e+06   3.7887853374843684e-03   5.9773530922471307e+07   1.1323453876436481e+05   9.9622551537452175e-01
  3.1700692827765811e+06   3.8040831393318974e-03   5.9772619984124728e+07   1.1369000793765175e+05   9.9621033306874551e-01
  3.1828689236670514e+06   3.8194427084004613e-03   5.9771705395657927e+07   1.1414730217105399e+05   9.9619508992763206e-01
  3.1957202450705678e+06   3.8348642940846814e-03   5.9770787142557703e+07   1.1460642872116603e+05   9.9617978570929500e-01
  3.2086234556551203e+06   3.8503481467861444e-03   5.9769865210254058e+07   1.1506739487298057e+05   9.9616442017090101e-01
  3.2215787649312485e+06   3.8658945179174979e-03   5.9768939584120043e+07   1.1553020793999676e+05   9.9614899306866733e-01
  3.2345863832554030e+06   3.8815036599064833e-03   5.9768010249471381e+07   1.1599487526432655e+05   9.9613350415785640e-01
  3.2476465218333811e+06   3.8971758262000573e-03   5.9767077191566423e+07   1.1646140421680358e+05   9.9611795319277374e-01
  3.2607593927237745e+06   3.9129112712685292e-03   5.9766140395605847e+07   1.1692980219709258e+05   9.9610233992676411e-01
  3.2739252088413690e+06   3.9287102506096426e-03   5.9765199846732430e+07   1.1740007663379659e+05   9.9608666411220714e-01
  3.2871441839606520e+06   3.9445730207527821e-03   5.9764255530030891e+07   1.1787223498456836e+05   9.9607092550051490e-01
  3.3004165327192321e+06   3.9604998392630784e-03   5.9763307430527590e+07   1.1834628473621800e+05   9.9605512384212647e-01
  3.3137424706213768e+06   3.9764909647456523e-03   5.9762355533190377e+07   1.1882223340482518e+05   9.9603925888650624e-01
  3.3271222140414645e+06   3.9925466568497573e-03   5.9761399822928332e+07   1.1930008853584784e+05   9.9602333038213886e-01
  3.3405559802275193e+06   4.0086671762730227e-03   5.9760440284591563e+07   1.1977985770423383e+05   9.9600733807652608e-01
  3.3540439873047573e+06   4.0248527847657088e-03   5.9759476902970962e+07   1.2026154851453305e+05   9.9599128171618267e-01
  3.3675864542790879e+06   4.0411037451349050e-03   5.9758509662798017e+07   1.2074516860100740e+05   9.9597516104663364e-01
  3.3811836010406907e+06   4.0574203212488287e-03   5.9757538548744544e+07   1.2123072562774380e+05   9.9595897581240911e-01
  3.3948356483676066e+06   4.0738027780411277e-03   5.9756563545422502e+07   1.2171822728876727e+05   9.9594272575704168e-01
  3.4085428179292730e+06   4.0902513815151273e-03   5.9755584637383722e+07   1.2220768130815204e+05   9.9592641062306198e-01
  3.4223053322901810e+06   4.1067663987482171e-03   5.9754601809119754e+07   1.2269909544013673e+05   9.9591003015199586e-01
  3.4361234149134308e+06   4.1233480978961172e-03   5.9753615045061551e+07   1.2319247746923620e+05   9.9589358408435913e-01
  3.4499972901644181e+06   4.1399967481973018e-03   5.9752624329579316e+07   1.2368783521035712e+05   9.9587707215965526e-01
  3.4639271833144259e+06   4.1567126199773107e-03   5.9751629646982208e+07   1.2418517650891111e+05   9.9586049411637012e-01
  3.4779133205443057e+06   4.1734959846531665e-03   5.9750630981518172e+07   1.2468450924092998e+05   9.9584384969196948e-01
  3.4919559289481696e+06   4.1903471147378031e-03   5.9749628317373663e+07   1.2518584131318181e+05   9.9582713862289440e-01
  3.5060552365370360e+06   4.2072662838444430e-03   5.9748621638673462e+07   1.2568918066328501e+05   9.9581036064455775e-01
  3.5202114722425528e+06   4.2242537666910629e-03   5.9747610929480381e+07   1.2619453525982509e+05   9.9579351549133965e-01
  3.5344248659207285e+06   4.2413098391048737e-03   5.9746596173795089e+07   1.2670191310247159e+05   9.9577660289658487e-01
  3.5486956483556502e+06   4.2584347780267803e-03   5.9745577355555840e+07   1.2721132222209430e+05   9.9575962259259732e-01
  3.5630240512632178e+06   4.2756288615158613e-03   5.9744554458638266e+07   1.2772277068088010e+05   9.9574257431063773e-01
  3.5774103072949187e+06   4.2928923687539020e-03   5.9743527466855124e+07   1.2823626657245084e+05   9.9572545778091870e-01
  3.5918546500416286e+06   4.3102255800499542e-03   5.9742496363956071e+07   1.2875181802198244e+05   9.9570827273260121e-01
  3.6063573140373603e+06   4.3276287768448324e-03   5.9741461133627392e+07   1.2926943318632146e+05   9.9569101889378986e-01
  3.6209185347630931e+06   4.3451022417157117e-03   5.9740421759491824e+07   1.2978912025410491e+05   9.9567369599153044e-01
  3.6355385486506196e+06   4.3626462583807434e-03   5.9739378225108266e+07   1.3031088744588019e+05   9.9565630375180447e-01
  3.6502175930863321e+06   4.3802611117035985e-03   5.9738330513971590e+07   1.3083474301422288e+05   9.9563884189952645e-01
  3.6649559064151375e+06   4.3979470876981648e-03   5.9737278609512314e+07   1.3136069524385899e+05   9.9562131015853861e-01
  3.6797537279442651e+06   4.4157044735331176e-03   5.9736222495096467e+07   1.3188875245178322e+05   9.9560370825160782e-01
  3.6946112979472154e+06   4.4335335575366583e-03   5.9735162154025264e+07   1.3241892298738201e+05   9.9558603590042105e-01
  3.7095288576676068e+06   4.4514346292011276e-03   5.9734097569534928e+07   1.3295121523255290e+05   9.9556829282558212e-01
  3.7245066493231161e+06   4.4694079791877395e-03   5.9733028724796377e+07   1.3348563760182715e+05   9.9555047874660629e-01
  3.7395449161094334e+06   4.4874538993313201e-03   5.9731955602915041e+07   1.3402219854249264e+05   9.9553259338191735e-01
  3.7546439022041666e+06   4.5055726826449998e-03   5.9730878186930597e+07   1.3456090653471468e+05   9.9551463644884330e-01
  3.7698038527708272e+06   4.5237646233249927e-03   5.9729796459816709e+07   1.3510177009165988e+05   9.9549660766361181e-01
  3.7850250139628360e+06   4.5420300167554033e-03   5.9728710404480785e+07   1.3564479775962044e+05   9.9547850674134641e-01
  3.8003076329274639e+06   4.5603691595129565e-03   5.9727620003763758e+07   1.3618999811813579e+05   9.9546033339606266e-01
  3.8156519578099092e+06   4.5787823493718908e-03   5.9726525240439795e+07   1.3673737978011928e+05   9.9544208734066320e-01
  3.8310582377572623e+06   4.5972698853087145e-03   5.9725426097216070e+07   1.3728695139198026e+05   9.9542376828693446e-01
  3.8465267229226152e+06   4.6158320675071382e-03   5.9724322556732528e+07   1.3783872163375182e+05   9.9540537594554213e-01
  3.8620576644690675e+06   4.6344691973628808e-03   5.9723214601561606e+07   1.3839269921921394e+05   9.9538691002602675e-01
  3.8776513145738281e+06   4.6531815774885936e-03   5.9722102214207992e+07   1.3894889289602038e+05   9.9536837023679992e-01
  3.8933079264323339e+06   4.6719695117188008e-03   5.9720985377108380e+07   1.3950731144582597e+05   9.9534975628513966e-01
  3.9090277542623132e+06   4.6908333051147756e-03   5.9719864072631195e+07   1.4006796368441143e+05   9.9533106787718661e-01
  3.9248110533079384e+06   4.7097732639695255e-03   5.9718738283076413e+07   1.4063085846181176e+05   9.9531230471794019e-01
  3.9406580798439845e+06   4.7287896958127813e-03   5.9717607990675136e+07   1.4119600466244415e+05   9.9529346651125228e-01
  3.9565690911799748e+06   4.7478829094159698e-03   5.9716473177589558e+07   1.4176341120523552e+05   9.9527455295982592e-01
  3.9725443456643438e+06   4.7670532147972124e-03   5.9715333825912528e+07   1.4233308704375065e+05   9.9525556376520885e-01
  3.9885841026886478e+06   4.7863009232263776e-03   5.9714189917667381e+07   1.4290504116632137e+05   9.9523649862778973e-01
  4.0046886226917994e+06   4.8056263472301590e-03   5.9713041434807673e+07   1.4347928259617690e+05   9.9521735724679450e-01
  4.0208581671642507e+06   4.8250298005971005e-03   5.9711888359216884e+07   1.4405582039157211e+05   9.9519813932028145e-01
  4.0370929986522594e+06   4.8445115983827107e-03   5.9710730672708198e+07   1.4463466364591828e+05   9.9517884454513661e-01
  4.0533933807621798e+06   4.8640720569146159e-03   5.9709568357024200e+07   1.4521582148791489e+05   9.9515947261707005e-01
  4.0697595781646846e+06   4.8837114937976215e-03   5.9708401393836677e+07   1.4579930308167858e+05   9.9514002323061124e-01
  4.0861918565991274e+06   4.9034302279189522e-03   5.9707229764746279e+07   1.4638511762687695e+05   9.9512049607910469e-01
  4.1026904828777923e+06   4.9232285794533507e-03   5.9706053451282315e+07   1.4697327435885853e+05   9.9510089085470521e-01
  4.1192557248902922e+06   4.9431068698683502e-03   5.9704872434902459e+07   1.4756378254878710e+05   9.9508120724837434e-01
  4.1358878516078596e+06   4.9630654219294315e-03   5.9703686696992487e+07   1.4815665150377288e+05   9.9506144494987481e-01
  4.1525871330877412e+06   4.9831045597052894e-03   5.9702496218866020e+07   1.4875189056700651e+05   9.9504160364776706e-01
  4.1693538404776049e+06   5.0032246085731256e-03   5.9701300981764250e+07   1.4934950911789376e+05   9.9502168302940419e-01
  4.1861882460198943e+06   5.0234258952238731e-03   5.9700100966855660e+07   1.4994951657218803e+05   9.9500168278092771e-01
  4.2030906230562739e+06   5.0437087476675286e-03   5.9698896155235767e+07   1.5055192238212566e+05   9.9498160258726276e-01
  4.2200612460320918e+06   5.0640734952385096e-03   5.9697686527926899e+07   1.5115673603656239e+05   9.9496144213211501e-01
  4.2371003905007774e+06   5.0845204686009327e-03   5.9696472065877818e+07   1.5176396706110620e+05   9.9494120109796358e-01
  4.2542083331283843e+06   5.1050499997540612e-03   5.9695252749963522e+07   1.5237362501825625e+05   9.9492087916605865e-01
  4.2713853516980130e+06   5.1256624220376154e-03   5.9694028560984962e+07   1.5298571950753659e+05   9.9490047601641607e-01
  4.2886317251143893e+06   5.1463580701372668e-03   5.9692799479668759e+07   1.5360026016563558e+05   9.9487999132781268e-01
  4.3059477334083347e+06   5.1671372800900011e-03   5.9691565486666948e+07   1.5421725666654122e+05   9.9485942477778244e-01
  4.3233336577413380e+06   5.1880003892896057e-03   5.9690326562556662e+07   1.5483671872167973e+05   9.9483877604261106e-01
  4.3407897804101473e+06   5.2089477364921765e-03   5.9689082687839925e+07   1.5545865608005485e+05   9.9481804479733205e-01
  4.3583163848513002e+06   5.2299796618215603e-03   5.9687833842943259e+07   1.5608307852838456e+05   9.9479723071572101e-01
  4.3759137556457520e+06   5.2510965067749018e-03   5.9686580008217551e+07   1.5670999589124150e+05   9.9477633347029248e-01
  4.3935821785235154e+06   5.2722986142282185e-03   5.9685321163937643e+07   1.5733941803119276e+05   9.9475535273229410e-01
  4.4113219403682835e+06   5.2935863284419397e-03   5.9684057290302157e+07   1.5797135484893987e+05   9.9473428817170262e-01
  4.4291333292220663e+06   5.3149599950664790e-03   5.9682788367433116e+07   1.5860581628345829e+05   9.9471313945721862e-01
  4.4470166342898887e+06   5.3364199611478664e-03   5.9681514375375755e+07   1.5924281231213940e+05   9.9469190625626258e-01
  4.4649721459445115e+06   5.3579665751334136e-03   5.9680235294098161e+07   1.5988235295093281e+05   9.9467058823496934e-01
  4.4830001557310941e+06   5.3796001868773122e-03   5.9678951103491053e+07   1.6052444825448628e+05   9.9464918505818423e-01
  4.5011009563719537e+06   5.4013211476463445e-03   5.9677661783367448e+07   1.6116910831628929e+05   9.9462769638945747e-01
  4.5192748417713447e+06   5.4231298101256129e-03   5.9676367313462406e+07   1.6181634326881674e+05   9.9460612189104014e-01
  4.5375221070201714e+06   5.4450265284242049e-03   5.9675067673432700e+07   1.6246616328367018e+05   9.9458446122387834e-01
  4.5558430484008463e+06   5.4670116580810149e-03   5.9673762842856586e+07   1.6311857857172407e+05   9.9456271404760976e-01
  4.5742379633920323e+06   5.4890855560704383e-03   5.9672452801233500e+07   1.6377359938326757e+05   9.9454088002055829e-01
  4.5927071506735459e+06   5.5112485808082546e-03   5.9671137527983733e+07   1.6443123600815190e+05   9.9451895879972885e-01
  4.6112509101311397e+06   5.5335010921573674e-03   5.9669817002448164e+07   1.6509149877593320e+05   9.9449695004080274e-01
  4.6298695428614020e+06   5.5558434514336825e-03   5.9668491203887992e+07   1.6575439805601927e+05   9.9447485339813324e-01
  4.6485633511766717e+06   5.5782760214120059e-03   5.9667160111484401e+07   1.6641994425781671e+05   9.9445266852474001e-01
  4.6673326386098936e+06   5.6007991663318719e-03   5.9665823704338282e+07   1.6708814783087565e+05   9.9443039507230468e-01
  4.6861777099195728e+06   5.6234132519034875e-03   5.9664481961469956e+07   1.6775901926503787e+05   9.9440803269116596e-01
  4.7050988710947502e+06   5.6461186453137004e-03   5.9663134861818850e+07   1.6843256909058517e+05   9.9438558103031416e-01
  4.7240964293599091e+06   5.6689157152318911e-03   5.9661782384243250e+07   1.6910880787838539e+05   9.9436303973738749e-01
  4.7431706931800358e+06   5.6918048318160431e-03   5.9660424507519938e+07   1.6978774624004363e+05   9.9434040845866567e-01
  4.7623219722655518e+06   5.7147863667186619e-03   5.9659061210343935e+07   1.7046939482804830e+05   9.9431768683906563e-01
  4.7815505775774224e+06   5.7378606930929069e-03   5.9657692471328184e+07   1.7115376433592371e+05   9.9429487452213638e-01
  4.8008568213321352e+06   5.7610281855985622e-03   5.9656318269003280e+07   1.7184086549837753e+05   9.9427197115005461e-01
  4.8202410170067996e+06   5.7842892204081594e-03   5.9654938581817135e+07   1.7253070909145215e+05   9.9424897636361897e-01
  4.8397034793442665e+06   5.8076441752131199e-03   5.9653553388134673e+07   1.7322330593267689e+05   9.9422588980224458e-01
  4.8592445243581710e+06   5.8310934292298052e-03   5.9652162666237593e+07   1.7391866688121698e+05   9.9420271110395986e-01
  4.8788644693381414e+06   5.8546373632057695e-03   5.9650766394323975e+07   1.7461680283802823e+05   9.9417943990539959e-01
  4.8985636328548687e+06   5.8782763594258424e-03   5.9649364550508015e+07   1.7531772474600657e+05   9.9415607584180021e-01
  4.9183423347653653e+06   5.9020108017184382e-03   5.9647957112819739e+07   1.7602144359014404e+05   9.9413261854699564e-01
  4.9382008962180829e+06   5.9258410754616988e-03   5.9646544059204675e+07   1.7672797039767931e+05   9.9410906765341123e-01
  4.9581396396581624e+06   5.9497675675897945e-03   5.9645125367523514e+07   1.7743731623825312e+05   9.9408542279205858e-01
  4.9781588888326930e+06   5.9737906665992312e-03   5.9643701015551902e+07   1.7814949222406308e+05   9.9406168359253166e-01
  4.9982589687959142e+06   5.9979107625550967e-03   5.9642270980979994e+07   1.7886450951001715e+05   9.9403784968299991e-01
  5.0184402059145207e+06   6.0221282470974248e-03   5.9640835241412252e+07   1.7958237929388942e+05   9.9401392069020422e-01
  5.0387029278729958e+06   6.0464435134475946e-03   5.9639393774367072e+07   1.8030311281647743e+05   9.9398989623945122e-01
  5.0590474636788545e+06   6.0708569564146249e-03   5.9637946557276517e+07   1.8102672136175583e+05   9.9396577595460867e-01
  5.0794741436680751e+06   6.0953689724016899e-03   5.9636493567485958e+07   1.8175321625703617e+05   9.9394155945809926e-01
  5.0999832995103728e+06   6.1199799594124473e-03   5.9635034782253787e+07   1.8248260887312127e+05   9.9391724637089640e-01
  5.1205752642146749e+06   6.1446903170576097e-03   5.9633570178751096e+07   1.8321491062446596e+05   9.9389283631251824e-01
  5.1412503721344508e+06   6.1695004465613405e-03   5.9632099734061360e+07   1.8395013296933312e+05   9.9386832890102272e-01
  5.1620089589731731e+06   6.1944107507678073e-03   5.9630623425180122e+07   1.8468828740995307e+05   9.9384372375300201e-01
  5.1828513617898002e+06   6.2194216341477596e-03   5.9629141229014665e+07   1.8542938549268461e+05   9.9381902048357773e-01
  5.2037779190041870e+06   6.2445335028050242e-03   5.9627653122383676e+07   1.8617343880817213e+05   9.9379421870639462e-01
  5.2247889704026096e+06   6.2697467644831310e-03   5.9626159082017012e+07   1.8692045899150745e+05   9.9376931803361690e-01
  5.2458848571433034e+06   6.2950618285719639e-03   5.9624659084555246e+07   1.8767045772239094e+05   9.9374431807592079e-01
  5.2670659217619859e+06   6.3204791061143824e-03   5.9623153106549449e+07   1.8842344672529283e+05   9.9371921844249078e-01
  5.2883325081773894e+06   6.3459990098128673e-03   5.9621641124460794e+07   1.8917943776961343e+05   9.9369401874101326e-01
  5.3096849616968753e+06   6.3716219540362502e-03   5.9620123114660330e+07   1.8993844266984685e+05   9.9366871857767214e-01
  5.3311236290220646e+06   6.3973483548264770e-03   5.9618599053428538e+07   1.9070047328574481e+05   9.9364331755714230e-01
  5.3526488582544103e+06   6.4231786299052919e-03   5.9617068916955076e+07   1.9146554152247770e+05   9.9361781528258464e-01
  5.3742609989008754e+06   6.4491131986810502e-03   5.9615532681338429e+07   1.9223365933079951e+05   9.9359221135564046e-01
  5.3959604018796459e+06   6.4751524822555745e-03   5.9613990322585598e+07   1.9300483870721352e+05   9.9356650537642666e-01
  5.4177474195257491e+06   6.5012969034308988e-03   5.9612441816611759e+07   1.9377909169413452e+05   9.9354069694352931e-01
  5.4396224055968616e+06   6.5275468867162338e-03   5.9610887139239907e+07   1.9455643038005696e+05   9.9351478565399842e-01
  5.4615857152789701e+06   6.5539028583347638e-03   5.9609326266200595e+07   1.9533686689971824e+05   9.9348877110334322e-01
  5.4836377051922195e+06   6.5803652462306629e-03   5.9607759173131496e+07   1.9612041343426777e+05   9.9346265288552493e-01
  5.5057787333966335e+06   6.6069344800759600e-03   5.9606185835577168e+07   1.9690708221143164e+05   9.9343643059295283e-01
  5.5280091593979551e+06   6.6336109912775460e-03   5.9604606228988662e+07   1.9769688550568081e+05   9.9341010381647765e-01
  5.5503293441535234e+06   6.6603952129842279e-03   5.9603020328723237e+07   1.9848983563840069e+05   9.9338367214538725e-01
  5.5727396500780610e+06   6.6872875800936728e-03   5.9601428110043913e+07   1.9928594497805662e+05   9.9335713516739854e-01
  5.5952404410495991e+06   6.7142885292595187e-03   5.9599829548119299e+07   2.0008522594036479e+05   9.9333049246865501e-01
  5.6178320824154122e+06   6.7413984988984946e-03   5.9598224618023112e+07   2.0088769098846253e+05   9.9330374363371854e-01
  5.6405149409978790e+06   6.7686179291974544e-03   5.9596613294733882e+07   2.0169335263307547e+05   9.9327688824556470e-01
  5.6632893851005230e+06   6.7959472621206274e-03   5.9594995553134650e+07   2.0250222343269165e+05   9.9324992588557748e-01
  5.6861557845139047e+06   6.8233869414166849e-03   5.9593371368012570e+07   2.0331431599372899e+05   9.9322285613354289e-01
  5.7091145105217164e+06   6.8509374126260597e-03   5.9591740714058608e+07   2.0412964297071038e+05   9.9319567856764346e-01
  5.7321659359067306e+06   6.8785991230880762e-03   5.9590103565867163e+07   2.0494821706643279e+05   9.9316839276445268e-01
  5.7553104349568877e+06   6.9063725219482650e-03   5.9588459897935748e+07   2.0577005103214132e+05   9.9314099829892910e-01
  5.7785483834714079e+06   6.9342580601656888e-03   5.9586809684664622e+07   2.0659515766770337e+05   9.9311349474441035e-01
  5.8018801587668229e+06   6.9622561905201873e-03   5.9585152900356472e+07   2.0742354982177998e+05   9.9308588167260781e-01
  5.8253061396831386e+06   6.9903673676197662e-03   5.9583489519216031e+07   2.0825524039200114e+05   9.9305815865360048e-01
  5.8488267065900080e+06   7.0185920479080089e-03   5.9581819515349746e+07   2.0909024232514159e+05   9.9303032525582913e-01
  5.8724422413928853e+06   7.0469306896714622e-03   5.9580142862765431e+07   2.0992856861729512e+05   9.9300238104609051e-01
  5.8961531275392035e+06   7.0753837530470442e-03   5.9578459535371929e+07   2.1077023231404930e+05   9.9297432558953214e-01
  5.9199597500246232e+06   7.1039517000295472e-03   5.9576769506978706e+07   2.1161524651066316e+05   9.9294615844964507e-01
  5.9438624953993186e+06   7.1326349944791818e-03   5.9575072751295537e+07   2.1246362435224460e+05   9.9291787918825891e-01
  5.9678617517741853e+06   7.1614341021290218e-03   5.9573369241932176e+07   2.1331537903392594e+05   9.9288948736553628e-01
  5.9919579088271754e+06   7.1903494905926103e-03   5.9571658952397943e+07   2.1417052380104244e+05   9.9286098253996569e-01
  6.0161513578096610e+06   7.2193816293715926e-03   5.9569941856101401e+07   2.1502907194931258e+05   9.9283236426835664e-01
  6.0404424915527040e+06   7.2485309898632447e-03   5.9568217926349998e+07   2.1589103682501364e+05   9.9280363210583333e-01
  6.0648317044735309e+06   7.2777980453682363e-03   5.9566487136349700e+07   2.1675643182516462e+05   9.9277478560582832e-01
  6.0893193925818391e+06   7.3071832710982065e-03   5.9564749459204622e+07   2.1762527039770322e+05   9.9274582432007707e-01
  6.1139059534863243e+06   7.3366871441835884e-03   5.9563004867916696e+07   2.1849756604166931e+05   9.9271674779861163e-01
  6.1385917864010511e+06   7.3663101436812614e-03   5.9561253335385256e+07   2.1937333230738345e+05   9.9268755558975430e-01
  6.1633772921519745e+06   7.3960527505823690e-03   5.9559494834406771e+07   2.2025258279662961e+05   9.9265824724011287e-01
  6.1882628731834805e+06   7.4259154478201759e-03   5.9557729337674350e+07   2.2113533116283844e+05   9.9262882229457250e-01
  6.2132489335648492e+06   7.4558987202778190e-03   5.9555956817777492e+07   2.2202159111126789e+05   9.9259928029629152e-01
  6.2383358789968519e+06   7.4860030547962220e-03   5.9554177247201651e+07   2.2291137639918720e+05   9.9256962078669420e-01
  6.2635241168183796e+06   7.5162289401820553e-03   5.9552390598327905e+07   2.2380470083606237e+05   9.9253984330546507e-01
  6.2888140560129620e+06   7.5465768672155539e-03   5.9550596843432561e+07   2.2470157828373718e+05   9.9250994739054266e-01
  6.3142061072155163e+06   7.5770473286586194e-03   5.9548795954686791e+07   2.2560202265662156e+05   9.9247993257811318e-01
  6.3397006827189084e+06   7.6076408192626895e-03   5.9546987904156290e+07   2.2650604792187366e+05   9.9244979840260483e-01
  6.3652981964807520e+06   7.6383578357769018e-03   5.9545172663800858e+07   2.2741366809958909e+05   9.9241954439668101e-01
  6.3909990641300390e+06   7.6691988769560463e-03   5.9543350205474056e+07   2.2832489726298428e+05   9.9238917009123429e-01
  6.4168037029739274e+06   7.7001644435687128e-03   5.9541520500922866e+07   2.2923974953858502e+05   9.9235867501538111e-01
  6.4427125320045557e+06   7.7312550384054666e-03   5.9539683521787211e+07   2.3015823910641516e+05   9.9232805869645357e-01
  6.4687259719057688e+06   7.7624711662869226e-03   5.9537839239599675e+07   2.3108038020018220e+05   9.9229732065999454e-01
  6.4948444450599859e+06   7.7938133340719829e-03   5.9535987625785097e+07   2.3200618710746709e+05   9.9226646042975164e-01
  6.5210683755550878e+06   7.8252820506661044e-03   5.9534128651660204e+07   2.3293567416991439e+05   9.9223547752767005e-01
  6.5473981891912743e+06   7.8568778270295282e-03   5.9532262288433187e+07   2.3386885578342108e+05   9.9220437147388640e-01
  6.5738343134879526e+06   7.8886011761855421e-03   5.9530388507203378e+07   2.3480574639832592e+05   9.9217314178672300e-01
  6.6003771776907044e+06   7.9204526132288441e-03   5.9528507278960839e+07   2.3574636051960112e+05   9.9214178798268060e-01
  6.6270272127782973e+06   7.9524326553339561e-03   5.9526618574585937e+07   2.3669071270704517e+05   9.9211030957643231e-01
  6.6537848514696006e+06   7.9845418217635196e-03   5.9524722364849091e+07   2.3763881757547188e+05   9.9207870608081816e-01
  6.6806505282306541e+06   8.0167806338767838e-03   5.9522818620410234e+07   2.3859068979490423e+05   9.9204697700683719e-01
  6.7076246792817581e+06   8.0491496151381091e-03   5.9520907311818495e+07   2.3954634409076889e+05   9.9201512186364160e-01
  6.7347077426044689e+06   8.0816492911253632e-03   5.9518988409511864e+07   2.4050579524408624e+05   9.9198314015853106e-01
  6.7619001579488125e+06   8.1142801895385738e-03   5.9517061883816697e+07   2.4146905809166844e+05   9.9195103139694496e-01
  6.7892023668403188e+06   8.1470428402083822e-03   5.9515127704947419e+07   2.4243614752631017e+05   9.9191879508245695e-01
  6.8166148125873003e+06   8.1799377751047599e-03   5.9513185843006060e+07   2.4340707849698773e+05   9.9188643071676763e-01
  6.8441379402879532e+06   8.2129655283455436e-03   5.9511236267981932e+07   2.4438186600905113e+05   9.9185393779969888e-01
  6.8717721968376255e+06   8.2461266362051505e-03   5.9509278949751198e+07   2.4536052512442227e+05   9.9182131582918664e-01
  6.8995180309361164e+06   8.2794216371233388e-03   5.9507313858076453e+07   2.4634307096179287e+05   9.9178856430127427e-01
  6.9273758930948749e+06   8.3128510717138497e-03   5.9505340962606400e+07   2.4732951869681888e+05   9.9175568271010672e-01
  6.9553462356443629e+06   8.3464154827732357e-03   5.9503360232875392e+07   2.4831988356232032e+05   9.9172267054792318e-01
  6.9834295127414344e+06   8.3801154152897215e-03   5.9501371638303071e+07   2.4931418084848073e+05   9.9168952730505122e-01
  7.0116261803766182e+06   8.4139514164519418e-03   5.9499375148193948e+07   2.5031242590304310e+05   9.9165625246989908e-01
  7.0399366963816294e+06   8.4479240356579548e-03   5.9497370731737010e+07   2.5131463413151322e+05   9.9162284552895019e-01
  7.0683615204366911e+06   8.4820338245240288e-03   5.9495358358005323e+07   2.5232082099735588e+05   9.9158930596675543e-01
  7.0969011140781166e+06   8.5162813368937391e-03   5.9493337995955646e+07   2.5333100202219959e+05   9.9155563326592744e-01
  7.1255559407056961e+06   8.5506671288468356e-03   5.9491309614427961e+07   2.5434519278603440e+05   9.9152182690713264e-01
  7.1543264655902684e+06   8.5851917587083208e-03   5.9489273182145216e+07   2.5536340892741483e+05   9.9148788636908691e-01
  7.1832131558813201e+06   8.6198557870575832e-03   5.9487228667712711e+07   2.5638566614366430e+05   9.9145381112854514e-01
  7.2122164806144787e+06   8.6546597767373744e-03   5.9485176039617874e+07   2.5741198019107446e+05   9.9141960066029788e-01
  7.2413369107191777e+06   8.6896042928630134e-03   5.9483115266229808e+07   2.5844236688511050e+05   9.9138525443716352e-01
  7.2705749190263292e+06   8.7246899028315950e-03   5.9481046315798812e+07   2.5947684210061596e+05   9.9135077192998022e-01
  7.2999309802759700e+06   8.7599171763311640e-03   5.9478969156455994e+07   2.6051542177201633e+05   9.9131615260759987e-01
  7.3294055711249476e+06   8.7952866853499359e-03   5.9476883756212987e+07   2.6155812189352349e+05   9.9128139593688314e-01
  7.3589991701546805e+06   8.8307990041856157e-03   5.9474790082961351e+07   2.6260495851934166e+05   9.9124650138268922e-01
  7.3887122578789797e+06   8.8664547094547755e-03   5.9472688104472272e+07   2.6365594776387571e+05   9.9121146840787122e-01
  7.4185453167517604e+06   8.9022543801021113e-03   5.9470577788396157e+07   2.6471110580193496e+05   9.9117629647326932e-01
  7.4484988311749166e+06   8.9381985974098990e-03   5.9468459102262147e+07   2.6577044886894140e+05   9.9114098503770243e-01
  7.4785732875062376e+06   8.9742879450074847e-03   5.9466332013477750e+07   2.6683399326114007e+05   9.9110553355796249e-01
  7.5087691740671936e+06   9.0105230088806318e-03   5.9464196489328422e+07   2.6790175533580268e+05   9.9106994148880700e-01
  7.5390869811509913e+06   9.0469043773811885e-03   5.9462052496977150e+07   2.6897375151144189e+05   9.9103420828295252e-01
  7.5695272010304071e+06   9.0834326412364882e-03   5.9459900003463998e+07   2.7004999826801621e+05   9.9099833339106669e-01
  7.6000903279659087e+06   9.1201083935590899e-03   5.9457738975705743e+07   2.7113051214714401e+05   9.9096231626176234e-01
  7.6307768582135681e+06   9.1569322298562811e-03   5.9455569380495407e+07   2.7221530975231103e+05   9.9092615634159009e-01
  7.6615872900331682e+06   9.1939047480398012e-03   5.9453391184501871e+07   2.7330440774908272e+05   9.9088985307503119e-01
  7.6925221236963365e+06   9.2310265484356040e-03   5.9451204354269393e+07   2.7439782286531804e+05   9.9085340590448989e-01
  7.7235818614945812e+06   9.2682982337934962e-03   5.9449008856217273e+07   2.7549557189137815e+05   9.9081681427028789e-01
  7.7547670077474862e+06   9.3057204092969834e-03   5.9446804656639352e+07   2.7659767168034124e+05   9.9078007761065590e-01
  7.7860780688109519e+06   9.3432936825731411e-03   5.9444591721703596e+07   2.7770413914821739e+05   9.9074319536172661e-01
  7.8175155530853039e+06   9.3810186637023635e-03   5.9442370017451711e+07   2.7881499127415876e+05   9.9070616695752856e-01
  7.8490799710236769e+06   9.4188959652284111e-03   5.9440139509798683e+07   2.7993024510067847e+05   9.9066899182997803e-01
  7.8807718351401724e+06   9.4569262021682067e-03   5.9437900164532311e+07   2.8104991773386160e+05   9.9063166940887182e-01
  7.9125916600183137e+06   9.4951099920219766e-03   5.9435651947312869e+07   2.8217402634358499e+05   9.9059419912188118e-01
  7.9445399623192837e+06   9.5334479547831402e-03   5.9433394823672570e+07   2.8330258816372947e+05   9.9055658039454286e-01
  7.9766172607903630e+06   9.5719407129484357e-03   5.9431128759015240e+07   2.8443562049239868e+05   9.9051881265025399e-01
  8.0088240762734041e+06   9.6105888915280838e-03   5.9428853718615755e+07   2.8557314069213736e+05   9.9048089531026262e-01
  8.0411609317131732e+06   9.6493931180558074e-03   5.9426569667619735e+07   2.8671516619014629e+05   9.9044282779366222e-01
  8.0736283521659710e+06   9.6883540225991653e-03   5.9424276571043022e+07   2.8786171447850426e+05   9.9040460951738374e-01
  8.1062268648080286e+06   9.7274722377696330e-03   5.9421974393771276e+07   2.8901280311438325e+05   9.9036623989618788e-01
  8.1389569989441969e+06   9.7667483987330366e-03   5.9419663100559495e+07   2.9016844972027204e+05   9.9032771834265820e-01
  8.1718192860164279e+06   9.8061831432197134e-03   5.9417342656031646e+07   2.9132867198419251e+05   9.9028904426719411e-01
  8.2048142596124504e+06   9.8457771115349393e-03   5.9415013024680190e+07   2.9249348765992199e+05   9.9025021707800320e-01
  8.2379424554744866e+06   9.8855309465693837e-03   5.9412674170865595e+07   2.9366291456721624e+05   9.9021123618109330e-01
  8.2712044115078505e+06   9.9254452938094210e-03   5.9410326058815986e+07   2.9483697059202741e+05   9.9017210098026642e-01
  8.3046006677897302e+06   9.9655208013476760e-03   5.9407968652626589e+07   2.9601567368672852e+05   9.9013281087710980e-01
  8.3381317665779907e+06   1.0005758119893588e-02   5.9405601916259363e+07   2.9719904187033692e+05   9.9009336527098935e-01
  8.3717982523199674e+06   1.0046157902783960e-02   5.9403225813542560e+07   2.9838709322873788e+05   9.9005376355904262e-01
  8.4056006716611777e+06   1.0086720805993413e-02   5.9400840308170222e+07   2.9957984591490350e+05   9.9001400513617033e-01
  8.4395395734544117e+06   1.0127447488145293e-02   5.9398445363701791e+07   3.0077731814912532e+05   9.8997408939502984e-01
  8.4736155087685175e+06   1.0168338610522220e-02   5.9396040943561569e+07   3.0197952821923420e+05   9.8993401572602613e-01
  8.5078290308973342e+06   1.0209394837076800e-02   5.9393627011038385e+07   3.0318649448082608e+05   9.8989378351730639e-01
  8.5421806953687072e+06   1.0250616834442448e-02   5.9391203529285058e+07   3.0439823535748897e+05   9.8985339215475099e-01
  8.5766710599535666e+06   1.0292005271944279e-02   5.9388770461317971e+07   3.0561476934103150e+05   9.8981284102196621e-01
  8.6113006846748721e+06   1.0333560821609846e-02   5.9386327770016626e+07   3.0683611499170662e+05   9.8977212950027704e-01
  8.6460701318167672e+06   1.0375284158180120e-02   5.9383875418123148e+07   3.0806229093844123e+05   9.8973125696871911e-01
  8.6809799659337327e+06   1.0417175959120478e-02   5.9381413368241899e+07   3.0929331587906560e+05   9.8969022280403163e-01
  8.7160307538597286e+06   1.0459236904631674e-02   5.9378941582838953e+07   3.1052920858054113e+05   9.8964902638064922e-01
  8.7512230647173580e+06   1.0501467677660829e-02   5.9376460024241656e+07   3.1176998787918885e+05   9.8960766707069425e-01
  8.7865574699271452e+06   1.0543868963912574e-02   5.9373968654638194e+07   3.1301567268091993e+05   9.8956614424396994e-01
  8.8220345432168618e+06   1.0586441451860234e-02   5.9371467436077096e+07   3.1426628196146863e+05   9.8952445726795157e-01
  8.8576548606307451e+06   1.0629185832756894e-02   5.9368956330466807e+07   3.1552183476661978e+05   9.8948260550778011e-01
  8.8934190005388930e+06   1.0672102800646672e-02   5.9366435299575150e+07   3.1678235021244147e+05   9.8944058832625248e-01
  8.9293275436467193e+06   1.0715193052376063e-02   5.9363904305029005e+07   3.1804784748552012e+05   9.8939840508381671e-01
  8.9653810730042718e+06   1.0758457287605126e-02   5.9361363308313653e+07   3.1931834584318846e+05   9.8935605513856084e-01
  9.0015801740157511e+06   1.0801896208818901e-02   5.9358812270772502e+07   3.2059386461376160e+05   9.8931353784620835e-01
  9.0379254344490506e+06   1.0845510521338860e-02   5.9356251153606497e+07   3.2187442319677107e+05   9.8927085256010827e-01
  9.0744174444452710e+06   1.0889300933334324e-02   5.9353679917873636e+07   3.2316004106319888e+05   9.8922799863122723e-01
  9.1110567965282593e+06   1.0933268155833911e-02   5.9351098524488620e+07   3.2445073775571008e+05   9.8918497540814365e-01
  9.1478440856142696e+06   1.0977412902737124e-02   5.9348506934222251e+07   3.2574653288889054e+05   9.8914178223703753e-01
  9.1847799090216737e+06   1.1021735890826008e-02   5.9345905107701063e+07   3.2704744614948391e+05   9.8909841846168434e-01
  9.2218648664805572e+06   1.1066237839776668e-02   5.9343293005406782e+07   3.2835349729662470e+05   9.8905488342344638e-01
  9.2590995601425041e+06   1.1110919472171004e-02   5.9340670587675884e+07   3.2966470616207720e+05   9.8901117646126468e-01
  9.2964845945904180e+06   1.1155781513508501e-02   5.9338037814699084e+07   3.3098109265047411e+05   9.8896729691165142e-01
  9.3340205768483151e+06   1.1200824692217977e-02   5.9335394646520928e+07   3.3230267673955410e+05   9.8892324410868215e-01
  9.3717081163910516e+06   1.1246049739669261e-02   5.9332741043039240e+07   3.3362947848039609e+05   9.8887901738398731e-01
  9.4095478251544461e+06   1.1291457390185335e-02   5.9330076964004695e+07   3.3496151799766568e+05   9.8883461606674494e-01
  9.4475403175450824e+06   1.1337048381054099e-02   5.9327402369020335e+07   3.3629881548985082e+05   9.8879003948367228e-01
  9.4856862104502693e+06   1.1382823452540323e-02   5.9324717217541024e+07   3.3764139122950123e+05   9.8874528695901709e-01
  9.5239861232480872e+06   1.1428783347897703e-02   5.9322021468873091e+07   3.3898926556346990e+05   9.8870035781455157e-01
  9.5624406778175142e+06   1.1474928813381016e-02   5.9319315082173720e+07   3.4034245891315729e+05   9.8865525136956200e-01
  9.6010504985483997e+06   1.1521260598258079e-02   5.9316598016450547e+07   3.4170099177474837e+05   9.8860996694084247e-01
  9.6398162123516612e+06   1.1567779454821993e-02   5.9313870230561115e+07   3.4306488471945719e+05   9.8856450384268524e-01
  9.6787384486695062e+06   1.1614486138403407e-02   5.9311131683212481e+07   3.4443415839377110e+05   9.8851886138687473e-01
  9.7178178394856099e+06   1.1661381407382732e-02   5.9308382332960643e+07   3.4580883351969265e+05   9.8847303888267735e-01
  9.7570550193353444e+06   1.1708466023202413e-02   5.9305622138210066e+07   3.4718893089498242e+05   9.8842703563683443e-01
  9.7964506253161076e+06   1.1755740750379329e-02   5.9302851057213232e+07   3.4857447139340412e+05   9.8838085095355388e-01
  9.8360052970977426e+06   1.1803206356517290e-02   5.9300069048070088e+07   3.4996547596497287e+05   9.8833448413450142e-01
  9.8757196769327912e+06   1.1850863612319349e-02   5.9297276068727642e+07   3.5136196563619486e+05   9.8828793447879404e-01
  9.9155944096669964e+06   1.1898713291600395e-02   5.9294472076979399e+07   3.5276396151031653e+05   9.8824120128298998e-01
  9.9556301427498162e+06   1.1946756171299779e-02   5.9291657030464888e+07   3.5417148476757272e+05   9.8819428384108143e-01
  9.9958275262448322e+06   1.1994993031493798e-02   5.9288830886669166e+07   3.5558455666542985e+05   9.8814718144448610e-01
  1.0036187212840350e+07   1.2043424655408419e-02   5.9285993602922373e+07   3.5700319853883446e+05   9.8809989338203952e-01
  1.0076709857860055e+07   1.2092051829432066e-02   5.9283145136399105e+07   3.5842743180046417e+05   9.8805241893998508e-01
  1.0117396119273590e+07   1.2140875343128308e-02   5.9280285444118090e+07   3.5985727794097352e+05   9.8800475740196814e-01
  1.0158246657707222e+07   1.2189895989248665e-02   5.9277414482941546e+07   3.6129275852924236e+05   9.8795690804902581e-01
  1.0199262136454590e+07   1.2239114563745507e-02   5.9274532209574789e+07   3.6273389521262638e+05   9.8790887015957984e-01
  1.0240443221487546e+07   1.2288531865785055e-02   5.9271638580565616e+07   3.6418070971720899e+05   9.8786064300942689e-01
  1.0281790581466848e+07   1.2338148697760218e-02   5.9268733552303933e+07   3.6563322384804871e+05   9.8781222587173223e-01
  1.0323304887753069e+07   1.2387965865303682e-02   5.9265817081021167e+07   3.6709145948943100e+05   9.8776361801701951e-01
  1.0364986814417547e+07   1.2437984177301055e-02   5.9262889122789785e+07   3.6855543860512221e+05   9.8771481871316313e-01
  1.0406837038253307e+07   1.2488204445903968e-02   5.9259949633522801e+07   3.7002518323862058e+05   9.8766582722537999e-01
  1.0448856238785906e+07   1.2538627486543087e-02   5.9256998568973221e+07   3.7150071551340353e+05   9.8761664281622030e-01
  1.0491045098284712e+07   1.2589254117941654e-02   5.9254035884733655e+07   3.7298205763318948e+05   9.8756726474556089e-01
  1.0533404301773841e+07   1.2640085162128608e-02   5.9251061536235660e+07   3.7446923188218649e+05   9.8751769227059438e-01
  1.0575934537043257e+07   1.2691121444451907e-02   5.9248075478749342e+07   3.7596226062534534e+05   9.8746792464582234e-01
  1.0618636494659983e+07   1.2742363793591978e-02   5.9245077667382799e+07   3.7746116630861553e+05   9.8741796112304669e-01
  1.0661510867979370e+07   1.2793813041575243e-02   5.9242068057081625e+07   3.7896597145920247e+05   9.8736780095136045e-01
  1.0704558353156243e+07   1.2845470023787491e-02   5.9239046602628395e+07   3.8047669868581858e+05   9.8731744337713989e-01
  1.0747779649156248e+07   1.2897335578987498e-02   5.9236013258642152e+07   3.8199337067894120e+05   9.8726688764403592e-01
  1.0791175457767263e+07   1.2949410549320715e-02   5.9232967979577892e+07   3.8351601021107106e+05   9.8721613299296485e-01
  1.0834746483610742e+07   1.3001695780332889e-02   5.9229910719726056e+07   3.8504464013698709e+05   9.8716517866210096e-01
  1.0878493434153108e+07   1.3054192120983729e-02   5.9226841433212027e+07   3.8657928339400265e+05   9.8711402388686709e-01
  1.0922417019717293e+07   1.3106900423660750e-02   5.9223760073995575e+07   3.8811996300222480e+05   9.8706266789992625e-01
  1.0966517953494327e+07   1.3159821544193193e-02   5.9220666595870398e+07   3.8966670206481504e+05   9.8701110993117325e-01
  1.1010796951554798e+07   1.3212956341865756e-02   5.9217560952463545e+07   3.9121952376824303e+05   9.8695934920772577e-01
  1.1055254732860534e+07   1.3266305679432639e-02   5.9214443097234935e+07   3.9277845138254907e+05   9.8690738495391561e-01
  1.1099892019276328e+07   1.3319870423131593e-02   5.9211312983476825e+07   3.9434350826160441e+05   9.8685521639128038e-01
  1.1144709535581639e+07   1.3373651442697965e-02   5.9208170564313293e+07   3.9591471784337133e+05   9.8680284273855490e-01
  1.1189708009482194e+07   1.3427649611378632e-02   5.9205015792699717e+07   3.9749210365015815e+05   9.8675026321166193e-01
  1.1234888171622081e+07   1.3481865805946496e-02   5.9201848621422246e+07   3.9907568928888947e+05   9.8669747702370414e-01
  1.1280250755595449e+07   1.3536300906714538e-02   5.9198669003097303e+07   4.0066549845136260e+05   9.8664448338495503e-01
  1.1325796497958411e+07   1.3590955797550092e-02   5.9195476890171021e+07   4.0226155491450866e+05   9.8659128150285036e-01
  1.1371526138241025e+07   1.3645831365889229e-02   5.9192272234918728e+07   4.0386388254065649e+05   9.8653787058197884e-01
  1.1417440418959392e+07   1.3700928502751271e-02   5.9189054989444435e+07   4.0547250527779822e+05   9.8648424982407390e-01
  1.1463540085627567e+07   1.3756248102753079e-02   5.9185825105680339e+07   4.0708744715984771e+05   9.8643041842800561e-01
  1.1509825886769729e+07   1.3811791064123674e-02   5.9182582535386220e+07   4.0870873230690660e+05   9.8637637558977032e-01
  1.1556298573932381e+07   1.3867558288718856e-02   5.9179327230148956e+07   4.1033638492553070e+05   9.8632212050248258e-01
  1.1602958901696546e+07   1.3923550682035855e-02   5.9176059141382046e+07   4.1197042930899351e+05   9.8626765235636749e-01
  1.1649807627689829e+07   1.3979769153227795e-02   5.9172778220324948e+07   4.1361088983754511e+05   9.8621297033874911e-01
  1.1696845512599023e+07   1.4036214615118827e-02   5.9169484418042652e+07   4.1525779097868863e+05   9.8615807363404417e-01
  1.1744073320182282e+07   1.4092887984218738e-02   5.9166177685425155e+07   4.1691115728743962e+05   9.8610296142375253e-01
  1.1791491817281507e+07   1.4149790180737807e-02   5.9162857973186843e+07   4.1857101340659196e+05   9.8604763288644737e-01
  1.1839101773834839e+07   1.4206922128601807e-02   5.9159525231866062e+07   4.2023738406698639e+05   9.8599208719776765e-01
  1.1886903962889234e+07   1.4264284755467080e-02   5.9156179411824472e+07   4.2191029408777994e+05   9.8593632353040783e-01
  1.1934899160612870e+07   1.4321878992735444e-02   5.9152820463246621e+07   4.2358976837670896e+05   9.8588034105411038e-01
  1.1983088146307826e+07   1.4379705775569391e-02   5.9149448336139321e+07   4.2527583193035953e+05   9.8582413893565535e-01
  1.2031471702422781e+07   1.4437766042907337e-02   5.9146062980331153e+07   4.2696850983443775e+05   9.8576771633885252e-01
  1.2080050614565667e+07   1.4496060737478800e-02   5.9142664345471963e+07   4.2866782726403658e+05   9.8571107242453271e-01
  1.2128825671516383e+07   1.4554590805819658e-02   5.9139252381032221e+07   4.3037380948390393e+05   9.8565420635053702e-01
  1.2177797665239647e+07   1.4613357198287576e-02   5.9135827036302604e+07   4.3208648184871365e+05   9.8559711727171007e-01
  1.2226967390897930e+07   1.4672360869077515e-02   5.9132388260393359e+07   4.3380586980333884e+05   9.8553980433988930e-01
  1.2276335646864219e+07   1.4731602776237062e-02   5.9128936002233803e+07   4.3553199888311623e+05   9.8548226670389671e-01
  1.2325903234735051e+07   1.4791083881682061e-02   5.9125470210571796e+07   4.3726489471412031e+05   9.8542450350952993e-01
  1.2375670959343590e+07   1.4850805151212306e-02   5.9121990833973162e+07   4.3900458301343623e+05   9.8536651389955265e-01
  1.2425639628772657e+07   1.4910767554527188e-02   5.9118497820821173e+07   4.4075108958943066e+05   9.8530829701368627e-01
  1.2475810054367678e+07   1.4970972065241213e-02   5.9114991119315989e+07   4.4250444034201733e+05   9.8524985198859982e-01
  1.2526183050750166e+07   1.5031419660900198e-02   5.9111470677474149e+07   4.4426466126294056e+05   9.8519117795790245e-01
  1.2576759435830768e+07   1.5092111322996921e-02   5.9107936443127945e+07   4.4603177843604097e+05   9.8513227405213244e-01
  1.2627540030822519e+07   1.5153048036987022e-02   5.9104388363924980e+07   4.4780581803752924e+05   9.8507313939874963e-01
  1.2678525660254225e+07   1.5214230792305069e-02   5.9100826387327515e+07   4.4958680633625941e+05   9.8501377312212524e-01
  1.2729717151983935e+07   1.5275660582380722e-02   5.9097250460612021e+07   4.5137476969400747e+05   9.8495417434353372e-01
  1.2781115337212222e+07   1.5337338404654665e-02   5.9093660530868560e+07   4.5316973456573876e+05   9.8489434218114269e-01
  1.2832721050495759e+07   1.5399265260594909e-02   5.9090056545000263e+07   4.5497172749988595e+05   9.8483427575000437e-01
  1.2884535129760919e+07   1.5461442155713103e-02   5.9086438449722782e+07   4.5678077513862547e+05   9.8477397416204637e-01
  1.2936558416317338e+07   1.5523870099580806e-02   5.9082806191563725e+07   4.5859690421815170e+05   9.8471343652606214e-01
  1.2988791754871512e+07   1.5586550105845814e-02   5.9079159716862127e+07   4.6042014156894921e+05   9.8465266194770207e-01
  1.3041235993540565e+07   1.5649483192248678e-02   5.9075498971767887e+07   4.6225051411607180e+05   9.8459164952946476e-01
  1.3093891983866110e+07   1.5712670380639331e-02   5.9071823902241185e+07   4.6408804887942172e+05   9.8453039837068645e-01
  1.3146760580827909e+07   1.5776112696993489e-02   5.9068134454051994e+07   4.6593277297402028e+05   9.8446890756753325e-01
  1.3199842642857831e+07   1.5839811171429397e-02   5.9064430572779462e+07   4.6778471361028781e+05   9.8440717621299101e-01
  1.3253139031853883e+07   1.5903766838224660e-02   5.9060712203811385e+07   4.6964389809432393e+05   9.8434520339685638e-01
  1.3306650613194032e+07   1.5967980735832839e-02   5.9056979292343676e+07   4.7151035382817878e+05   9.8428298820572790e-01
  1.3360378255750339e+07   1.6032453906900408e-02   5.9053231783379771e+07   4.7338410831013444e+05   9.8422052972299623e-01
  1.3414322831903130e+07   1.6097187398283756e-02   5.9049469621730059e+07   4.7526518913498492e+05   9.8415782702883436e-01
  1.3468485217555096e+07   1.6162182261066114e-02   5.9045692752011403e+07   4.7715362399431266e+05   9.8409487920019001e-01
  1.3522866292145465e+07   1.6227439550574558e-02   5.9041901118646502e+07   4.7904944067676528e+05   9.8403168531077501e-01
  1.3577466938664336e+07   1.6292960326397203e-02   5.9038094665863357e+07   4.8095266706833726e+05   9.8396824443105591e-01
  1.3632288043667102e+07   1.6358745652400523e-02   5.9034273337694727e+07   4.8286333115265169e+05   9.8390455562824541e-01
  1.3687330497288670e+07   1.6424796596746404e-02   5.9030437077977560e+07   4.8478146101123386e+05   9.8384061796629263e-01
  1.3742595193258008e+07   1.6491114231909607e-02   5.9026585830352440e+07   4.8670708482379519e+05   9.8377643050587404e-01
  1.3798083028912706e+07   1.6557699634695246e-02   5.9022719538263001e+07   4.8864023086851457e+05   9.8371199230438333e-01
  1.3853794905213522e+07   1.6624553886256225e-02   5.9018838144955404e+07   4.9058092752231809e+05   9.8364730241592335e-01
  1.3909731726758810e+07   1.6691678072110572e-02   5.9014941593477726e+07   4.9252920326115337e+05   9.8358235989129539e-01
  1.3965894401799545e+07   1.6759073282159451e-02   5.9011029826679476e+07   4.9448508666028141e+05   9.8351716377799125e-01
  1.4022283842253886e+07   1.6826740610704664e-02   5.9007102787210926e+07   4.9644860639455268e+05   9.8345171312018209e-01
  1.4078900963721935e+07   1.6894681156466321e-02   5.9003160417522661e+07   4.9841979123868578e+05   9.8338600695871103e-01
  1.4135746685500672e+07   1.6962896022600805e-02   5.8999202659864925e+07   5.0039867006755254e+05   9.8332004433108211e-01
  1.4192821930598972e+07   1.7031386316718765e-02   5.8995229456287108e+07   5.0238527185646270e+05   9.8325382427145180e-01
  1.4250127625752404e+07   1.7100153150902884e-02   5.8991240748637155e+07   5.0437962568143994e+05   9.8318734581061928e-01
  1.4307664701438382e+07   1.7169197641726058e-02   5.8987236478561021e+07   5.0638176071950793e+05   9.8312060797601697e-01
  1.4365434091891317e+07   1.7238520910269579e-02   5.8983216587502085e+07   5.0839170624897419e+05   9.8305360979170142e-01
  1.4423436735117737e+07   1.7308124082141284e-02   5.8979181016700611e+07   5.1040949164971214e+05   9.8298635027834347e-01
  1.4481673572911460e+07   1.7378008287493751e-02   5.8975129707193151e+07   5.1243514640344132e+05   9.8291882845321921e-01
  1.4540145550868936e+07   1.7448174661042721e-02   5.8971062599812016e+07   5.1446870009401324e+05   9.8285104333020024e-01
  1.4598853618404698e+07   1.7518624342085638e-02   5.8966979635184646e+07   5.1651018240769819e+05   9.8278299391974411e-01
  1.4657798728766594e+07   1.7589358474519912e-02   5.8962880753733113e+07   5.1855962313346204e+05   9.8271467922888522e-01
  1.4716981839051357e+07   1.7660378206861626e-02   5.8958765895673528e+07   5.2061705216325435e+05   9.8264609826122551e-01
  1.4776403910220236e+07   1.7731684692264282e-02   5.8954635001015440e+07   5.2268249949229485e+05   9.8257725001692398e-01
  1.4836065907114418e+07   1.7803279088537301e-02   5.8950488009561330e+07   5.2475599521935196e+05   9.8250813349268884e-01
  1.4895968798470784e+07   1.7875162558164941e-02   5.8946324860905968e+07   5.2683756954703003e+05   9.8243874768176609e-01
  1.4956113556937696e+07   1.7947336268325235e-02   5.8942145494435929e+07   5.2892725278205681e+05   9.8236909157393215e-01
  1.5016501159090739e+07   1.8019801390908887e-02   5.8937949849328913e+07   5.3102507533556491e+05   9.8229916415548191e-01
  1.5077132585448507e+07   1.8092559102538208e-02   5.8933737864553280e+07   5.3313106772337575e+05   9.8222896440922136e-01
  1.5138008820488589e+07   1.8165610584586305e-02   5.8929509478867464e+07   5.3524526056628686e+05   9.8215849131445776e-01
  1.5199130852663644e+07   1.8238957023196372e-02   5.8925264630819321e+07   5.3736768459035957e+05   9.8208774384698871e-01
  1.5260499674417268e+07   1.8312599609300720e-02   5.8921003258745641e+07   5.3949837062719825e+05   9.8201672097909398e-01
  1.5322116282200206e+07   1.8386539538640247e-02   5.8916725300771557e+07   5.4163734961423988e+05   9.8194542167952592e-01
  1.5383981676486578e+07   1.8460778011783894e-02   5.8912430694809951e+07   5.4378465259504027e+05   9.8187384491349916e-01
  1.5446096861790109e+07   1.8535316234148131e-02   5.8908119378560916e+07   5.4594031071956002e+05   9.8180198964268195e-01
  1.5508462846680215e+07   1.8610155416016256e-02   5.8903791289511144e+07   5.4810435524444270e+05   9.8172985482518571e-01
  1.5571080643798750e+07   1.8685296772558500e-02   5.8899446364933409e+07   5.5027681753331306e+05   9.8165743941555683e-01
  1.5633951269876238e+07   1.8760741523851484e-02   5.8895084541885927e+07   5.5245772905705648e+05   9.8158474236476545e-01
  1.5697075745748341e+07   1.8836490894898007e-02   5.8890705757211827e+07   5.5464712139410339e+05   9.8151176262019713e-01
  1.5760455096372504e+07   1.8912546115647005e-02   5.8886309947538592e+07   5.5684502623071766e+05   9.8143849912564318e-01
  1.5824090350844691e+07   1.8988908421013629e-02   5.8881897049277462e+07   5.5905147536128666e+05   9.8136495082129105e-01
  1.5887982542415898e+07   1.9065579050899076e-02   5.8877466998622827e+07   5.6126650068860070e+05   9.8129111664371382e-01
  1.5952132708509039e+07   1.9142559250210845e-02   5.8873019731551751e+07   5.6349013422414300e+05   9.8121699552586250e-01
  1.6016541890735839e+07   1.9219850268883006e-02   5.8868555183823273e+07   5.6572240808837768e+05   9.8114258639705454e-01
  1.6081211134913690e+07   1.9297453361896429e-02   5.8864073290977970e+07   5.6796335451103549e+05   9.8106788818296620e-01
  1.6146141491082577e+07   1.9375369789299091e-02   5.8859573988337234e+07   5.7021300583139679e+05   9.8099289980562054e-01
  1.6211334013522169e+07   1.9453600816226602e-02   5.8855057211002871e+07   5.7247139449858107e+05   9.8091762018338124e-01
  1.6276789760769056e+07   1.9532147712922866e-02   5.8850522893856354e+07   5.7473855307183694e+05   9.8084204823093923e-01
  1.6342509795633735e+07   1.9611011754760481e-02   5.8845970971558392e+07   5.7701451422082132e+05   9.8076618285930650e-01
  1.6408495185217960e+07   1.9690194222261551e-02   5.8841401378548257e+07   5.7929931072589022e+05   9.8069002297580432e-01
  1.6474747000932172e+07   1.9769696401118607e-02   5.8836814049043268e+07   5.8159297547838662e+05   9.8061356748405448e-01
  1.6541266318512697e+07   1.9849519582215234e-02   5.8832208917038187e+07   5.8389554148092354e+05   9.8053681528396974e-01
  1.6608054218039310e+07   1.9929665061647169e-02   5.8827585916304693e+07   5.8620704184767371e+05   9.8045976527174483e-01
  1.6675111783952842e+07   2.0010134140743409e-02   5.8822944980390713e+07   5.8852750980465719e+05   9.8038241633984524e-01
  1.6742440105072720e+07   2.0090928126087263e-02   5.8818286042619973e+07   5.9085697869002575e+05   9.8030476737699956e-01
  1.6810040274614580e+07   2.0172048329537496e-02   5.8813609036091335e+07   5.9319548195434769e+05   9.8022681726818894e-01
  1.6877913390208080e+07   2.0253496068249697e-02   5.8808913893678240e+07   5.9554305316089629e+05   9.8014856489463731e-01
  1.6946060553914830e+07   2.0335272664697795e-02   5.8804200548028156e+07   5.9789972598593892e+05   9.8007000913380260e-01
  1.7014482872246087e+07   2.0417379446695302e-02   5.8799468931561999e+07   6.0026553421901830e+05   9.7999114885936667e-01
  1.7083181456180803e+07   2.0499817747416962e-02   5.8794718976473555e+07   6.0264051176324021e+05   9.7991198294122595e-01
  1.7152157421183757e+07   2.0582588905420508e-02   5.8789950614728905e+07   6.0502469263556297e+05   9.7983251024548179e-01
  1.7221411887223627e+07   2.0665694264668352e-02   5.8785163778065868e+07   6.0741811096708325e+05   9.7975272963443116e-01
  1.7290945978790913e+07   2.0749135174549096e-02   5.8780358397993401e+07   6.0982080100331164e+05   9.7967263996655662e-01
  1.7360760824916635e+07   2.0832912989899959e-02   5.8775534405791074e+07   6.1223279710447509e+05   9.7959224009651791e-01
  1.7430857559190419e+07   2.0917029071028503e-02   5.8770691732508451e+07   6.1465413374579221e+05   9.7951152887514081e-01
  1.7501237319778856e+07   2.1001484783734627e-02   5.8765830308964506e+07   6.1708484551775991e+05   9.7943050514940844e-01
  1.7571901249444060e+07   2.1086281499332872e-02   5.8760950065747149e+07   6.1952496712643909e+05   9.7934916776245251e-01
  1.7642850495562334e+07   2.1171420594674799e-02   5.8756050933212541e+07   6.2197453339374554e+05   9.7926751555354230e-01
  1.7714086210142571e+07   2.1256903452171086e-02   5.8751132841484576e+07   6.2443357925772655e+05   9.7918554735807628e-01
  1.7785609549845085e+07   2.1342731459814100e-02   5.8746195720454335e+07   6.2690213977285009e+05   9.7910326200757225e-01
  1.7857421676000457e+07   2.1428906011200548e-02   5.8741239499779455e+07   6.2938025011029246e+05   9.7902065832965757e-01
  1.7929523754628312e+07   2.1515428505553973e-02   5.8736264108883597e+07   6.3186794555821933e+05   9.7893773514805993e-01
  1.8001916956456188e+07   2.1602300347747426e-02   5.8731269476955891e+07   6.3436526152206992e+05   9.7885449128259816e-01
  1.8074602456938617e+07   2.1689522948326340e-02   5.8726255532950349e+07   6.3687223352484079e+05   9.7877092554917244e-01
  1.8147581436276313e+07   2.1777097723531574e-02   5.8721222205585279e+07   6.3938889720737678e+05   9.7868703675975466e-01
  1.8220855079435132e+07   2.1865026095322159e-02   5.8716169423342742e+07   6.4191528832864505e+05   9.7860282372237906e-01
  1.8294424576165400e+07   2.1953309491398478e-02   5.8711097114467978e+07   6.4445144276602322e+05   9.7851828524113293e-01
  1.8368291121021319e+07   2.2041949345225582e-02   5.8706005206968866e+07   6.4699739651558537e+05   9.7843342011614776e-01
  1.8442455913380329e+07   2.2130947096056394e-02   5.8700893628615268e+07   6.4955318569238402e+05   9.7834822714358782e-01
  1.8516920157462314e+07   2.2220304188954775e-02   5.8695762306938581e+07   6.5211884653072397e+05   9.7826270511564306e-01
  1.8591685062349603e+07   2.2310022074819521e-02   5.8690611169231117e+07   6.5469441538445977e+05   9.7817685282051858e-01
  1.8666751842006344e+07   2.2400102210407613e-02   5.8685440142545499e+07   6.5727992872726941e+05   9.7809066904242503e-01
  1.8742121715298176e+07   2.2490546058357808e-02   5.8680249153694160e+07   6.5987542315293523e+05   9.7800415256156936e-01
  1.8817795906012099e+07   2.2581355087214518e-02   5.8675038129248776e+07   6.6248093537562760e+05   9.7791730215414630e-01
  1.8893775642876446e+07   2.2672530771451736e-02   5.8669806995539658e+07   6.6509650223019079e+05   9.7783011659232766e-01
  1.8970062159580622e+07   2.2764074591496746e-02   5.8664555678655192e+07   6.6772216067241621e+05   9.7774259464425317e-01
  1.9046656694795236e+07   2.2855988033754281e-02   5.8659284104441382e+07   6.7035794777932612e+05   9.7765473507402301e-01
  1.9123560492192309e+07   2.2948272590630769e-02   5.8653992198501110e+07   6.7300390074945788e+05   9.7756653664168514e-01
  1.9200774800465398e+07   2.3040929760558475e-02   5.8648679886193752e+07   6.7566005690314155e+05   9.7747799810322922e-01
  1.9278300873349637e+07   2.3133961048019562e-02   5.8643347092634492e+07   6.7832645368277095e+05   9.7738911821057484e-01
  1.9356139969642531e+07   2.3227367963571038e-02   5.8637993742693834e+07   6.8100312865309895e+05   9.7729989571156395e-01
  1.9434293353224136e+07   2.3321152023868964e-02   5.8632619760997020e+07   6.8369011950150609e+05   9.7721032934995034e-01
  1.9512762293077540e+07   2.3415314751693048e-02   5.8627225071923479e+07   6.8638746403827809e+05   9.7712041786539128e-01
  1.9591548063309543e+07   2.3509857675971451e-02   5.8621809599606253e+07   6.8909520019688737e+05   9.7703015999343756e-01
  1.9670651943171471e+07   2.3604782331805765e-02   5.8616373267931491e+07   6.9181336603427364e+05   9.7693955446552483e-01
  1.9750075217079699e+07   2.3700090260495639e-02   5.8610916000537805e+07   6.9454199973111344e+05   9.7684860000896345e-01
  1.9829819174636632e+07   2.3795783009563958e-02   5.8605437720815830e+07   6.9728113959210098e+05   9.7675729534693045e-01
  1.9909885110651717e+07   2.3891862132782059e-02   5.8599938351907574e+07   7.0003082404622948e+05   9.7666563919845961e-01
  1.9990274325162403e+07   2.3988329190194883e-02   5.8594417816705912e+07   7.0279109164705966e+05   9.7657363027843191e-01
  2.0070988123455152e+07   2.4085185748146182e-02   5.8588876037854053e+07   7.0556198107299348e+05   9.7648126729756757e-01
  2.0152027816086717e+07   2.4182433379304060e-02   5.8583312937744923e+07   7.0834353112755285e+05   9.7638854896241534e-01
  2.0233394718905561e+07   2.4280073662686672e-02   5.8577728438520715e+07   7.1113578073965653e+05   9.7629547397534522e-01
  2.0315090153072946e+07   2.4378108183687533e-02   5.8572122462072253e+07   7.1393876896388724e+05   9.7620204103453756e-01
  2.0397115445084538e+07   2.4476538534101446e-02   5.8566494930038497e+07   7.1675253498076834e+05   9.7610824883397496e-01
  2.0479471926792011e+07   2.4575366312150411e-02   5.8560845763805956e+07   7.1957711809703859e+05   9.7601409606343259e-01
  2.0562160935424637e+07   2.4674593122509563e-02   5.8555174884508193e+07   7.2241255774592387e+05   9.7591958140846990e-01
  2.0645183813610706e+07   2.4774220576332846e-02   5.8549482213025242e+07   7.2525889348739816e+05   9.7582470355042072e-01
  2.0728541909399822e+07   2.4874250291279786e-02   5.8543767669983082e+07   7.2811616500847100e+05   9.7572946116638470e-01
  2.0812236576284513e+07   2.4974683891541415e-02   5.8538031175753139e+07   7.3098441212344915e+05   9.7563385292921900e-01
  2.0896269173222151e+07   2.5075523007866581e-02   5.8532272650451630e+07   7.3386367477420322e+05   9.7553787750752718e-01
  2.0980641064657107e+07   2.5176769277588527e-02   5.8526492013939142e+07   7.3675399303044111e+05   9.7544153356565233e-01
  2.1065353620543029e+07   2.5278424344651634e-02   5.8520689185820073e+07   7.3965540708997892e+05   9.7534481976366794e-01
  2.1150408216364846e+07   2.5380489859637815e-02   5.8514864085442036e+07   7.4256795727900160e+05   9.7524773475736726e-01
  2.1235806233161207e+07   2.5482967479793447e-02   5.8509016631895363e+07   7.4549168405233358e+05   9.7515027719825609e-01
  2.1321549057547007e+07   2.5585858869056406e-02   5.8503146744012624e+07   7.4842662799370755e+05   9.7505244573354377e-01
  2.1407638081735816e+07   2.5689165698082977e-02   5.8497254340367980e+07   7.5137282981602871e+05   9.7495423900613298e-01
  2.1494074703562379e+07   2.5792889644274855e-02   5.8491339339276768e+07   7.5433033036163484e+05   9.7485565565461285e-01
  2.1580860326505430e+07   2.5897032391806515e-02   5.8485401658794887e+07   7.5729917060256482e+05   9.7475669431324807e-01
  2.1667996359710585e+07   2.6001595631652701e-02   5.8479441216718376e+07   7.6027939164082624e+05   9.7465735361197292e-01
  2.1755484218012974e+07   2.6106581061615567e-02   5.8473457930582739e+07   7.6327103470864845e+05   9.7455763217637903e-01
  2.1843325321960337e+07   2.6211990386352402e-02   5.8467451717662528e+07   7.6627414116874989e+05   9.7445752862770885e-01
  2.1931521097836226e+07   2.6317825317403471e-02   5.8461422494970821e+07   7.6928875251460262e+05   9.7435704158284697e-01
  2.2020072977682903e+07   2.6424087573219481e-02   5.8455370179258667e+07   7.7231491037068539e+05   9.7425616965431117e-01
  2.2108982399324719e+07   2.6530778879189660e-02   5.8449294687014550e+07   7.7535265649274550e+05   9.7415491145024247e-01
  2.2198250806391541e+07   2.6637900967669846e-02   5.8443195934463911e+07   7.7840203276806185e+05   9.7405326557439853e-01
  2.2287879648342133e+07   2.6745455578010557e-02   5.8437073837568641e+07   7.8146308121569932e+05   9.7395123062614397e-01
  2.2377870380487561e+07   2.6853444456585072e-02   5.8430928312026508e+07   7.8453584398676315e+05   9.7384880520044181e-01
  2.2468224464014944e+07   2.6961869356817932e-02   5.8424759273270726e+07   7.8762036336465669e+05   9.7374598788784539e-01
  2.2558943366011299e+07   2.7070732039213556e-02   5.8418566636469349e+07   7.9071668176534295e+05   9.7364277727448911e-01
  2.2650028559487101e+07   2.7180034271384521e-02   5.8412350316524856e+07   7.9382484173758782e+05   9.7353917194208095e-01
  2.2741481523400322e+07   2.7289777828080383e-02   5.8406110228073590e+07   7.9694488596321992e+05   9.7343517046789318e-01
  2.2833303742680553e+07   2.7399964491216663e-02   5.8399846285485260e+07   8.0007685725738446e+05   9.7333077142475433e-01
  2.2925496708253063e+07   2.7510596049903673e-02   5.8393558402862445e+07   8.0322079856879381e+05   9.7322597338104078e-01
  2.3018061917062674e+07   2.7621674300475206e-02   5.8387246494040094e+07   8.0637675297996704e+05   9.7312077490066828e-01
  2.3111000872098636e+07   2.7733201046518361e-02   5.8380910472585030e+07   8.0954476370749762e+05   9.7301517454308384e-01
  2.3204315082418706e+07   2.7845178098902447e-02   5.8374550251795448e+07   8.1272487410229177e+05   9.7290917086325746e-01
  2.3298006063173592e+07   2.7957607275808309e-02   5.8368165744700409e+07   8.1591712764981517e+05   9.7280276241167352e-01
  2.3392075335631661e+07   2.8070490402757994e-02   5.8361756864059351e+07   8.1912156797034119e+05   9.7269594773432255e-01
  2.3486524427203774e+07   2.8183829312644529e-02   5.8355323522361636e+07   8.2233823881920008e+05   9.7258872537269392e-01
  2.3581354871467806e+07   2.8297625845761367e-02   5.8348865631826013e+07   8.2556718408701359e+05   9.7248109386376691e-01
  2.3676568208193686e+07   2.8411881849832423e-02   5.8342383104400158e+07   8.2880844779994374e+05   9.7237305174000266e-01
  2.3772165983368497e+07   2.8526599180042196e-02   5.8335875851760156e+07   8.3206207411993854e+05   9.7226459752933592e-01
  2.3868149749221481e+07   2.8641779699065777e-02   5.8329343785310097e+07   8.3532810734496848e+05   9.7215572975516829e-01
  2.3964521064249154e+07   2.8757425277098982e-02   5.8322786816181496e+07   8.3860659190926456e+05   9.7204644693635822e-01
  2.4061281493240684e+07   2.8873537791888820e-02   5.8316204855232917e+07   8.4189757238355780e+05   9.7193674758721527e-01
  2.4158432607303482e+07   2.8990119128764178e-02   5.8309597813049391e+07   8.4520109347532433e+05   9.7182663021748983e-01
  2.4255975983888384e+07   2.9107171180666060e-02   5.8302965599942029e+07   8.4851720002900972e+05   9.7171609333236719e-01
  2.4353913206815436e+07   2.9224695848178522e-02   5.8296308125947498e+07   8.5184593702626938e+05   9.7160513543245830e-01
  2.4452245866299737e+07   2.9342695039559684e-02   5.8289625300827622e+07   8.5518734958620777e+05   9.7149375501379376e-01
  2.4550975558976986e+07   2.9461170670772380e-02   5.8282917034068845e+07   8.5854148296560033e+05   9.7138195056781407e-01
  2.4650103887929536e+07   2.9580124665515441e-02   5.8276183234881774e+07   8.6190838255912950e+05   9.7126972058136285e-01
  2.4749632462712537e+07   2.9699558955255043e-02   5.8269423812200800e+07   8.6528809389961953e+05   9.7115706353667997e-01
  2.4849562899379961e+07   2.9819475479255952e-02   5.8262638674683526e+07   8.6868066265825904e+05   9.7104397791139208e-01
  2.4949896820510741e+07   2.9939876184612888e-02   5.8255827730710372e+07   8.7208613464482722e+05   9.7093046217850620e-01
  2.5050635855235226e+07   3.0060763026282269e-02   5.8248990888384193e+07   8.7550455580792227e+05   9.7081651480640319e-01
  2.5151781639261786e+07   3.0182137967114140e-02   5.8242128055529654e+07   8.7893597223519115e+05   9.7070213425882756e-01
  2.5253335814903051e+07   3.0304002977883659e-02   5.8235239139692947e+07   8.8238043015354220e+05   9.7058731899488249e-01
  2.5355300031102747e+07   3.0426360037323293e-02   5.8228324048141293e+07   8.8583797592937190e+05   9.7047206746902159e-01
  2.5457675943462562e+07   3.0549211132155071e-02   5.8221382687862456e+07   8.8930865606879012e+05   9.7035637813104092e-01
  2.5560465214268982e+07   3.0672558257122777e-02   5.8214414965564370e+07   8.9279251721783506e+05   9.7024024942607279e-01
  2.5663669512519930e+07   3.0796403415023915e-02   5.8207420787674680e+07   8.9628960616268008e+05   9.7012367979457803e-01
  2.5767290513952453e+07   3.0920748616742943e-02   5.8200400060340308e+07   8.9979996982987016e+05   9.7000666767233845e-01
  2.5871329901069615e+07   3.1045595881283538e-02   5.8193352689426996e+07   9.0332365528652328e+05   9.6988921149044993e-01
  2.5975789363167722e+07   3.1170947235801265e-02   5.8186278580518954e+07   9.0686070974054292e+05   9.6977130967531588e-01
  2.6080670596363880e+07   3.1296804715636652e-02   5.8179177638918377e+07   9.1041118054083188e+05   9.6965296064863959e-01
  2.6185975303623691e+07   3.1423170364348427e-02   5.8172049769645020e+07   9.1397511517750763e+05   9.6953416282741700e-01
  2.6291705194788571e+07   3.1550046233746284e-02   5.8164894877435841e+07   9.1755256128210016e+05   9.6941491462393070e-01
  2.6397861986603696e+07   3.1677434383924431e-02   5.8157712866744503e+07   9.2114356662776344e+05   9.6929521444574174e-01
  2.6504447402745958e+07   3.1805336883295149e-02   5.8150503641741075e+07   9.2474817912948388e+05   9.6917506069568460e-01
  2.6611463173851870e+07   3.1933755808622240e-02   5.8143267106311478e+07   9.2836644684428046e+05   9.6905445177185801e-01
  2.6718911037545543e+07   3.2062693245054653e-02   5.8136003164057225e+07   9.3199841797140299e+05   9.6893338606762036e-01
  2.6826792738467012e+07   3.2192151286160410e-02   5.8128711718294971e+07   9.3564414085253468e+05   9.6881186197158287e-01
  2.6935110028300717e+07   3.2322132033960858e-02   5.8121392672056042e+07   9.3930366397199687e+05   9.6868987786760075e-01
  2.7043864665803652e+07   3.2452637598964384e-02   5.8114045928086177e+07   9.4297703595693270e+05   9.6856743213476959e-01
  2.7153058416834041e+07   3.2583670100200850e-02   5.8106671388845019e+07   9.4666430557750992e+05   9.6844452314741702e-01
  2.7262693054380205e+07   3.2715231665256243e-02   5.8099268956505805e+07   9.5036552174711658e+05   9.6832114927509672e-01
  2.7372770358589008e+07   3.2847324430306808e-02   5.8091838532954946e+07   9.5408073352254299e+05   9.6819730888258249e-01
  2.7483292116794933e+07   3.2979950540153916e-02   5.8084380019791685e+07   9.5780999010417622e+05   9.6807300032986143e-01
  2.7594260123549212e+07   3.3113112148259051e-02   5.8076893318327658e+07   9.6155334083619015e+05   9.6794822197212760e-01
  2.7705676180648852e+07   3.3246811416778620e-02   5.8069378329586573e+07   9.6531083520672901e+05   9.6782297215977620e-01
  2.7817542097165778e+07   3.3381050516598933e-02   5.8061834954303868e+07   9.6908252284808562e+05   9.6769724923839784e-01
  2.7929859689476322e+07   3.3515831627371588e-02   5.8054263092926264e+07   9.7286845353688789e+05   9.6757105154877110e-01
  2.8042630781290885e+07   3.3651156937549061e-02   5.8046662645611465e+07   9.7666867719428393e+05   9.6744437742685774e-01
  2.8155857203683201e+07   3.3787028644419841e-02   5.8039033512227818e+07   9.8048324388610851e+05   9.6731722520379693e-01
  2.8269540795120250e+07   3.3923448954144300e-02   5.8031375592353903e+07   9.8431220382306422e+05   9.6718959320589837e-01
  2.8383683401492227e+07   3.4060420081790672e-02   5.8023688785278231e+07   9.8815560736090096e+05   9.6706147975463719e-01
  2.8498286876142431e+07   3.4197944251370918e-02   5.8015972989998877e+07   9.9201350500058231e+05   9.6693288316664794e-01
  2.8613353079896990e+07   3.4336023695876385e-02   5.8008228105223149e+07   9.9588594738844526e+05   9.6680380175371916e-01
  2.8728883881095741e+07   3.4474660657314887e-02   5.8000454029367261e+07   9.9977298531638912e+05   9.6667423382278772e-01
  2.8844881155622169e+07   3.4613857386746605e-02   5.7992650660555981e+07   1.0036746697220274e+06   9.6654417767593304e-01
  2.8961346786933824e+07   3.4753616144320584e-02   5.7984817896622330e+07   1.0075910516888505e+06   9.6641363161037219e-01
  2.9078282666092988e+07   3.4893939199311587e-02   5.7976955635107264e+07   1.0115221824463897e+06   9.6628259391845439e-01
  2.9195690691797581e+07   3.5034828830157093e-02   5.7969063773259267e+07   1.0154681133703825e+06   9.6615106288765440e-01
  2.9313572770411629e+07   3.5176287324493953e-02   5.7961142208034210e+07   1.0194288959829170e+06   9.6601903680057022e-01
  2.9431930815996397e+07   3.5318316979195678e-02   5.7953190836094849e+07   1.0234045819525945e+06   9.6588651393491409e-01
  2.9550766750341583e+07   3.5460920100409896e-02   5.7945209553810671e+07   1.0273952230946823e+06   9.6575349256351117e-01
  2.9670082502996404e+07   3.5604099003595679e-02   5.7937198257257514e+07   1.0314008713712632e+06   9.6561997095429186e-01
  2.9789880011300813e+07   3.5747856013560973e-02   5.7929156842217281e+07   1.0354215788913772e+06   9.6548594737028803e-01
  2.9910161220417064e+07   3.5892193464500476e-02   5.7921085204177685e+07   1.0394573979111719e+06   9.6535142006962804e-01
  3.0030928083361484e+07   3.6037113700033777e-02   5.7912983238331936e+07   1.0435083808340506e+06   9.6521638730553228e-01
  3.0152182561035831e+07   3.6182619073242994e-02   5.7904850839578427e+07   1.0475745802108021e+06   9.6508084732630717e-01
  3.0273926622259293e+07   3.6328711946711147e-02   5.7896687902520552e+07   1.0516560487397441e+06   9.6494479837534253e-01
  3.0396162243800588e+07   3.6475394692560704e-02   5.7888494321466312e+07   1.0557528392668632e+06   9.6480823869110521e-01
  3.0518891410410013e+07   3.6622669692492012e-02   5.7880269990428150e+07   1.0598650047859461e+06   9.6467116650713580e-01
  3.0642116114851225e+07   3.6770539337821470e-02   5.7872014803122647e+07   1.0639925984386962e+06   9.6453358005204415e-01
  3.0765838357934333e+07   3.6919006029521195e-02   5.7863728652970269e+07   1.0681356735148875e+06   9.6439547754950450e-01
  3.0890060148547977e+07   3.7068072178257569e-02   5.7855411433095098e+07   1.0722942834524726e+06   9.6425685721825161e-01
  3.1014783503691852e+07   3.7217740204430222e-02   5.7847063036324620e+07   1.0764684818377092e+06   9.6411771727207696e-01
  3.1140010448509611e+07   3.7368012538211530e-02   5.7838683355189480e+07   1.0806583224052798e+06   9.6397805591982466e-01
  3.1265743016321916e+07   3.7518891619586298e-02   5.7830272281923205e+07   1.0848638590384184e+06   9.6383787136538679e-01
  3.1391983248659089e+07   3.7670379898390907e-02   5.7821829708462022e+07   1.0890851457690133e+06   9.6369716180770038e-01
  3.1518733195294436e+07   3.7822479834353322e-02   5.7813355526444584e+07   1.0933222367777249e+06   9.6355592544074309e-01
  3.1645994914277673e+07   3.7975193897133205e-02   5.7804849627211839e+07   1.0975751863941008e+06   9.6341416045353068e-01
  3.1773770471968271e+07   3.8128524566361927e-02   5.7796311901806682e+07   1.1018440490966795e+06   9.6327186503011142e-01
  3.1902061943068549e+07   3.8282474331682255e-02   5.7787742240973875e+07   1.1061288795130819e+06   9.6312903734956457e-01
  3.2030871410658151e+07   3.8437045692789780e-02   5.7779140535159759e+07   1.1104297324201362e+06   9.6298567558599601e-01
  3.2160200966227408e+07   3.8592241159472886e-02   5.7770506674512118e+07   1.1147466627439645e+06   9.6284177790853531e-01
  3.2290052709711235e+07   3.8748063251653482e-02   5.7761840548879892e+07   1.1190797255600723e+06   9.6269734248133154e-01
  3.2420428749523353e+07   3.8904514499428021e-02   5.7753142047813132e+07   1.1234289760934501e+06   9.6255236746355222e-01
  3.2551331202590723e+07   3.9061597443108866e-02   5.7744411060562715e+07   1.1277944697186677e+06   9.6240685100937862e-01
  3.2682762194387529e+07   3.9219314633265036e-02   5.7735647476080142e+07   1.1321762619599486e+06   9.6226079126800235e-01
  3.2814723858969882e+07   3.9377668630763855e-02   5.7726851183017522e+07   1.1365744084912608e+06   9.6211418638362534e-01
  3.2947218339010604e+07   3.9536662006812724e-02   5.7718022069727235e+07   1.1409889651364028e+06   9.6196703449545395e-01
  3.3080247785833884e+07   3.9696297343000661e-02   5.7709160024261884e+07   1.1454199878690764e+06   9.6181933373769812e-01
  3.3213814359450091e+07   3.9856577231340104e-02   5.7700264934374131e+07   1.1498675328129581e+06   9.6167108223956888e-01
  3.3347920228590947e+07   4.0017504274309133e-02   5.7691336687516488e+07   1.1543316562417743e+06   9.6152227812527480e-01
  3.3482567570744980e+07   4.0179081084893972e-02   5.7682375170841277e+07   1.1588124145793784e+06   9.6137291951402126e-01
  3.3617758572192453e+07   4.0341310286630939e-02   5.7673380271200433e+07   1.1633098643998031e+06   9.6122300452000720e-01
  3.3753495428041071e+07   4.0504194513649283e-02   5.7664351875145391e+07   1.1678240624273280e+06   9.6107253125242320e-01
  3.3889780342261754e+07   4.0667736410714105e-02   5.7655289868926950e+07   1.1723550655365440e+06   9.6092149781544911e-01
  3.4026615527724370e+07   4.0831938633269241e-02   5.7646194138495222e+07   1.1769029307524071e+06   9.6076990230825365e-01
  3.4164003206233174e+07   4.0996803847479807e-02   5.7637064569499485e+07   1.1814677152502763e+06   9.6061774282499146e-01
  3.4301945608563714e+07   4.1162334730276452e-02   5.7627901047288068e+07   1.1860494763559876e+06   9.6046501745480117e-01
  3.4440444974498548e+07   4.1328533969398257e-02   5.7618703456908271e+07   1.1906482715458875e+06   9.6031172428180456e-01
  3.4579503552863583e+07   4.1495404263436300e-02   5.7609471683106303e+07   1.1952641584468705e+06   9.6015786138510506e-01
  3.4719123601564698e+07   4.1662948321877634e-02   5.7600205610327184e+07   1.1998971948364254e+06   9.6000342683878637e-01
  3.4859307387624614e+07   4.1831168865149537e-02   5.7590905122714683e+07   1.2045474386426741e+06   9.5984841871191140e-01
  3.5000057187219314e+07   4.2000068624663177e-02   5.7581570104111254e+07   1.2092149479443973e+06   9.5969283506852088e-01
  3.5141375285715163e+07   4.2169650342858196e-02   5.7572200438057914e+07   1.2138997809710612e+06   9.5953667396763187e-01
  3.5283263977706216e+07   4.2339916773247457e-02   5.7562796007794321e+07   1.2186019961028548e+06   9.5937993346323869e-01
  3.5425725567051269e+07   4.2510870680461520e-02   5.7553356696258627e+07   1.2233216518707026e+06   9.5922261160431044e-01
  3.5568762366911195e+07   4.2682514840293430e-02   5.7543882386087477e+07   1.2280588069562817e+06   9.5906470643479125e-01
  3.5712376699786574e+07   4.2854852039743888e-02   5.7534372959615968e+07   1.2328135201920366e+06   9.5890621599359949e-01
  3.5856570897555687e+07   4.3027885077066820e-02   5.7524828298877627e+07   1.2375858505612013e+06   9.5874713831462710e-01
  3.6001347301511884e+07   4.3201616761814256e-02   5.7515248285604469e+07   1.2423758571977890e+06   9.5858747142674117e-01
  3.6146708262401864e+07   4.3376049914882232e-02   5.7505632801226825e+07   1.2471835993866033e+06   9.5842721335378045e-01
  3.6292656140464045e+07   4.3551187368556850e-02   5.7495981726873547e+07   1.2520091365632489e+06   9.5826636211455907e-01
  3.6439193305466436e+07   4.3727031966559721e-02   5.7486294943371825e+07   1.2568525283141057e+06   9.5810491572286371e-01
  3.6586322136745371e+07   4.3903586564094446e-02   5.7476572331247374e+07   1.2617138343763337e+06   9.5794287218745622e-01
  3.6734045023244239e+07   4.4080854027893086e-02   5.7466813770724304e+07   1.2665931146378650e+06   9.5778022951207176e-01
  3.6882364363552183e+07   4.4258837236262616e-02   5.7457019141725279e+07   1.2714904291373801e+06   9.5761698569542131e-01
  3.7031282565942846e+07   4.4437539079131415e-02   5.7447188323871464e+07   1.2764058380642883e+06   9.5745313873119109e-01
  3.7180802048413649e+07   4.4616962458096376e-02   5.7437321196482629e+07   1.2813394017587043e+06   9.5728868660804378e-01
  3.7330925238725290e+07   4.4797110286470349e-02   5.7427417638577178e+07   1.2862911807114300e+06   9.5712362730961964e-01
  3.7481654574440680e+07   4.4977985489328812e-02   5.7417477528872229e+07   1.2912612355639066e+06   9.5695795881453716e-01
  3.7632992502964765e+07   4.5159591003557716e-02   5.7407500745783664e+07   1.2962496271081853e+06   9.5679167909639440e-01
  3.7784941481584422e+07   4.5341929777901302e-02   5.7397487167426251e+07   1.3012564162868962e+06   9.5662478612377089e-01
  3.7937503977508284e+07   4.5525004773009942e-02   5.7387436671613656e+07   1.3062816641931967e+06   9.5645727786022761e-01
  3.8090682467906237e+07   4.5708818961487485e-02   5.7377349135858618e+07   1.3113254320707098e+06   9.5628915226431033e-01
  3.8244479439950600e+07   4.5893375327940716e-02   5.7367224437373050e+07   1.3163877813134973e+06   9.5612040728955083e-01
  3.8398897390855946e+07   4.6078676869027134e-02   5.7357062453068063e+07   1.3214687734659901e+06   9.5595104088446770e-01
  3.8553938827919580e+07   4.6264726593503495e-02   5.7346863059554204e+07   1.3265684702229197e+06   9.5578105099257005e-01
  3.8709606268562414e+07   4.6451527522274896e-02   5.7336626133141518e+07   1.3316869334292607e+06   9.5561043555235858e-01
  3.8865902240370043e+07   4.6639082688444050e-02   5.7326351549839705e+07   1.3368242250801686e+06   9.5543919249732845e-01
  3.9022829281133369e+07   4.6827395137360041e-02   5.7316039185358271e+07   1.3419804073208873e+06   9.5526731975597123e-01
  3.9180389938890003e+07   4.7016467926667999e-02   5.7305688915106684e+07   1.3471555424466818e+06   9.5509481525177808e-01
  3.9338586771965802e+07   4.7206304126358963e-02   5.7295300614194527e+07   1.3523496929027566e+06   9.5492167690324214e-01
  3.9497422349016264e+07   4.7396906818819515e-02   5.7284874157431722e+07   1.3575629212841645e+06   9.5474790262386200e-01
  3.9656899249068066e+07   4.7588279098881678e-02   5.7274409419328623e+07   1.3627952903357095e+06   9.5457349032214367e-01
  3.9817020061561093e+07   4.7780424073873312e-02   5.7263906274096332e+07   1.3680468629518526e+06   9.5439843790160550e-01
  3.9977787386390738e+07   4.7973344863668881e-02   5.7253364595646791e+07   1.3733177021766216e+06   9.5422274326077983e-01
  4.0139203833949633e+07   4.8167044600739554e-02   5.7242784257593080e+07   1.3786078712034852e+06   9.5404640429321796e-01
  4.0301272025170267e+07   4.8361526430204319e-02   5.7232165133249544e+07   1.3839174333752519e+06   9.5386941888749244e-01
  4.0463994591567777e+07   4.8556793509881332e-02   5.7221507095632121e+07   1.3892464521839616e+06   9.5369178492720197e-01
  4.0627374175282225e+07   4.8752849010338668e-02   5.7210810017458536e+07   1.3945949912707508e+06   9.5351350029097559e-01
  4.0791413429121703e+07   4.8949696114946040e-02   5.7200073771148577e+07   1.3999631144257311e+06   9.5333456285247631e-01
  4.0956115016605578e+07   4.9147338019926691e-02   5.7189298228824310e+07   1.4053508855878683e+06   9.5315497048040521e-01
  4.1121481612007618e+07   4.9345777934409141e-02   5.7178483262310363e+07   1.4107583688448395e+06   9.5297472103850600e-01
  4.1287515900399186e+07   4.9545019080479022e-02   5.7167628743134260e+07   1.4161856284328892e+06   9.5279381238557104e-01
  4.1454220577693038e+07   4.9745064693231644e-02   5.7156734542526662e+07   1.4216327287366865e+06   9.5261224237544440e-01
  4.1621598350687347e+07   4.9945918020824813e-02   5.7145800531421669e+07   1.4270997342891863e+06   9.5243000885702778e-01
  4.1789651937109143e+07   5.0147582324530968e-02   5.7134826580457129e+07   1.4325867097714550e+06   9.5224710967428550e-01
  4.1958384065658703e+07   5.0350060878790438e-02   5.7123812559974998e+07   1.4380937200125218e+06   9.5206354266624993e-01
  4.2127797476054005e+07   5.0553356971264805e-02   5.7112758340021618e+07   1.4436208299892135e+06   9.5187930566702694e-01
  4.2297894919075169e+07   5.0757473902890198e-02   5.7101663790348068e+07   1.4491681048259859e+06   9.5169439650580112e-01
  4.2468679156608470e+07   5.0962414987930159e-02   5.7090528780410588e+07   1.4547356097947250e+06   9.5150881300684309e-01
  4.2640152961692251e+07   5.1168183554030702e-02   5.7079353179370835e+07   1.4603234103146007e+06   9.5132255298951396e-01
  4.2812319118561335e+07   5.1374782942273600e-02   5.7068136856096320e+07   1.4659315719518606e+06   9.5113561426827198e-01
  4.2985180422692150e+07   5.1582216507230577e-02   5.7056879679160759e+07   1.4715601604196418e+06   9.5094799465267932e-01
  4.3158739680848278e+07   5.1790487617017933e-02   5.7045581516844511e+07   1.4772092415777645e+06   9.5075969194740850e-01
  4.3332999711126320e+07   5.1999599653351582e-02   5.7034242237134948e+07   1.4828788814325484e+06   9.5057070395224919e-01
  4.3507963343001105e+07   5.2209556011601321e-02   5.7022861707726873e+07   1.4885691461365821e+06   9.5038102846211459e-01
  4.3683633417371877e+07   5.2420360100846247e-02   5.7011439796022996e+07   1.4942801019885200e+06   9.5019066326704993e-01
  4.3860012786608651e+07   5.2632015343930381e-02   5.6999976369134314e+07   1.5000118154328691e+06   9.4999960615223855e-01
  4.4037104314598322e+07   5.2844525177517983e-02   5.6988471293880522e+07   1.5057643530597587e+06   9.4980785489800867e-01
  4.4214910876790978e+07   5.3057893052149169e-02   5.6976924436790638e+07   1.5115377816047010e+06   9.4961540727984395e-01
  4.4393435360246778e+07   5.3272122432296128e-02   5.6965335664103314e+07   1.5173321679483640e+06   9.4942226106838856e-01
  4.4572680663683102e+07   5.3487216796419719e-02   5.6953704841767371e+07   1.5231475791163363e+06   9.4922841402945612e-01
  4.4752649697521076e+07   5.3703179637025290e-02   5.6942031835442312e+07   1.5289840822788612e+06   9.4903386392403855e-01
  4.4933345383933097e+07   5.3920014460719715e-02   5.6930316510498852e+07   1.5348417447505940e+06   9.4883860850831414e-01
  4.5114770656890564e+07   5.4137724788268671e-02   5.6918558732019350e+07   1.5407206339903479e+06   9.4864264553365585e-01
  4.5296928462210938e+07   5.4356314154653126e-02   5.6906758364798412e+07   1.5466208176008139e+06   9.4844597274664022e-01
  4.5479821757605888e+07   5.4575786109127063e-02   5.6894915273343451e+07   1.5525423633282962e+06   9.4824858788905753e-01
  4.5663453512729481e+07   5.4796144215275372e-02   5.6883029321875162e+07   1.5584853390624428e+06   9.4805048869791941e-01
  4.5847826709226213e+07   5.5017392051071451e-02   5.6871100374328136e+07   1.5644498128359523e+06   9.4785167290546890e-01
  4.6032944340779237e+07   5.5239533208935085e-02   5.6859128294351481e+07   1.5704358528242828e+06   9.4765213823919137e-01
  4.6218809413159177e+07   5.5462571295791012e-02   5.6847112945309319e+07   1.5764435273453586e+06   9.4745188242182199e-01
  4.6405424944273174e+07   5.5686509933127806e-02   5.6835054190281488e+07   1.5824729048592797e+06   9.4725090317135818e-01
  4.6592793964213364e+07   5.5911352757056033e-02   5.6822951892064065e+07   1.5885240539679935e+06   9.4704919820106770e-01
  4.6780919515306354e+07   5.6137103418367619e-02   5.6810805913170047e+07   1.5945970434149913e+06   9.4684676521950073e-01
  4.6969804652162783e+07   5.6363765582595336e-02   5.6798616115830056e+07   1.6006919420849937e+06   9.4664360193050090e-01
  4.7159452441726848e+07   5.6591342930072216e-02   5.6786382361992799e+07   1.6068088190036176e+06   9.4643970603321326e-01
  4.7349865963325433e+07   5.6819839155990516e-02   5.6774104513325989e+07   1.6129477433370252e+06   9.4623507522209982e-01
  4.7541048308719262e+07   5.7049257970463112e-02   5.6761782431216806e+07   1.6191087843916193e+06   9.4602970718694679e-01
  4.7733002582152404e+07   5.7279603098582883e-02   5.6749415976772688e+07   1.6252920116136738e+06   9.4582359961287810e-01
  4.7925731900402606e+07   5.7510878280483124e-02   5.6737005010822080e+07   1.6314974945889802e+06   9.4561675018036795e-01
  4.8119239392832078e+07   5.7743087271398492e-02   5.6724549393915050e+07   1.6377253030424940e+06   9.4540915656525082e-01
  4.8313528201438606e+07   5.7976233841726323e-02   5.6712048986324094e+07   1.6439755068379750e+06   9.4520081643873488e-01
  4.8508601480905980e+07   5.8210321777087175e-02   5.6699503648044840e+07   1.6502481759775996e+06   9.4499172746741400e-01
  4.8704462398655511e+07   5.8445354878386611e-02   5.6686913238796882e+07   1.6565433806015870e+06   9.4478188731328139e-01
  4.8901114134897649e+07   5.8681336961877176e-02   5.6674277618024409e+07   1.6628611909878191e+06   9.4457129363374015e-01
  4.9098559882683441e+07   5.8918271859220127e-02   5.6661596644897155e+07   1.6692016775514456e+06   9.4435994408161927e-01
  4.9296802847956158e+07   5.9156163417547390e-02   5.6648870178311095e+07   1.6755649108444760e+06   9.4414783630518495e-01
  4.9495846249603570e+07   5.9395015499524279e-02   5.6636098076889299e+07   1.6819509615553769e+06   9.4393496794815501e-01
  4.9695693319510497e+07   5.9634831983412594e-02   5.6623280198982716e+07   1.6883599005086720e+06   9.4372133664971192e-01
  4.9896347302610680e+07   5.9875616763132813e-02   5.6610416402671061e+07   1.6947917986644960e+06   9.4350694004451774e-01
  5.0097811456939794e+07   6.0117373748327749e-02   5.6597506545763679e+07   1.7012467271181820e+06   9.4329177576272794e-01
  5.0300089053688616e+07   6.0360106864426333e-02   5.6584550485800385e+07   1.7077247570998329e+06   9.4307584143000645e-01
  5.0503183377255566e+07   6.0603820052706675e-02   5.6571548080052324e+07   1.7142259599738617e+06   9.4285913466753868e-01
  5.0707097725300327e+07   6.0848517270360392e-02   5.6558499185522951e+07   1.7207504072385500e+06   9.4264165309204917e-01
  5.0911835408797584e+07   6.1094202490557095e-02   5.6545403658948839e+07   1.7272981705256016e+06   9.4242339431581401e-01
  5.1117399752090603e+07   6.1340879702508719e-02   5.6532261356800705e+07   1.7338693215996677e+06   9.4220435594667840e-01
  5.1323794092944980e+07   6.1588552911533971e-02   5.6519072135284305e+07   1.7404639323578721e+06   9.4198453558807171e-01
  5.1531021782603048e+07   6.1837226139123652e-02   5.6505835850341372e+07   1.7470820748293395e+06   9.4176393083902288e-01
  5.1739086185838610e+07   6.2086903423006330e-02   5.6492552357650615e+07   1.7537238211747170e+06   9.4154253929417697e-01
  5.1947990681010962e+07   6.2337588817213151e-02   5.6479221512628719e+07   1.7603892436856651e+06   9.4132035854381202e-01
  5.2157738660120025e+07   6.2589286392144033e-02   5.6465843170431316e+07   1.7670784147843623e+06   9.4109738617385530e-01
  5.2368333528861649e+07   6.2842000234633974e-02   5.6452417185954034e+07   1.7737914070230068e+06   9.4087361976590056e-01
  5.2579778706682824e+07   6.3095734448019386e-02   5.6438943413833454e+07   1.7805282930832943e+06   9.4064905689722422e-01
  5.2792077626836427e+07   6.3350493152203716e-02   5.6425421708448306e+07   1.7872891457758727e+06   9.4042369514080515e-01
  5.3005233736438282e+07   6.3606280483725935e-02   5.6411851923920333e+07   1.7940740380398519e+06   9.4019753206533885e-01
  5.3219250496522345e+07   6.3863100595826811e-02   5.6398233914115570e+07   1.8008830429422378e+06   9.3997056523525946e-01
  5.3434131382096812e+07   6.4120957658516178e-02   5.6384567532645270e+07   1.8077162336773858e+06   9.3974279221075452e-01
  5.3649879882200778e+07   6.4379855858640936e-02   5.6370852632867150e+07   1.8145736835664492e+06   9.3951421054778583e-01
  5.3866499499961168e+07   6.4639799399953402e-02   5.6357089067886397e+07   1.8214554660568296e+06   9.3928481779810657e-01
  5.4083993752649017e+07   6.4900792503178817e-02   5.6343276690556876e+07   1.8283616547215830e+06   9.3905461150928127e-01
  5.4302366171736866e+07   6.5162839406084236e-02   5.6329415353482336e+07   1.8352923232588554e+06   9.3882358922470555e-01
  5.4521620302956328e+07   6.5425944363547595e-02   5.6315504909017459e+07   1.8422475454912954e+06   9.3859174848362426e-01
  5.4741759706355475e+07   6.5690111647626573e-02   5.6301545209269144e+07   1.8492273953654533e+06   9.3835908682115243e-01
  5.4962787956356391e+07   6.5955345547627664e-02   5.6287536106097698e+07   1.8562319469511807e+06   9.3812560176829496e-01
  5.5184708641813427e+07   6.6221650370176105e-02   5.6273477451118007e+07   1.8632612744410206e+06   9.3789129085196676e-01
  5.5407525366071820e+07   6.6489030439286181e-02   5.6259369095700853e+07   1.8703154521496005e+06   9.3765615159501425e-01
  5.5631241747025542e+07   6.6757490096430644e-02   5.6245210890974104e+07   1.8773945545129802e+06   9.3742018151623507e-01
  5.5855861417176351e+07   6.7027033700611624e-02   5.6231002687823996e+07   1.8844986560880283e+06   9.3718337813039998e-01
  5.6081388023693033e+07   6.7297665628431633e-02   5.6216744336896479e+07   1.8916278315517863e+06   9.3694573894827460e-01
  5.6307825228470474e+07   6.7569390274164573e-02   5.6202435688598439e+07   1.8987821557008084e+06   9.3670726147664063e-01
  5.6535176708188340e+07   6.7842212049826003e-02   5.6188076593099095e+07   1.9059617034504772e+06   9.3646794321831828e-01
  5.6763446154372148e+07   6.8116135385246579e-02   5.6173666900331289e+07   1.9131665498343783e+06   9.3622778167218812e-01
  5.6992637273452401e+07   6.8391164728142884e-02   5.6159206459992856e+07   1.9203967700035935e+06   9.3598677433321431e-01
  5.7222753786824651e+07   6.8667304544189581e-02   5.6144695121548012e+07   1.9276524392260122e+06   9.3574491869246690e-01
  5.7453799430910155e+07   6.8944559317092188e-02   5.6130132734228760e+07   1.9349336328856421e+06   9.3550221223714602e-01
  5.7685777957216881e+07   6.9222933548660256e-02   5.6115519147036217e+07   1.9422404264819161e+06   9.3525865245060358e-01
  5.7918693132399768e+07   6.9502431758879712e-02   5.6100854208742142e+07   1.9495728956289552e+06   9.3501423681236906e-01
  5.8152548738322154e+07   6.9783058485986579e-02   5.6086137767890334e+07   1.9569311160548592e+06   9.3476896279817223e-01
  5.8387348572117515e+07   7.0064818286541014e-02   5.6071369672798082e+07   1.9643151636009840e+06   9.3452282787996799e-01
  5.8623096446250923e+07   7.0347715735501110e-02   5.6056549771557666e+07   1.9717251142211948e+06   9.3427582952596111e-01
  5.8859796188580155e+07   7.0631755426296183e-02   5.6041677912037864e+07   1.9791610439810916e+06   9.3402796520063103e-01
  5.9097451642419271e+07   7.0916941970903119e-02   5.6026753941885464e+07   1.9866230290572988e+06   9.3377923236475768e-01
  5.9336066666600175e+07   7.1203279999920210e-02   5.6011777708526716e+07   1.9941111457366687e+06   9.3352962847544529e-01
  5.9575645135535173e+07   7.1490774162642198e-02   5.5996749059169039e+07   2.0016254704155030e+06   9.3327915098615066e-01
  5.9816190939280085e+07   7.1779429127136099e-02   5.5981667840802506e+07   2.0091660795987749e+06   9.3302779734670838e-01
  6.0057707983597800e+07   7.2069249580317352e-02   5.5966533900201358e+07   2.0167330498993448e+06   9.3277556500335601e-01
  6.0300200190020964e+07   7.2360240228025147e-02   5.5951347083925784e+07   2.0243264580371338e+06   9.3252245139876311e-01
  6.0543671495915994e+07   7.2652405795099184e-02   5.5936107238323413e+07   2.0319463808383204e+06   9.3226845397205693e-01
  6.0788125854547292e+07   7.2945751025456751e-02   5.5920814209530994e+07   2.0395928952345273e+06   9.3201357015884989e-01
  6.1033567235141166e+07   7.3240280682169395e-02   5.5905467843476087e+07   2.0472660782619824e+06   9.3175779739126807e-01
  6.1279999622950032e+07   7.3535999547540032e-02   5.5890067985878706e+07   2.0549660070606691e+06   9.3150113309797844e-01
  6.1527427019317374e+07   7.3832912423180838e-02   5.5874614482253090e+07   2.0626927588734806e+06   9.3124357470421815e-01
  6.1775853441743098e+07   7.4131024130091719e-02   5.5859107177909300e+07   2.0704464110453741e+06   9.3098511963182162e-01
  6.2025282923948005e+07   7.4430339508737606e-02   5.5843545917955101e+07   2.0782270410224737e+06   9.3072576529925166e-01
  6.2275719515939638e+07   7.4730863419127561e-02   5.5827930547297642e+07   2.0860347263512036e+06   9.3046550912162740e-01
  6.2527167284078352e+07   7.5032600740894018e-02   5.5812260910645232e+07   2.0938695446774061e+06   9.3020434851075384e-01
  6.2779630311143175e+07   7.5335556373371804e-02   5.5796536852509171e+07   2.1017315737454393e+06   9.2994228087515285e-01
  6.3033112696397193e+07   7.5639735235676631e-02   5.5780758217205577e+07   2.1096208913972373e+06   9.2967930362009299e-01
  6.3287618555655681e+07   7.5945142266786808e-02   5.5764924848857179e+07   2.1175375755714392e+06   9.2941541414761963e-01
  6.3543152021352038e+07   7.6251782425622444e-02   5.5749036591395192e+07   2.1254817043024334e+06   9.2915060985658648e-01
  6.3799717242604703e+07   7.6559660691125644e-02   5.5733093288561225e+07   2.1334533557194145e+06   9.2888488814268710e-01
  6.4057318385284841e+07   7.6868782062341809e-02   5.5717094783909164e+07   2.1414526080454397e+06   9.2861824639848611e-01
  6.4315959632084355e+07   7.7179151558501219e-02   5.5701040920807086e+07   2.1494795395964822e+06   9.2835068201345139e-01
  6.4575645182582989e+07   7.7490774219099584e-02   5.5684931542439178e+07   2.1575342287804396e+06   9.2808219237398626e-01
  6.4836379253316961e+07   7.7803655103980351e-02   5.5668766491807722e+07   2.1656167540961634e+06   9.2781277486346203e-01
  6.5098166077847652e+07   7.8117799293417181e-02   5.5652545611735091e+07   2.1737271941324803e+06   9.2754242686225152e-01
  6.5361009906830102e+07   7.8433211888196117e-02   5.5636268744865701e+07   2.1818656275671804e+06   9.2727114574776170e-01
  6.5624915008081749e+07   7.8749898009698088e-02   5.5619935733668044e+07   2.1900321331660016e+06   9.2699892889446744e-01
  6.5889885666652001e+07   7.9067862799982402e-02   5.5603546420436822e+07   2.1982267897816151e+06   9.2672577367394704e-01
  6.6155926184892222e+07   7.9387111421870660e-02   5.5587100647294834e+07   2.2064496763526076e+06   9.2645167745491386e-01
  6.6423040882524766e+07   7.9707649059029717e-02   5.5570598256195240e+07   2.2147008719024090e+06   9.2617663760325397e-01
  6.6691234096713521e+07   8.0029480916056217e-02   5.5554039088923529e+07   2.2229804555382631e+06   9.2590065148205880e-01
  6.6960510182134770e+07   8.0352612218561714e-02   5.5537422987099722e+07   2.2312885064501688e+06   9.2562371645166208e-01
  6.7230873511047035e+07   8.0677048213256441e-02   5.5520749792180479e+07   2.2396251039097845e+06   9.2534582986967462e-01
  6.7502328473362520e+07   8.1002794168035019e-02   5.5504019345461346e+07   2.2479903272693567e+06   9.2506698909102247e-01
  6.7774879476718634e+07   8.1329855372062360e-02   5.5487231488078780e+07   2.2563842559606312e+06   9.2478719146797972e-01
  6.8048530946549311e+07   8.1658237135859166e-02   5.5470386061012566e+07   2.2648069694937440e+06   9.2450643435020941e-01
  6.8323287326156572e+07   8.1987944791387879e-02   5.5453482905087866e+07   2.2732585474560889e+06   9.2422471508479775e-01
  6.8599153076782942e+07   8.2318983692139525e-02   5.5436521860977635e+07   2.2817390695112059e+06   9.2394203101629391e-01
  6.8876132677684337e+07   8.2651359213221198e-02   5.5419502769204751e+07   2.2902486153976512e+06   9.2365837948674590e-01
  6.9154230626201913e+07   8.2985076751442288e-02   5.5402425470144406e+07   2.2987872649278208e+06   9.2337375783574005e-01
  6.9433451437835529e+07   8.3320141725402627e-02   5.5385289804026440e+07   2.3073550979868094e+06   9.2308816340044064e-01
  6.9713799646317378e+07   8.3656559575580852e-02   5.5368095610937566e+07   2.3159521945312433e+06   9.2280159351562607e-01
  6.9995279803685397e+07   8.3994335764422473e-02   5.5350842730823867e+07   2.3245786345880940e+06   9.2251404551373106e-01
  7.0277896480356261e+07   8.4333475776427511e-02   5.5333531003493145e+07   2.3332344982534535e+06   9.2222551672488573e-01
  7.0561654265201226e+07   8.4673985118241465e-02   5.5316160268617287e+07   2.3419198656913848e+06   9.2193600447695478e-01
  7.0846557765619680e+07   8.5015869318743609e-02   5.5298730365734704e+07   2.3506348171326723e+06   9.2164550609557838e-01
  7.1132611607613832e+07   8.5359133929136591e-02   5.5281241134252869e+07   2.3593794328735918e+06   9.2135401890421442e-01
  7.1419820435864061e+07   8.5703784523036869e-02   5.5263692413450696e+07   2.3681537932746792e+06   9.2106154022417830e-01
  7.1708188913804784e+07   8.6049826696565732e-02   5.5246084042481065e+07   2.3769579787594955e+06   9.2076806737468442e-01
  7.1997721723699331e+07   8.6397266068439199e-02   5.5228415860373370e+07   2.3857920698133372e+06   9.2047359767288950e-01
  7.2288423566716373e+07   8.6746108280059644e-02   5.5210687706036098e+07   2.3946561469819769e+06   9.2017812843393498e-01
  7.2580299163006589e+07   8.7096358995607900e-02   5.5192899418259278e+07   2.4035502908703885e+06   9.1988165697098800e-01
  7.2873353251778960e+07   8.7448023902134742e-02   5.5175050835717171e+07   2.4124745821414408e+06   9.1958418059528624e-01
  7.3167590591377482e+07   8.7801108709652978e-02   5.5157141796970889e+07   2.4214291015145853e+06   9.1928569661618154e-01
  7.3463015959358647e+07   8.8155619151230366e-02   5.5139172140470974e+07   2.4304139297645367e+06   9.1898620234118289e-01
  7.3759634152569592e+07   8.8511560983083507e-02   5.5121141704560108e+07   2.4394291477199690e+06   9.1868569507600184e-01
  7.4057449987224922e+07   8.8868939984669895e-02   5.5103050327475779e+07   2.4484748362621330e+06   9.1838417212459633e-01
  7.4356468298985511e+07   8.9227761958782612e-02   5.5084897847353011e+07   2.4575510763235199e+06   9.1808163078921690e-01
  7.4656693943037376e+07   8.9588032731644840e-02   5.5066684102227025e+07   2.4666579488865128e+06   9.1777806837045040e-01
  7.4958131794169664e+07   8.9949758153003587e-02   5.5048408930036113e+07   2.4757955349819735e+06   9.1747348216726854e-01
  7.5260786746854186e+07   9.0312944096225020e-02   5.5030072168624304e+07   2.4849639156878726e+06   9.1716786947707174e-01
  7.5564663715325281e+07   9.0677596458390339e-02   5.5011673655744269e+07   2.4941631721278913e+06   9.1686122759573785e-01
  7.5869767633659258e+07   9.1043721160391111e-02   5.4993213229060046e+07   2.5033933854700043e+06   9.1655355381766745e-01
  7.6176103455854192e+07   9.1411324147025033e-02   5.4974690726149976e+07   2.5126546369250370e+06   9.1624484543583296e-01
  7.6483676155910686e+07   9.1780411387092822e-02   5.4956105984509565e+07   2.5219470077452413e+06   9.1593509974182608e-01
  7.6792490727913097e+07   9.2150988873495709e-02   5.4937458841554336e+07   2.5312705792228575e+06   9.1562431402590561e-01
  7.7102552186109737e+07   9.2523062623331681e-02   5.4918749134622797e+07   2.5406254326886269e+06   9.1531248557704659e-01
  7.7413865564994648e+07   9.2896638677993568e-02   5.4899976700979404e+07   2.5500116495103263e+06   9.1499961168299004e-01
  7.7726435919389755e+07   9.3271723103267701e-02   5.4881141377817467e+07   2.5594293110912903e+06   9.1468568963029107e-01
  7.8040268324526802e+07   9.3648321989432154e-02   5.4862243002262227e+07   2.5688784988689125e+06   9.1437071670437042e-01
  7.8355367876128554e+07   9.4026441451354262e-02   5.4843281411373854e+07   2.5783592943130955e+06   9.1405469018956420e-01
  7.8671739690493494e+07   9.4406087628592192e-02   5.4824256442150488e+07   2.5878717789247837e+06   9.1373760736917475e-01
  7.8989388904577836e+07   9.4787266685493393e-02   5.4805167931531250e+07   2.5974160342344004e+06   9.1341946552552089e-01
  7.9308320676078662e+07   9.5169984811294392e-02   5.4786015716399483e+07   2.6069921418002853e+06   9.1310026193999139e-01
  7.9628540183518067e+07   9.5554248220221683e-02   5.4766799633585759e+07   2.6166001832071454e+06   9.1277999389309594e-01
  7.9950052626327753e+07   9.5940063151593299e-02   5.4747519519871041e+07   2.6262402400645008e+06   9.1245865866451736e-01
  8.0272863224932358e+07   9.6327435869918820e-02   5.4728175211989932e+07   2.6359123940050611e+06   9.1213625353316552e-01
  8.0596977220834836e+07   9.6716372665001799e-02   5.4708766546633750e+07   2.6456167266831449e+06   9.1181277577722919e-01
  8.0922399876701847e+07   9.7106879852042208e-02   5.4689293360453896e+07   2.6553533197730770e+06   9.1148822267423157e-01
  8.1249136476448834e+07   9.7498963771738598e-02   5.4669755490064949e+07   2.6651222549675549e+06   9.1116259150108247e-01
  8.1577192325325578e+07   9.7892630790390692e-02   5.4650152772048056e+07   2.6749236139759999e+06   9.1083587953413425e-01
  8.1906572750002578e+07   9.8287887300003082e-02   5.4630485042954221e+07   2.6847574785229173e+06   9.1050808404923700e-01
  8.2237283098658100e+07   9.8684739718389716e-02   5.4610752139307551e+07   2.6946239303462487e+06   9.1017920232179250e-01
  8.2569328741063997e+07   9.9083194489276785e-02   5.4590953897608712e+07   2.7045230511956695e+06   9.0984923162681186e-01
  8.2902715068673402e+07   9.9483258082408071e-02   5.4571090154338233e+07   2.7144549228309076e+06   9.0951816923897055e-01
  8.3237447494708762e+07   9.9884936993650503e-02   5.4551160745959923e+07   2.7244196270200643e+06   9.0918601243266539e-01
  8.3573531454248741e+07   1.0028823774509849e-01   5.4531165508924313e+07   2.7344172455378678e+06   9.0885275848207192e-01
  8.3910972404316977e+07   1.0069316688518037e-01   5.4511104279672138e+07   2.7444478601639569e+06   9.0851840466120226e-01
  8.4249775823971003e+07   1.0109973098876519e-01   5.4490976894637749e+07   2.7545115526811522e+06   9.0818294824396251e-01
  8.4589947214390874e+07   1.0150793665726904e-01   5.4470783190252654e+07   2.7646084048736971e+06   9.0784638650421090e-01
  8.4931492098968193e+07   1.0191779051876183e-01   5.4450523002949081e+07   2.7747384985254779e+06   9.0750871671581801e-01
  8.5274416023396075e+07   1.0232929922807528e-01   5.4430196169163533e+07   2.7849019154182537e+06   9.0716993615272556e-01
  8.5618724555759773e+07   1.0274246946691172e-01   5.4409802525340274e+07   2.7950987373298830e+06   9.0683004208900453e-01
  8.5964423286625981e+07   1.0315730794395117e-01   5.4389341907935098e+07   2.8053290460324776e+06   9.0648903179891827e-01
  8.6311517829134181e+07   1.0357382139496102e-01   5.4368814153418832e+07   2.8155929232906089e+06   9.0614690255698049e-01
  8.6660013819088101e+07   1.0399201658290572e-01   5.4348219098281085e+07   2.8258904508594796e+06   9.0580365163801813e-01
  8.7009916915047109e+07   1.0441190029805653e-01   5.4327556579033896e+07   2.8362217104830756e+06   9.0545927631723155e-01
  8.7361232798416778e+07   1.0483347935810013e-01   5.4306826432215504e+07   2.8465867838922702e+06   9.0511377387025838e-01
  8.7713967173543274e+07   1.0525676060825193e-01   5.4286028494394019e+07   2.8569857528030123e+06   9.0476714157323368e-01
  8.8068125767804816e+07   1.0568175092136578e-01   5.4265162602171220e+07   2.8674186989144064e+06   9.0441937670285366e-01
  8.8423714331704393e+07   1.0610845719804526e-01   5.4244228592186436e+07   2.8778857039068085e+06   9.0407047653644057e-01
  8.8780738638963521e+07   1.0653688636675622e-01   5.4223226301120199e+07   2.8883868494399209e+06   9.0372043835200333e-01
  8.9139204486616582e+07   1.0696704538393989e-01   5.4202155565698273e+07   2.8989222171508865e+06   9.0336925942830459e-01
  8.9499117695103794e+07   1.0739894123412455e-01   5.4181016222695410e+07   2.9094918886523130e+06   9.0301693704492347e-01
  8.9860484108366311e+07   1.0783258093003957e-01   5.4159808108939365e+07   2.9200959455303405e+06   9.0266346848232271e-01
  9.0223309593941465e+07   1.0826797151272975e-01   5.4138531061314680e+07   2.9307344693426830e+06   9.0230885102191127e-01
  9.0587600043057680e+07   1.0870512005166921e-01   5.4117184916766770e+07   2.9414075416166368e+06   9.0195308194611279e-01
  9.0953361370729700e+07   1.0914403364487564e-01   5.4095769512305886e+07   2.9521152438470810e+06   9.0159615853843145e-01
  9.1320599515855119e+07   1.0958471941902613e-01   5.4074284685011104e+07   2.9628576574944761e+06   9.0123807808351841e-01
  9.1689320441311225e+07   1.1002718452957347e-01   5.4052730272034317e+07   2.9736348639828605e+06   9.0087883786723866e-01
  9.2059530134050846e+07   1.1047143616086101e-01   5.4031106110604480e+07   2.9844469446977852e+06   9.0051843517674135e-01
  9.2431234605200008e+07   1.1091748152624001e-01   5.4009412038031481e+07   2.9952939809842841e+06   9.0015686730052469e-01
  9.2804439890155971e+07   1.1136532786818716e-01   5.3987647891710415e+07   3.0061760541448179e+06   8.9979413152850696e-01
  9.3179152048685014e+07   1.1181498245842202e-01   5.3965813509125650e+07   3.0170932454371969e+06   8.9943022515209414e-01
  9.3555377165019527e+07   1.1226645259802343e-01   5.3943908727855168e+07   3.0280456360724447e+06   8.9906514546425276e-01
  9.3933121347959056e+07   1.1271974561755087e-01   5.3921933385574527e+07   3.0390333072127588e+06   8.9869888975957546e-01
  9.4312390730968177e+07   1.1317486887716181e-01   5.3899887320061281e+07   3.0500563399693808e+06   8.9833145533435466e-01
  9.4693191472275868e+07   1.1363182976673103e-01   5.3877770369199164e+07   3.0611148154004449e+06   8.9796283948665279e-01
  9.5075529754975945e+07   1.1409063570597112e-01   5.3855582370982356e+07   3.0722088145088437e+06   8.9759303951637259e-01
  9.5459411787127942e+07   1.1455129414455352e-01   5.3833323163519867e+07   3.0833384182400890e+06   8.9722205272533107e-01
  9.5844843801856831e+07   1.1501381256222819e-01   5.3810992585039824e+07   3.0945037074801098e+06   8.9684987641733038e-01
  9.6231832057454780e+07   1.1547819846894573e-01   5.3788590473893903e+07   3.1057047630530731e+06   8.9647650789823174e-01
  9.6620382837483168e+07   1.1594445940497980e-01   5.3766116668561630e+07   3.1169416657192088e+06   8.9610194447602720e-01
  9.7010502450874373e+07   1.1641260294104924e-01   5.3743571007654890e+07   3.1282144961725818e+06   8.9572618346091482e-01
  9.7402197232032925e+07   1.1688263667843951e-01   5.3720953329922386e+07   3.1395233350388263e+06   8.9534922216537305e-01
  9.7795473540940657e+07   1.1735456824912878e-01   5.3698263474254094e+07   3.1508682628729790e+06   8.9497105790423492e-01
  9.8190337763258576e+07   1.1782840531591028e-01   5.3675501279685691e+07   3.1622493601571769e+06   8.9459168799476152e-01
  9.8586796310430422e+07   1.1830415557251650e-01   5.3652666585403271e+07   3.1736667072983854e+06   8.9421110975672113e-01
  9.8984855619787082e+07   1.1878182674374449e-01   5.3629759230747797e+07   3.1851203846261282e+06   8.9382932051246322e-01
  9.9384522154651776e+07   1.1926142658558213e-01   5.3606779055219635e+07   3.1966104723902065e+06   8.9344631758699389e-01
  9.9785802404443771e+07   1.1974296288533252e-01   5.3583725898483321e+07   3.2081370507583562e+06   8.9306209830805539e-01
  1.0018870288478436e+08   1.2022644346174122e-01   5.3560599600372173e+07   3.2197001998139373e+06   8.9267666000620283e-01
  1.0059323013760307e+08   1.2071187616512369e-01   5.3537400000892825e+07   3.2312999995536087e+06   8.9229000001488046e-01
  1.0099939073124368e+08   1.2119926887749241e-01   5.3514126940230109e+07   3.2429365298849703e+06   8.9190211567050182e-01
  1.0140719126056942e+08   1.2168862951268331e-01   5.3490780258751743e+07   3.2546098706241548e+06   8.9151300431252900e-01
  1.0181663834707253e+08   1.2217996601648702e-01   5.3467359797013007e+07   3.2663201014935188e+06   8.9112266328355016e-01
  1.0222773863898054e+08   1.2267328636677664e-01   5.3443865395761624e+07   3.2780673021192127e+06   8.9073108992936045e-01
  1.0264049881136297e+08   1.2316859857363556e-01   5.3420296895942569e+07   3.2898515520287356e+06   8.9033828159904282e-01
  1.0305492556624222e+08   1.2366591067949066e-01   5.3396654138702877e+07   3.3016729306485881e+06   8.8994423564504799e-01
  1.0347102563270071e+08   1.2416523075924085e-01   5.3372936965396479e+07   3.3135315173017848e+06   8.8954894942327467e-01
  1.0388880576699099e+08   1.2466656692038919e-01   5.3349145217589200e+07   3.3254273912054310e+06   8.8915242029315333e-01
  1.0430827275264372e+08   1.2516992730317245e-01   5.3325278737063646e+07   3.3373606314682080e+06   8.8875464561772743e-01
  1.0472943340058041e+08   1.2567532008069648e-01   5.3301337365824118e+07   3.3493313170879656e+06   8.8835562276373525e-01
  1.0515229454922226e+08   1.2618275345906671e-01   5.3277320946101680e+07   3.3613395269491863e+06   8.8795534910169471e-01
  1.0557686306460211e+08   1.2669223567752252e-01   5.3253229320359044e+07   3.3733853398205037e+06   8.8755382200598409e-01
  1.0600314584047410e+08   1.2720377500856891e-01   5.3229062331295796e+07   3.3854688343521287e+06   8.8715103885492996e-01
  1.0643114979842834e+08   1.2771737975811401e-01   5.3204819821853265e+07   3.3975900890733926e+06   8.8674699703088777e-01
  1.0686088188800186e+08   1.2823305826560222e-01   5.3180501635219723e+07   3.4097491823901632e+06   8.8634169392032869e-01
  1.0729234908679023e+08   1.2875081890414827e-01   5.3156107614835568e+07   3.4219461925822441e+06   8.8593512691392617e-01
  1.0772555840056345e+08   1.2927067008067614e-01   5.3131637604398303e+07   3.4341811978008728e+06   8.8552729340663838e-01
  1.0816051686337836e+08   1.2979262023605403e-01   5.3107091447867848e+07   3.4464542760660998e+06   8.8511819079779752e-01
  1.0859723153769159e+08   1.3031667784522991e-01   5.3082468989471778e+07   3.4587655052641365e+06   8.8470781649119634e-01
  1.0903570951447687e+08   1.3084285141737223e-01   5.3057770073710397e+07   3.4711149631448248e+06   8.8429616789517329e-01
  1.0947595791333875e+08   1.3137114949600651e-01   5.3032994545362130e+07   3.4835027273189602e+06   8.8388324242270211e-01
  1.0991798388262701e+08   1.3190158065915242e-01   5.3008142249488831e+07   3.4959288752556131e+06   8.8346903749148054e-01
  1.1036179459955528e+08   1.3243415351946633e-01   5.2983213031440966e+07   3.5083934842795432e+06   8.8305355052401613e-01
  1.1080739727031635e+08   1.3296887672437960e-01   5.2958206736863069e+07   3.5208966315684905e+06   8.8263677894771786e-01
  1.1125479913019770e+08   1.3350575895623723e-01   5.2933123211699151e+07   3.5334383941504504e+06   8.8221872019498582e-01
  1.1170400744370180e+08   1.3404480893244217e-01   5.2907962302197948e+07   3.5460188489010483e+06   8.8179937170329914e-01
  1.1215502950466217e+08   1.3458603540559461e-01   5.2882723854918502e+07   3.5586380725407768e+06   8.8137873091530838e-01
  1.1260787263636233e+08   1.3512944716363479e-01   5.2857407716735490e+07   3.5712961416322775e+06   8.8095679527892479e-01
  1.1306254419165514e+08   1.3567505302998617e-01   5.2832013734844781e+07   3.5839931325776349e+06   8.8053356224741297e-01
  1.1351905155308032e+08   1.3622286186369637e-01   5.2806541756768942e+07   3.5967291216155551e+06   8.8010902927948231e-01
  1.1397740213298714e+08   1.3677288255958456e-01   5.2780991630362749e+07   3.6095041848186506e+06   8.7968319383937910e-01
  1.1443760337365338e+08   1.3732512404838404e-01   5.2755363203818776e+07   3.6223183980906396e+06   8.7925605339697954e-01
  1.1489966274740471e+08   1.3787959529688565e-01   5.2729656325673036e+07   3.6351718371635075e+06   8.7882760542788396e-01
  1.1536358775673890e+08   1.3843630530808668e-01   5.2703870844810493e+07   3.6480645775947785e+06   8.7839784741350824e-01
  1.1582938593444622e+08   1.3899526312133545e-01   5.2678006610470764e+07   3.6609966947646495e+06   8.7796677684117941e-01
  1.1629706484373027e+08   1.3955647781247632e-01   5.2652063472253822e+07   3.6739682638731133e+06   8.7753439120423038e-01
  1.1676663207833371e+08   1.4011995849400044e-01   5.2626041280125655e+07   3.6869793599371947e+06   8.7710068800209429e-01
  1.1723809526266009e+08   1.4068571431519208e-01   5.2599939884423971e+07   3.7000300577880382e+06   8.7666566474039953e-01
  1.1771146205189621e+08   1.4125375446227545e-01   5.2573759135864064e+07   3.7131204320679945e+06   8.7622931893106770e-01
  1.1818674013213933e+08   1.4182408815856717e-01   5.2547498885544427e+07   3.7262505572278090e+06   8.7579164809240706e-01
  1.1866393722052047e+08   1.4239672466462455e-01   5.2521158984952696e+07   3.7394205075236796e+06   8.7535264974921156e-01
  1.1914306106532831e+08   1.4297167327839397e-01   5.2494739285971463e+07   3.7526303570142961e+06   8.7491232143285769e-01
  1.1962411944613792e+08   1.4354894333536550e-01   5.2468239640884064e+07   3.7658801795579921e+06   8.7447066068140111e-01
  1.2010712017393509e+08   1.4412854420872209e-01   5.2441659902380556e+07   3.7791700488097458e+06   8.7402766503967588e-01
  1.2059207109124362e+08   1.4471048530949235e-01   5.2414999923563585e+07   3.7925000382182370e+06   8.7358333205939309e-01
  1.2107898007225327e+08   1.4529477608670391e-01   5.2388259557954267e+07   3.8058702210228895e+06   8.7313765929923781e-01
  1.2156785502294554e+08   1.4588142602753465e-01   5.2361438659498386e+07   3.8192806702508349e+06   8.7269064432497312e-01
  1.2205870388122499e+08   1.4647044465746997e-01   5.2334537082572065e+07   3.8327314587139944e+06   8.7224228470953447e-01
  1.2255153461704674e+08   1.4706184154045610e-01   5.2307554681987979e+07   3.8462226590060350e+06   8.7179257803313293e-01
  1.2304635523254430e+08   1.4765562627905315e-01   5.2280491313001409e+07   3.8597543434993178e+06   8.7134152188335678e-01
  1.2354317376216254e+08   1.4825180851459505e-01   5.2253346831316225e+07   3.8733265843419149e+06   8.7088911385527046e-01
  1.2404199827278662e+08   1.4885039792734395e-01   5.2226121093090974e+07   3.8869394534545336e+06   8.7043535155151619e-01
  1.2454283686387147e+08   1.4945140423664577e-01   5.2198813954945222e+07   3.9005930225274102e+06   8.6998023258242041e-01
  1.2504569766757634e+08   1.5005483720109161e-01   5.2171425273965403e+07   3.9142873630173216e+06   8.6952375456609010e-01
  1.2555058884889533e+08   1.5066070661867439e-01   5.2143954907711126e+07   3.9280225461444594e+06   8.6906591512851872e-01
  1.2605751860578839e+08   1.5126902232694606e-01   5.2116402714221478e+07   3.9417986428892841e+06   8.6860671190369132e-01
  1.2656649516931757e+08   1.5187979420318107e-01   5.2088768552021049e+07   3.9556157239895002e+06   8.6814614253368416e-01
  1.2707752680377907e+08   1.5249303216453486e-01   5.2061052280126281e+07   3.9694738599368851e+06   8.6768420466877139e-01
  1.2759062180683590e+08   1.5310874616820308e-01   5.2033253758051820e+07   3.9833731209741142e+06   8.6722089596753038e-01
  1.2810578850965574e+08   1.5372694621158689e-01   5.2005372845816657e+07   3.9973135770916934e+06   8.6675621409694426e-01
  1.2862303527704409e+08   1.5434764233245291e-01   5.1977409403950572e+07   4.0112952980247396e+06   8.6629015673250953e-01
  1.2914237050758117e+08   1.5497084460909741e-01   5.1949363293500364e+07   4.0253183532498376e+06   8.6582272155833939e-01
  1.2966380263375616e+08   1.5559656316050738e-01   5.1921234376036465e+07   4.0393828119817916e+06   8.6535390626727438e-01
  1.3018734012210734e+08   1.5622480814652881e-01   5.1893022513659015e+07   4.0534887431705161e+06   8.6488370856098362e-01
  1.3071299147335733e+08   1.5685558976802880e-01   5.1864727569004521e+07   4.0676362154977652e+06   8.6441212615007534e-01
  1.3124076522255234e+08   1.5748891826706279e-01   5.1836349405252181e+07   4.0818252973739374e+06   8.6393915675420296e-01
  1.3177066993919846e+08   1.5812480392703815e-01   5.1807887886130482e+07   4.0960560569347870e+06   8.6346479810217469e-01
  1.3230271422740415e+08   1.5876325707288497e-01   5.1779342875923537e+07   4.1103285620382605e+06   8.6298904793205899e-01
  1.3283690672601822e+08   1.5940428807122187e-01   5.1750714239477657e+07   4.1246428802611982e+06   8.6251190399129429e-01
  1.3337325610876857e+08   1.6004790733052227e-01   5.1722001842208005e+07   4.1389990788960163e+06   8.6203336403680009e-01
  1.3391177108440621e+08   1.6069412530128746e-01   5.1693205550105043e+07   4.1533972249475070e+06   8.6155342583508410e-01
  1.3445246039684510e+08   1.6134295247621411e-01   5.1664325229741037e+07   4.1678373851295058e+06   8.6107208716235062e-01
  1.3499533282530242e+08   1.6199439939036289e-01   5.1635360748276956e+07   4.1823196258615446e+06   8.6058934580461599e-01
  1.3554039718444446e+08   1.6264847662133333e-01   5.1606311973468810e+07   4.1968440132656163e+06   8.6010519955781350e-01
  1.3608766232452807e+08   1.6330519478943367e-01   5.1577178773674428e+07   4.2114106131628081e+06   8.5961964622790710e-01
  1.3663713713154271e+08   1.6396456455785124e-01   5.1547961017860226e+07   4.2260194910699148e+06   8.5913268363100381e-01
  1.3718883052735800e+08   1.6462659663282958e-01   5.1518658575607702e+07   4.2406707121961731e+06   8.5864430959346172e-01
  1.3774275146986708e+08   1.6529130176384049e-01   5.1489271317120321e+07   4.2553643414398627e+06   8.5815452195200537e-01
  1.3829890895313016e+08   1.6595869074375619e-01   5.1459799113230288e+07   4.2701004433848802e+06   8.5766331855383815e-01
  1.3885731200752416e+08   1.6662877440902898e-01   5.1430241835405156e+07   4.2848790822974527e+06   8.5717069725675255e-01
  1.3941796969988686e+08   1.6730156363986423e-01   5.1400599355754696e+07   4.2997003221226800e+06   8.5667665592924491e-01
  1.3998089113366482e+08   1.6797706936039777e-01   5.1370871547037773e+07   4.3145642264811359e+06   8.5618119245062951e-01
  1.4054608544906178e+08   1.6865530253887412e-01   5.1341058282669082e+07   4.3294708586654831e+06   8.5568430471115142e-01
  1.4111356182318467e+08   1.6933627418782160e-01   5.1311159436726116e+07   4.3444202816369683e+06   8.5518599061210188e-01
  1.4168332947019616e+08   1.7001999536423537e-01   5.1281174883955888e+07   4.3594125580220893e+06   8.5468624806593152e-01
  1.4225539764146250e+08   1.7070647716975501e-01   5.1251104499781862e+07   4.3744477501090989e+06   8.5418507499636431e-01
  1.4282977562570202e+08   1.7139573075084241e-01   5.1220948160311066e+07   4.3895259198444951e+06   8.5368246933851777e-01
  1.4340647274913940e+08   1.7208776729896727e-01   5.1190705742340744e+07   4.4046471288296534e+06   8.5317842903901242e-01
  1.4398549837565541e+08   1.7278259805078650e-01   5.1160377123365469e+07   4.4198114383172896e+06   8.5267295205609117e-01
  1.4456686190693718e+08   1.7348023428832460e-01   5.1129962181584179e+07   4.4350189092079382e+06   8.5216603635973631e-01
  1.4515057278263432e+08   1.7418068733916117e-01   5.1099460795906968e+07   4.4502696020465419e+06   8.5165767993178276e-01
  1.4573664048051044e+08   1.7488396857661254e-01   5.1068872845962264e+07   4.4655635770188961e+06   8.5114788076603776e-01
  1.4632507451659539e+08   1.7559008941991447e-01   5.1038198212103903e+07   4.4809008939480819e+06   8.5063663686839841e-01
  1.4691588444534317e+08   1.7629906133441178e-01   5.1007436775417969e+07   4.4962816122910436e+06   8.5012394625696619e-01
  1.4750907985978538e+08   1.7701089583174245e-01   5.0976588417730063e+07   4.5117057911349954e+06   8.4960980696216770e-01
  1.4810467039168513e+08   1.7772560447002214e-01   5.0945653021612383e+07   4.5271734891938306e+06   8.4909421702687304e-01
  1.4870266571169707e+08   1.7844319885403648e-01   5.0914630470390722e+07   4.5426847648046641e+06   8.4857717450651204e-01
  1.4930307552952203e+08   1.7916369063542642e-01   5.0883520648151644e+07   4.5582396759242052e+06   8.4805867746919406e-01
  1.4990590959406522e+08   1.7988709151287827e-01   5.0852323439749666e+07   4.5738382801251952e+06   8.4753872399582775e-01
  1.5051117769359511e+08   1.8061341323231411e-01   5.0821038730814368e+07   4.5894806345928442e+06   8.4701731218023946e-01
  1.5111888965590006e+08   1.8134266758708006e-01   5.0789666407757692e+07   4.6051667961211838e+06   8.4649444012929487e-01
  1.5172905534845141e+08   1.8207486641814169e-01   5.0758206357780948e+07   4.6208968211095575e+06   8.4597010596301581e-01
  1.5234168467856196e+08   1.8281002161427434e-01   5.0726658468882121e+07   4.6366707655589674e+06   8.4544430781470203e-01
  1.5295678759354493e+08   1.8354814511225390e-01   5.0695022629863247e+07   4.6524886850684090e+06   8.4491704383105415e-01
  1.5357437408087921e+08   1.8428924889705506e-01   5.0663298730337374e+07   4.6683506348313438e+06   8.4438831217228960e-01
  1.5419445416836968e+08   1.8503334500204360e-01   5.0631486660736032e+07   4.6842566696320185e+06   8.4385811101226715e-01
  1.5481703792430815e+08   1.8578044550916978e-01   5.0599586312316507e+07   4.7002068438417800e+06   8.4332643853860845e-01
  1.5544213545764053e+08   1.8653056254916864e-01   5.0567597577169023e+07   4.7162012114155199e+06   8.4279329295281702e-01
  1.5606975691812927e+08   1.8728370830175511e-01   5.0535520348224096e+07   4.7322398258879771e+06   8.4225867247040165e-01
  1.5669991249651596e+08   1.8803989499581913e-01   5.0503354519260012e+07   4.7483227403700212e+06   8.4172257532100014e-01
  1.5733261242469096e+08   1.8879913490962916e-01   5.0471099984909892e+07   4.7644500075450838e+06   8.4118499974849825e-01
  1.5796786697585735e+08   1.8956144037102882e-01   5.0438756640669212e+07   4.7806216796654277e+06   8.4064594401115356e-01
  1.5860568646469593e+08   1.9032682375763510e-01   5.0406324382903226e+07   4.7968378085484197e+06   8.4010540638172038e-01
  1.5924608124753660e+08   1.9109529749704390e-01   5.0373803108854197e+07   4.8130984455729295e+06   8.3956338514756990e-01
  1.5988906172252381e+08   1.9186687406702857e-01   5.0341192716648914e+07   4.8294036416755803e+06   8.3901987861081528e-01
  1.6053463832978684e+08   1.9264156599574420e-01   5.0308493105305940e+07   4.8457534473470589e+06   8.3847488508843238e-01
  1.6118282155160651e+08   1.9341938586192781e-01   5.0275704174743354e+07   4.8621479126283526e+06   8.3792840291238924e-01
  1.6183362191258955e+08   1.9420034629510746e-01   5.0242825825785808e+07   4.8785870871071285e+06   8.3738043042976351e-01
  1.6248704997983667e+08   1.9498445997580399e-01   5.0209857960172176e+07   4.8950710199139416e+06   8.3683096600286966e-01
  1.6314311636311561e+08   1.9577173963573871e-01   5.0176800480562992e+07   4.9115997597185392e+06   8.3628000800938318e-01
  1.6380183171503058e+08   1.9656219805803668e-01   5.0143653290547960e+07   4.9281733547260556e+06   8.3572755484246597e-01
  1.6446320673119938e+08   1.9735584807743925e-01   5.0110416294653319e+07   4.9447918526733732e+06   8.3517360491088866e-01
  1.6512725215042499e+08   1.9815270258050999e-01   5.0077089398349412e+07   4.9614553008253304e+06   8.3461815663915684e-01
  1.6579397875486791e+08   1.9895277450584148e-01   5.0043672508058235e+07   4.9781637459709132e+06   8.3406120846763721e-01
  1.6646339737022537e+08   1.9975607684427044e-01   5.0010165531160854e+07   4.9949172344196048e+06   8.3350275885268088e-01
  1.6713551886590490e+08   2.0056262263908586e-01   4.9976568376004934e+07   5.0117158119975654e+06   8.3294280626674888e-01
  1.6781035415519902e+08   2.0137242498623881e-01   4.9942880951912433e+07   5.0285595240438199e+06   8.3238134919854057e-01
  1.6848791419546628e+08   2.0218549703455951e-01   4.9909103169186890e+07   5.0454484154065913e+06   8.3181838615311487e-01
  1.6916820998830727e+08   2.0300185198596871e-01   4.9875234939121135e+07   5.0623825304394644e+06   8.3125391565201889e-01
  1.6985125257974124e+08   2.0382150309568947e-01   4.9841276174004950e+07   5.0793619129975606e+06   8.3068793623341586e-01
  1.7053705306038937e+08   2.0464446367246725e-01   4.9807226787132353e+07   5.0963866064338535e+06   8.3012044645220584e-01
  1.7122562256565240e+08   2.0547074707878288e-01   4.9773086692809418e+07   5.1134566535953218e+06   8.2955144488015697e-01
  1.7191697227589250e+08   2.0630036673107099e-01   4.9738855806361698e+07   5.1305720968191801e+06   8.2898093010602825e-01
  1.7261111341661227e+08   2.0713333609993470e-01   4.9704534044142038e+07   5.1477329779290128e+06   8.2840890073570062e-01
  1.7330805725864103e+08   2.0796966871036923e-01   4.9670121323537901e+07   5.1649393382310849e+06   8.2783535539229836e-01
  1.7400781511831519e+08   2.0880937814197822e-01   4.9635617562979132e+07   5.1821912185104657e+06   8.2726029271631885e-01
  1.7471039835766324e+08   2.0965247802919587e-01   4.9601022681945540e+07   5.1994886590272589e+06   8.2668371136575902e-01
  1.7541581838458747e+08   2.1049898206150494e-01   4.9566336600974604e+07   5.2168316995127248e+06   8.2610561001624339e-01
  1.7612408665305349e+08   2.1134890398366418e-01   4.9531559241668902e+07   5.2342203791655749e+06   8.2552598736114835e-01
  1.7683521466327408e+08   2.1220225759592889e-01   4.9496690526703857e+07   5.2516547366481042e+06   8.2494484211173091e-01
  1.7754921396189365e+08   2.1305905675427236e-01   4.9461730379835419e+07   5.2691348100823220e+06   8.2436217299725700e-01
  1.7826609614218023e+08   2.1391931537061626e-01   4.9426678725907564e+07   5.2866606370462449e+06   8.2377797876512604e-01
  1.7898587284421134e+08   2.1478304741305360e-01   4.9391535490860023e+07   5.3042322545700129e+06   8.2319225818100039e-01
  1.7970855575506100e+08   2.1565026690607320e-01   4.9356300601736002e+07   5.3218496991320252e+06   8.2260501002893338e-01
  1.8043415660899377e+08   2.1652098793079252e-01   4.9320973986689620e+07   5.3395130066552209e+06   8.2201623311149363e-01
  1.8116268718765301e+08   2.1739522462518360e-01   4.9285555574993685e+07   5.3572222125031929e+06   8.2142592624989474e-01
  1.8189415932025018e+08   2.1827299118430021e-01   4.9250045297047414e+07   5.3749773514763238e+06   8.2083408828412352e-01
  1.8262858488376114e+08   2.1915430186051335e-01   4.9214443084383965e+07   5.3927784578080494e+06   8.2024071807306609e-01
  1.8336597580311692e+08   2.2003917096374029e-01   4.9178748869678065e+07   5.4106255651609935e+06   8.1964581449463447e-01
  1.8410634405139494e+08   2.2092761286167392e-01   4.9142962586753905e+07   5.4285187066230774e+06   8.1904937644589837e-01
  1.8484970165001816e+08   2.2181964198002177e-01   4.9107084170592397e+07   5.4464579147038301e+06   8.1845140284320661e-01
  1.8559606066894701e+08   2.2271527280273640e-01   4.9071113557339162e+07   5.4644432213304508e+06   8.1785189262231939e-01
  1.8634543322687626e+08   2.2361451987225150e-01   4.9035050684312060e+07   5.4824746578440042e+06   8.1725084473853438e-01
  1.8709783149143255e+08   2.2451739778971905e-01   4.8998895490008831e+07   5.5005522549956134e+06   8.1664825816681386e-01
  1.8785326767936888e+08   2.2542392121524266e-01   4.8962647914114922e+07   5.5186760429425677e+06   8.1604413190191538e-01
  1.8861175405676758e+08   2.2633410486812108e-01   4.8926307897510841e+07   5.5368460512446109e+06   8.1543846495851402e-01
  1.8937330293923712e+08   2.2724796352708454e-01   4.8889875382279985e+07   5.5550623088600393e+06   8.1483125637133302e-01
  1.9013792669210985e+08   2.2816551203053181e-01   4.8853350311716363e+07   5.5733248441418493e+06   8.1422250519527273e-01
  1.9090563773064739e+08   2.2908676527677685e-01   4.8816732630332038e+07   5.5916336848340128e+06   8.1361221050553401e-01
  1.9167644852023980e+08   2.3001173822428775e-01   4.8780022283864856e+07   5.6099888580676038e+06   8.1300037139774761e-01
  1.9245037157660583e+08   2.3094044589192697e-01   4.8743219219286218e+07   5.6283903903569207e+06   8.1238698698810363e-01
  1.9322741946600065e+08   2.3187290335920077e-01   4.8706323384808473e+07   5.6468383075957960e+06   8.1177205641347461e-01
  1.9400760480541760e+08   2.3280912576650112e-01   4.8669334729892649e+07   5.6653326350537064e+06   8.1115557883154410e-01
  1.9479094026279074e+08   2.3374912831534889e-01   4.8632253205256224e+07   5.6838733973719236e+06   8.1053755342093703e-01
  1.9557743855720520e+08   2.3469292626864624e-01   4.8595078762880452e+07   5.7024606185598075e+06   8.0991797938134091e-01
  1.9636711245910141e+08   2.3564053495092169e-01   4.8557811356018163e+07   5.7210943219909491e+06   8.0929685593363609e-01
  1.9715997479047999e+08   2.3659196974857596e-01   4.8520450939201407e+07   5.7397745303993197e+06   8.0867418232002342e-01
  1.9795603842511469e+08   2.3754724611013761e-01   4.8482997468248941e+07   5.7585012658755677e+06   8.0804995780414901e-01
  1.9875531628875843e+08   2.3850637954651011e-01   4.8445450900273733e+07   5.7772745498631597e+06   8.0742418167122887e-01
  1.9955782135935375e+08   2.3946938563122450e-01   4.8407811193690836e+07   5.7960944031546172e+06   8.0679685322818062e-01
  2.0036356666724443e+08   2.4043628000069331e-01   4.8370078308224566e+07   5.8149608458877411e+06   8.0616797180374278e-01
  2.0117256529538387e+08   2.4140707835446062e-01   4.8332252204916544e+07   5.8338738975417605e+06   8.0553753674860906e-01
  2.0198483037955227e+08   2.4238179645546271e-01   4.8294332846132740e+07   5.8528335769336615e+06   8.0490554743554565e-01
  2.0280037510856768e+08   2.4336045013028121e-01   4.8256320195571318e+07   5.8718399022143688e+06   8.0427200325952197e-01
  2.0361921272449747e+08   2.4434305526939695e-01   4.8218214218270227e+07   5.8908928908649180e+06   8.0363690363783713e-01
  2.0444135652287835e+08   2.4532962782745402e-01   4.8180014880614422e+07   5.9099925596928140e+06   8.0300024801024039e-01
  2.0526681985292986e+08   2.4632018382351581e-01   4.8141722150343627e+07   5.9291389248282146e+06   8.0236203583906041e-01
  2.0609561611776853e+08   2.4731473934132223e-01   4.8103335996559791e+07   5.9483320017201258e+06   8.0172226660932988e-01
  2.0692775877463052e+08   2.4831331052955660e-01   4.8064856389734507e+07   5.9675718051327793e+06   8.0108093982890849e-01
  2.0776326133508769e+08   2.4931591360210520e-01   4.8026283301716372e+07   5.9868583491418408e+06   8.0043805502860621e-01
  2.0860213736526439e+08   2.5032256483831727e-01   4.7987616705738835e+07   6.0061916471306160e+06   7.9979361176231389e-01
  2.0944440048606277e+08   2.5133328058327531e-01   4.7948856576427154e+07   6.0255717117864555e+06   7.9914760960711928e-01
  2.1029006437338158e+08   2.5234807724805791e-01   4.7910002889806114e+07   6.0449985550969737e+06   7.9850004816343523e-01
  2.1113914275833544e+08   2.5336697131000252e-01   4.7871055623307496e+07   6.0644721883462789e+06   7.9785092705512495e-01
  2.1199164942748305e+08   2.5438997931297963e-01   4.7832014755777285e+07   6.0839926221113857e+06   7.9720024592962135e-01
  2.1284759822304761e+08   2.5541711786765714e-01   4.7792880267483100e+07   6.1035598662584797e+06   7.9654800445805163e-01
  2.1370700304314330e+08   2.5644840365177196e-01   4.7753652140121527e+07   6.1231739299392635e+06   7.9589420233535879e-01
  2.1456987784199744e+08   2.5748385341039692e-01   4.7714330356825650e+07   6.1428348215872012e+06   7.9523883928042749e-01
  2.1543623663018224e+08   2.5852348395621866e-01   4.7674914902172126e+07   6.1625425489139650e+06   7.9458191503620212e-01
  2.1630609347483897e+08   2.5956731216980677e-01   4.7635405762188621e+07   6.1822971189057166e+06   7.9392342936981031e-01
  2.1717946249990800e+08   2.6061535499988958e-01   4.7595802924361065e+07   6.2020985378194954e+06   7.9326338207268443e-01
  2.1805635788635457e+08   2.6166762946362548e-01   4.7556106377641067e+07   6.2219468111795019e+06   7.9260177296068446e-01
  2.1893679387240443e+08   2.6272415264688531e-01   4.7516316112452857e+07   6.2418419437735984e+06   7.9193860187421428e-01
  2.1982078475377235e+08   2.6378494170452682e-01   4.7476432120700799e+07   6.2617839396496275e+06   7.9127386867834670e-01
  2.2070834488389161e+08   2.6485001386066992e-01   4.7436454395776533e+07   6.2817728021117626e+06   7.9060757326294218e-01
  2.2159948867415226e+08   2.6591938640898272e-01   4.7396382932566032e+07   6.3018085337170158e+06   7.8993971554276721e-01
  2.2249423059413266e+08   2.6699307671295919e-01   4.7356217727456823e+07   6.3218911362716183e+06   7.8927029545761374e-01
  2.2339258517183152e+08   2.6807110220619779e-01   4.7315958778345317e+07   6.3420206108273715e+06   7.8859931297242192e-01
  2.2429456699390936e+08   2.6915348039269121e-01   4.7275606084643640e+07   6.3621969576782072e+06   7.8792676807739404e-01
  2.2520019070592251e+08   2.7024022884710702e-01   4.7235159647286929e+07   6.3824201763565671e+06   7.8725266078811551e-01
  2.2610947101255828e+08   2.7133136521506990e-01   4.7194619468740344e+07   6.4026902656298522e+06   7.8657699114567237e-01
  2.2702242267787915e+08   2.7242690721345497e-01   4.7153985553006031e+07   6.4230072234970089e+06   7.8589975921676714e-01
  2.2793906052555981e+08   2.7352687263067177e-01   4.7113257905630156e+07   6.4433710471849516e+06   7.8522096509383599e-01
  2.2885939943912494e+08   2.7463127932694992e-01   4.7072436533710040e+07   6.4637817331450088e+06   7.8454060889516730e-01
  2.2978345436219662e+08   2.7574014523463591e-01   4.7031521445900917e+07   6.4842392770495703e+06   7.8385869076501524e-01
  2.3071124029873309e+08   2.7685348835847967e-01   4.6990512652423002e+07   6.5047436737885252e+06   7.8317521087371667e-01
  2.3164277231327340e+08   2.7797132677592806e-01   4.6949410165068358e+07   6.5252949174658507e+06   7.8249016941780603e-01
  2.3257806553118297e+08   2.7909367863741957e-01   4.6908213997207724e+07   6.5458930013961671e+06   7.8180356662012873e-01
  2.3351713513889527e+08   2.8022056216667429e-01   4.6866924163797557e+07   6.5665379181012530e+06   7.8111540272995927e-01
  2.3445999638416427e+08   2.8135199566099711e-01   4.6825540681386545e+07   6.5872296593067553e+06   7.8042567802310914e-01
  2.3540666457630906e+08   2.8248799749157083e-01   4.6784063568122596e+07   6.6079682159387264e+06   7.7973439280204326e-01
  2.3635715508645952e+08   2.8362858610375141e-01   4.6742492843759671e+07   6.6287535781201944e+06   7.7904154739599452e-01
  2.3731148334781173e+08   2.8477378001737408e-01   4.6700828529664233e+07   6.6495857351679113e+06   7.7834714216107059e-01
  2.3826966485587576e+08   2.8592359782705090e-01   4.6659070648822166e+07   6.6704646755889468e+06   7.7765117748036938e-01
  2.3923171516872418e+08   2.8707805820246901e-01   4.6617219225845434e+07   6.6913903870773092e+06   7.7695365376409053e-01
  2.4019764990725058e+08   2.8823717988870068e-01   4.6575274286978543e+07   6.7123628565107528e+06   7.7625457144964238e-01
  2.4116748475542033e+08   2.8940098170650436e-01   4.6533235860105217e+07   6.7333820699474225e+06   7.7555393100175363e-01
  2.4214123546052229e+08   2.9056948255262671e-01   4.6491103974755056e+07   6.7544480126225036e+06   7.7485173291258425e-01
  2.4311891783343035e+08   2.9174270140011643e-01   4.6448878662109859e+07   6.7755606689450992e+06   7.7414797770183097e-01
  2.4410054774885717e+08   2.9292065729862860e-01   4.6406559955010220e+07   6.7967200224949149e+06   7.7344266591683697e-01
  2.4508614114560914e+08   2.9410336937473097e-01   4.6364147887962088e+07   6.8179260560189802e+06   7.7273579813270143e-01
  2.4607571402685094e+08   2.9529085683222112e-01   4.6321642497142933e+07   6.8391787514285622e+06   7.7202737495238227e-01
  2.4706928246036145e+08   2.9648313895243372e-01   4.6279043820408255e+07   6.8604780897959005e+06   7.7131739700680424e-01
  2.4806686257879573e+08   2.9768023509455488e-01   4.6236351897297934e+07   6.8818240513510592e+06   7.7060586495496552e-01
  2.4906847057994792e+08   2.9888216469593748e-01   4.6193566769042447e+07   6.9032166154788062e+06   7.6989277948404078e-01
  2.5007412272701016e+08   3.0008894727241220e-01   4.6150688478569277e+07   6.9246557607153878e+06   7.6917814130948792e-01
  2.5108383534884283e+08   3.0130060241861140e-01   4.6107717070508935e+07   6.9461414647455569e+06   7.6846195117514893e-01
  2.5209762484023649e+08   3.0251714980828376e-01   4.6064652591201216e+07   6.9676737043994181e+06   7.6774420985335357e-01
  2.5311550766217521e+08   3.0373860919461021e-01   4.6021495088701427e+07   6.9892524556493126e+06   7.6702491814502383e-01
  2.5413750034210980e+08   3.0496500041053176e-01   4.5978244612786293e+07   7.0108776936068796e+06   7.6630407687977153e-01
  2.5516361947422332e+08   3.0619634336906798e-01   4.5934901214960076e+07   7.0325493925199900e+06   7.6558168691600126e-01
  2.5619388171969715e+08   3.0743265806363657e-01   4.5891464948460743e+07   7.0542675257696612e+06   7.6485774914101234e-01
  2.5722830380698788e+08   3.0867396456838542e-01   4.5847935868265614e+07   7.0760320658672191e+06   7.6413226447109361e-01
  2.5826690253209591e+08   3.0992028303851510e-01   4.5804314031097494e+07   7.0978429844512772e+06   7.6340523385162495e-01
  2.5930969475883484e+08   3.1117163371060180e-01   4.5760599495430604e+07   7.1197002522847252e+06   7.6267665825717668e-01
  2.6035669741911164e+08   3.1242803690293397e-01   4.5716792321496144e+07   7.1416038392519541e+06   7.6194653869160245e-01
  2.6140792751319849e+08   3.1368951301583820e-01   4.5672892571288228e+07   7.1635537143559102e+06   7.6121487618813710e-01
  2.6246340211000565e+08   3.1495608253200674e-01   4.5628900308569744e+07   7.1855498457151549e+06   7.6048167180949577e-01
  2.6352313834736478e+08   3.1622776601683772e-01   4.5584815598877750e+07   7.2075922005611537e+06   7.5974692664796251e-01
  2.6458715343230322e+08   3.1750458411876387e-01   4.5540638509529285e+07   7.2296807452353816e+06   7.5901064182548805e-01
  2.6565546464132532e+08   3.1878655756959040e-01   4.5496369109626926e+07   7.2518154451865591e+06   7.5827281849378214e-01
  2.6672808932068881e+08   3.2007370718482658e-01   4.5452007470064431e+07   7.2739962649678197e+06   7.5753345783440718e-01
  2.6780504488669273e+08   3.2136605386403128e-01   4.5407553663531885e+07   7.2962231682340810e+06   7.5679256105886472e-01
  2.6888634882595611e+08   3.2266361859114734e-01   4.5363007764521547e+07   7.3184961177392509e+06   7.5605012940869243e-01
  2.6997201869570398e+08   3.2396642243484475e-01   4.5318369849332891e+07   7.3408150753335813e+06   7.5530616415554819e-01
  2.7106207212404794e+08   3.2527448654885749e-01   4.5273639996078238e+07   7.3631800019609015e+06   7.5456066660130394e-01
  2.7215652681027925e+08   3.2658783217233506e-01   4.5228818284687787e+07   7.3855908576561324e+06   7.5381363807812973e-01
  2.7325540052515274e+08   3.2790648063018329e-01   4.5183904796914861e+07   7.4080476015425958e+06   7.5306507994858096e-01
  2.7435871111117196e+08   3.2923045333340634e-01   4.5138899616341315e+07   7.4305501918293685e+06   7.5231499360568854e-01
  2.7546647648288572e+08   3.3055977177946283e-01   4.5093802828382343e+07   7.4530985858088564e+06   7.5156338047303906e-01
  2.7657871462717563e+08   3.3189445755261077e-01   4.5048614520291656e+07   7.4756927398542035e+06   7.5081024200486091e-01
  2.7769544360354465e+08   3.3323453232425354e-01   4.5003334781166635e+07   7.4983326094167111e+06   7.5005557968611059e-01
  2.7881668154441708e+08   3.3458001785330049e-01   4.4957963701953024e+07   7.5210181490235105e+06   7.4929939503255039e-01
  2.7994244665542978e+08   3.3593093598651574e-01   4.4912501375449941e+07   7.5437493122750558e+06   7.4854168959083234e-01
  2.8107275721572417e+08   3.3728730865886897e-01   4.4866947896314800e+07   7.5665260518426253e+06   7.4778246493858003e-01
  2.8220763157824999e+08   3.3864915789389999e-01   4.4821303361067876e+07   7.5893483194660908e+06   7.4702172268446465e-01
  2.8334708817005867e+08   3.4001650580407039e-01   4.4775567868097149e+07   7.6122160659514507e+06   7.4625946446828584e-01
  2.8449114549260473e+08   3.4138937459112567e-01   4.4729741517662920e+07   7.6351292411685670e+06   7.4549569196104870e-01
  2.8563982212204188e+08   3.4276778654645024e-01   4.4683824411902525e+07   7.6580877940487638e+06   7.4473040686504210e-01
  2.8679313670953119e+08   3.4415176405143744e-01   4.4637816654834643e+07   7.6810916725827083e+06   7.4396361091391072e-01
  2.8795110798153961e+08   3.4554132957784750e-01   4.4591718352363892e+07   7.7041408238180764e+06   7.4319530587273153e-01
  2.8911375474014622e+08   3.4693650568817547e-01   4.4545529612285241e+07   7.7272351938574016e+06   7.4242549353808740e-01
  2.9028109586334282e+08   3.4833731503601140e-01   4.4499250544288434e+07   7.7503747278558072e+06   7.4165417573814052e-01
  2.9145315030534756e+08   3.4974378036641707e-01   4.4452881259962052e+07   7.7735593700189982e+06   7.4088135433270086e-01
  2.9262993709690917e+08   3.5115592451629096e-01   4.4406421872797847e+07   7.7967890636010934e+06   7.4010703121329746e-01
  2.9381147534561229e+08   3.5257377041473476e-01   4.4359872498195097e+07   7.8200637509024749e+06   7.3933120830325161e-01
  2.9499778423619503e+08   3.5399734108343400e-01   4.4313233253464282e+07   7.8433833732678806e+06   7.3855388755773799e-01
  2.9618888303085685e+08   3.5542665963702819e-01   4.4266504257831372e+07   7.8667478710843362e+06   7.3777507096385619e-01
  2.9738479106956756e+08   3.5686174928348108e-01   4.4219685632441849e+07   7.8901571837790916e+06   7.3699476054069746e-01
  2.9858552777038884e+08   3.5830263332446660e-01   4.4172777500364386e+07   7.9136112498178296e+06   7.3621295833940648e-01
  2.9979111262978572e+08   3.5974933515574287e-01   4.4125779986594684e+07   7.9371100067026773e+06   7.3542966644324470e-01
  3.0100156522293943e+08   3.6120187826752731e-01   4.4078693218059517e+07   7.9606533909702646e+06   7.3464488696765862e-01
  3.0221690520407277e+08   3.6266028624488733e-01   4.4031517323619992e+07   7.9842413381900238e+06   7.3385862206033314e-01
  3.0343715230676550e+08   3.6412458276811860e-01   4.3984252434075423e+07   8.0078737829623092e+06   7.3307087390125703e-01
  3.0466232634427100e+08   3.6559479161312519e-01   4.3936898682166941e+07   8.0315506589165507e+06   7.3228164470278234e-01
  3.0589244720984536e+08   3.6707093665181439e-01   4.3889456202580713e+07   8.0552718987096669e+06   7.3149093670967857e-01
  3.0712753487706566e+08   3.6855304185247878e-01   4.3841925131951503e+07   8.0790374340242706e+06   7.3069875219919167e-01
  3.0836760940015513e+08   3.7004113128018612e-01   4.3794305608865991e+07   8.1028471955670267e+06   7.2990509348109989e-01
  3.0961269091431046e+08   3.7153522909717251e-01   4.3746597773865931e+07   8.1267011130670477e+06   7.2910996289776553e-01
  3.1086279963602340e+08   3.7303535956322809e-01   4.3698801769451626e+07   8.1505991152742049e+06   7.2831336282419379e-01
  3.1211795586341667e+08   3.7454154703609999e-01   4.3650917740084603e+07   8.1745411299577169e+06   7.2751529566807671e-01
  3.1337817997656995e+08   3.7605381597188392e-01   4.3602945832190908e+07   8.1985270839045644e+06   7.2671576386984849e-01
  3.1464349243784648e+08   3.7757219092541577e-01   4.3554886194164194e+07   8.2225569029179271e+06   7.2591476990273662e-01
  3.1591391379223347e+08   3.7909669655068012e-01   4.3506738976368234e+07   8.2466305118159009e+06   7.2511231627280393e-01
  3.1718946466767174e+08   3.8062735760120608e-01   4.3458504331140012e+07   8.2707478344300129e+06   7.2430840551900022e-01
  3.1847016577538657e+08   3.8216419893046388e-01   4.3410182412792489e+07   8.2949087936037788e+06   7.2350304021320810e-01
  3.1975603791023183e+08   3.8370724549227819e-01   4.3361773377616987e+07   8.3191133111915300e+06   7.2269622296028313e-01
  3.2104710195102400e+08   3.8525652234122876e-01   4.3313277383885957e+07   8.3433613080570437e+06   7.2188795639809933e-01
  3.2234337886087686e+08   3.8681205463305224e-01   4.3264694591855668e+07   8.3676527040721867e+06   7.2107824319759450e-01
  3.2364488968755007e+08   3.8837386762506004e-01   4.3216025163768291e+07   8.3919874181158803e+06   7.2026708606280487e-01
  3.2495165556378680e+08   3.8994198667654417e-01   4.3167269263854295e+07   8.4163653680728693e+06   7.1945448773090492e-01
  3.2626369770765281e+08   3.9151643724918334e-01   4.3118427058334984e+07   8.4407864708325323e+06   7.1864045097224971e-01
  3.2758103742288929e+08   3.9309724490746711e-01   4.3069498715424240e+07   8.4652506422878951e+06   7.1782497859040395e-01
  3.2890369609925300e+08   3.9468443531910358e-01   4.3020484405331023e+07   8.4897577973345071e+06   7.1700807342218376e-01
  3.3023169521286523e+08   3.9627803425543828e-01   4.2971384300261155e+07   8.5143078498694487e+06   7.1618973833768595e-01
  3.3156505632656169e+08   3.9787806759187400e-01   4.2922198574419275e+07   8.5389007127903849e+06   7.1536997624032128e-01
  3.3290380109023744e+08   3.9948456130828491e-01   4.2872927404010952e+07   8.5635362979945503e+06   7.1454879006684924e-01
  3.3424795124120611e+08   4.0109754148944732e-01   4.2823570967244044e+07   8.5882145163779948e+06   7.1372618278740074e-01
  3.3559752860454935e+08   4.0271703432545919e-01   4.2774129444330670e+07   8.6129352778346874e+06   7.1290215740551122e-01
  3.3695255509346664e+08   4.0434306611215992e-01   4.2724603017488807e+07   8.6376984912556168e+06   7.1207671695814678e-01
  3.3831305270963961e+08   4.0597566325156753e-01   4.2674991870943643e+07   8.6625040645282008e+06   7.1124986451572736e-01
  3.3967904354358488e+08   4.0761485225230182e-01   4.2625296190929092e+07   8.6873519045354705e+06   7.1042160318215153e-01
  3.4105054977500892e+08   4.0926065973001069e-01   4.2575516165689476e+07   8.7122419171552863e+06   7.0959193609482463e-01
  3.4242759367317629e+08   4.1091311240781153e-01   4.2525651985480227e+07   8.7371740072599109e+06   7.0876086642467040e-01
  3.4381019759726715e+08   4.1257223711672059e-01   4.2475703842569306e+07   8.7621480787153691e+06   7.0792839737615509e-01
  3.4519838399673593e+08   4.1423806079608311e-01   4.2425671931238480e+07   8.7871640343807787e+06   7.0709453218730800e-01
  3.4659217541168469e+08   4.1591061049402162e-01   4.2375556447783984e+07   8.8122217761080302e+06   7.0625927412973311e-01
  3.4799159447322422e+08   4.1758991336786905e-01   4.2325357590517595e+07   8.8373212047412265e+06   7.0542262650862664e-01
  3.4939666390383804e+08   4.1927599668460563e-01   4.2275075559767589e+07   8.8624622201162279e+06   7.0458459266279316e-01
  3.5080740651775908e+08   4.2096888782131087e-01   4.2224710557879254e+07   8.8876447210604008e+06   7.0374517596465425e-01
  3.5222384522133511e+08   4.2266861426560209e-01   4.2174262789215617e+07   8.9128686053922139e+06   7.0290437982026033e-01
  3.5364600301340306e+08   4.2437520361608366e-01   4.2123732460158028e+07   8.9381337699210066e+06   7.0206220766930050e-01
  3.5507390298565692e+08   4.2608868358278829e-01   4.2073119779106721e+07   8.9634401104466617e+06   7.0121866298511204e-01
  3.5650756832303119e+08   4.2780908198763740e-01   4.2022424956480950e+07   8.9887875217595529e+06   7.0037374927468254e-01
  3.5794702230407178e+08   4.2953642676488613e-01   4.1971648204719417e+07   9.0141758976403065e+06   6.9952747007865690e-01
  3.5939228830131668e+08   4.3127074596157999e-01   4.1920789738280632e+07   9.0396051308597066e+06   6.9867982897134384e-01
  3.6084338978166974e+08   4.3301206773800366e-01   4.1869849773642831e+07   9.0650751131786071e+06   6.9783082956071385e-01
  3.6230035030679035e+08   4.3476042036814838e-01   4.1818828529303893e+07   9.0905857353480738e+06   6.9698047548839825e-01
  3.6376319353347188e+08   4.3651583224016621e-01   4.1767726225781322e+07   9.1161368871093597e+06   6.9612877042968868e-01
  3.6523194321402103e+08   4.3827833185682519e-01   4.1716543085612290e+07   9.1417284571938757e+06   6.9527571809353816e-01
  3.6670662319665253e+08   4.4004794783598300e-01   4.1665279333353013e+07   9.1673603333235160e+06   6.9442132222255026e-01
  3.6818725742587209e+08   4.4182470891104647e-01   4.1613935195578568e+07   9.1930324022107422e+06   6.9356558659297618e-01
  3.6967386994286042e+08   4.4360864393143251e-01   4.1562510900882557e+07   9.2187445495587420e+06   6.9270851501470931e-01
  3.7116648488587266e+08   4.4539978186304718e-01   4.1511006679876298e+07   9.2444966600618735e+06   6.9185011133127161e-01
  3.7266512649062610e+08   4.4719815178875127e-01   4.1459422765188247e+07   9.2702886174058970e+06   6.9099037941980412e-01
  3.7416981909068853e+08   4.4900378290882620e-01   4.1407759391463488e+07   9.2961203042682745e+06   6.9012932319105813e-01
  3.7568058711788315e+08   4.5081670454145978e-01   4.1356016795362525e+07   9.3219916023187600e+06   6.8926694658937537e-01
  3.7719745510268021e+08   4.5263694612321620e-01   4.1304195215560608e+07   9.3479023922197204e+06   6.8840325359267684e-01
  3.7872044767459089e+08   4.5446453720950902e-01   4.1252294892746791e+07   9.3738525536266305e+06   6.8753824821244647e-01
  3.8024958956257659e+08   4.5629950747509190e-01   4.1200316069622390e+07   9.3998419651888236e+06   6.8667193449370645e-01
  3.8178490559544396e+08   4.5814188671453271e-01   4.1148258990900084e+07   9.4258705045499764e+06   6.8580431651500140e-01
  3.8332642070224977e+08   4.5999170484269969e-01   4.1096123903302483e+07   9.4519380483487789e+06   6.8493539838837469e-01
  3.8487415991270739e+08   4.6184899189524886e-01   4.1043911055560656e+07   9.4780444722197000e+06   6.8406518425934426e-01
  3.8642814835758668e+08   4.6371377802910402e-01   4.0991620698412776e+07   9.5041896507936325e+06   6.8319367830687960e-01
  3.8798841126913154e+08   4.6558609352295782e-01   4.0939253084602326e+07   9.5303734576988630e+06   6.8232088474337216e-01
  3.8955497398146498e+08   4.6746596877775798e-01   4.0886808468876325e+07   9.5565957655618601e+06   6.8144680781460543e-01
  3.9112786193099570e+08   4.6935343431719484e-01   4.0834287107983850e+07   9.5828564460080937e+06   6.8057145179973089e-01
  3.9270710065684044e+08   4.7124852078820850e-01   4.0781689260673709e+07   9.6091553696631677e+06   6.7969482101122847e-01
  3.9429271580123413e+08   4.7315125896148091e-01   4.0729015187692545e+07   9.6354924061537422e+06   6.7881691979487579e-01
  3.9588473310994136e+08   4.7506167973192959e-01   4.0676265151783131e+07   9.6618674241084568e+06   6.7793775252971888e-01
  3.9748317843268400e+08   4.7697981411922080e-01   4.0623439417681463e+07   9.6882802911592852e+06   6.7705732362802440e-01
  3.9908807772355610e+08   4.7890569326826732e-01   4.0570538252114847e+07   9.7147308739426006e+06   6.7617563753524745e-01
  4.0069945704144055e+08   4.8083934844972864e-01   4.0517561923799470e+07   9.7412190381002817e+06   6.7529269872999120e-01
  4.0231734255044180e+08   4.8278081106053011e-01   4.0464510703437716e+07   9.7677446482811607e+06   6.7440851172396188e-01
  4.0394176052030593e+08   4.8473011262436710e-01   4.0411384863715552e+07   9.7943075681422409e+06   6.7352308106192582e-01
  4.0557273732684219e+08   4.8668728479221063e-01   4.0358184679300070e+07   9.8209076603499819e+06   6.7263641132166785e-01
  4.0721029945236111e+08   4.8865235934283330e-01   4.0304910426836297e+07   9.8475447865818720e+06   6.7174850711393830e-01
  4.0885447348609805e+08   4.9062536818331764e-01   4.0251562384944446e+07   9.8742188075277936e+06   6.7085937308240740e-01
  4.1050528612464648e+08   4.9260634334957576e-01   4.0198140834216885e+07   9.9009295828915760e+06   6.6996901390361474e-01
  4.1216276417239302e+08   4.9459531700687159e-01   4.0144646057214893e+07   9.9276769713925719e+06   6.6907743428691491e-01
  4.1382693454194623e+08   4.9659232145033544e-01   4.0091078338465765e+07   9.9544608307671323e+06   6.6818463897442937e-01
  4.1549782425458336e+08   4.9859738910550000e-01   4.0037437964459062e+07   9.9812810177704897e+06   6.6729063274098432e-01
  4.1717546044068426e+08   5.0061055252882114e-01   3.9983725223643214e+07   1.0008137388178406e+07   6.6639542039405353e-01
  4.1885987034016687e+08   5.0263184440820019e-01   3.9929940406422324e+07   1.0035029796788858e+07   6.6549900677370544e-01
  4.2055108130293941e+08   5.0466129756352729e-01   3.9876083805152029e+07   1.0061958097424006e+07   6.6460139675253382e-01
  4.2224912078933972e+08   5.0669894494720769e-01   3.9822155714136019e+07   1.0088922142932009e+07   6.6370259523560027e-01
  4.2395401637057567e+08   5.0874481964469076e-01   3.9768156429622270e+07   1.0115921785188880e+07   6.6280260716037120e-01
  4.2566579572918332e+08   5.1079895487501992e-01   3.9714086249798842e+07   1.0142956875100601e+07   6.6190143749664732e-01
  4.2738448665947127e+08   5.1286138399136549e-01   3.9659945474789828e+07   1.0170027262605103e+07   6.6099909124649714e-01
  4.2911011706796664e+08   5.1493214048156000e-01   3.9605734406651512e+07   1.0197132796674266e+07   6.6009557344419190e-01
  4.3084271497387868e+08   5.1701125796865444e-01   3.9551453349367641e+07   1.0224273325316206e+07   6.5919088915612734e-01
  4.3258230850954854e+08   5.1909877021145823e-01   3.9497102608845346e+07   1.0251448695577348e+07   6.5828504348075578e-01
  4.3432892592090058e+08   5.2119471110508064e-01   3.9442682492910743e+07   1.0278658753544655e+07   6.5737804154851243e-01
  4.3608259556791198e+08   5.2329911468149437e-01   3.9388193311303914e+07   1.0305903344348062e+07   6.5646988852173194e-01
  4.3784334592506558e+08   5.2541201511007862e-01   3.9333635375674628e+07   1.0333182312162712e+07   6.5556058959457708e-01
  4.3961120558181638e+08   5.2753344669817959e-01   3.9279008999577217e+07   1.0360495500211410e+07   6.5465014999295357e-01
  4.4138620324304813e+08   5.2966344389165776e-01   3.9224314498466104e+07   1.0387842750766970e+07   6.5373857497443510e-01
  4.4316836772955042e+08   5.3180204127546049e-01   3.9169552189690299e+07   1.0415223905154869e+07   6.5282586982817170e-01
  4.4495772797847939e+08   5.3394927357417521e-01   3.9114722392488621e+07   1.0442638803755715e+07   6.5191203987481039e-01
  4.4675431304383117e+08   5.3610517565259741e-01   3.9059825427984253e+07   1.0470087286007898e+07   6.5099709046640419e-01
  4.4855815209690648e+08   5.3826978251628776e-01   3.9004861619179755e+07   1.0497569190410139e+07   6.5008102698632930e-01
  4.5036927442679501e+08   5.4044312931215399e-01   3.8949831290951341e+07   1.0525084354524344e+07   6.4916385484918904e-01
  4.5218770944084573e+08   5.4262525132901485e-01   3.8894734770043403e+07   1.0552632614978325e+07   6.4824557950072337e-01
  4.5401348666513866e+08   5.4481618399816634e-01   3.8839572385063007e+07   1.0580213807468517e+07   6.4732620641771677e-01
  4.5584663574497557e+08   5.4701596289397070e-01   3.8784344466473967e+07   1.0607827766763039e+07   6.4640574110789950e-01
  4.5768718644535559e+08   5.4922462373442671e-01   3.8729051346591018e+07   1.0635474326704513e+07   6.4548418910985028e-01
  4.5953516865145302e+08   5.5144220238174357e-01   3.8673693359574124e+07   1.0663153320212966e+07   6.4456155599290210e-01
  4.6139061236911380e+08   5.5366873484293655e-01   3.8618270841422014e+07   1.0690864579289012e+07   6.4363784735703355e-01
  4.6325354772533709e+08   5.5590425727040449e-01   3.8562784129966289e+07   1.0718607935016880e+07   6.4271306883277146e-01
  4.6512400496875864e+08   5.5814880596251037e-01   3.8507233564865209e+07   1.0746383217567423e+07   6.4178722608108685e-01
  4.6700201447015345e+08   5.6040241736418417e-01   3.8451619487597063e+07   1.0774190256201496e+07   6.4086032479328436e-01
  4.6888760672292137e+08   5.6266512806750557e-01   3.8395942241453975e+07   1.0802028879273040e+07   6.3993237069089959e-01
  4.7078081234358585e+08   5.6493697481230298e-01   3.8340202171535097e+07   1.0829898914232474e+07   6.3900336952558490e-01
  4.7268166207228351e+08   5.6721799448674015e-01   3.8284399624740213e+07   1.0857800187629919e+07   6.3807332707900355e-01
  4.7459018677327478e+08   5.6950822412792967e-01   3.8228534949762560e+07   1.0885732525118746e+07   6.3714224916270934e-01
  4.7650641743543726e+08   5.7180770092252464e-01   3.8172608497082211e+07   1.0913695751458919e+07   6.3621014161803691e-01
  4.7843038517277300e+08   5.7411646220732759e-01   3.8116620618958950e+07   1.0941689690520555e+07   6.3527701031598249e-01
  4.8036212122490567e+08   5.7643454546988682e-01   3.8060571669425383e+07   1.0969714165287338e+07   6.3434286115708971e-01
  4.8230165695759946e+08   5.7876198834911929e-01   3.8004462004279420e+07   1.0997768997860314e+07   6.3340770007132363e-01
  4.8424902386326283e+08   5.8109882863591533e-01   3.7948291981077142e+07   1.1025854009461449e+07   6.3247153301795234e-01
  4.8620425356145364e+08   5.8344510427374430e-01   3.7892061959125571e+07   1.1053969020437231e+07   6.3153436598542623e-01
  4.8816737779940462e+08   5.8580085335928556e-01   3.7835772299474880e+07   1.1082113850262588e+07   6.3059620499124802e-01
  4.9013842845253271e+08   5.8816611414303921e-01   3.7779423364910774e+07   1.1110288317544641e+07   6.2965705608184619e-01
  4.9211743752495074e+08   5.9054092502994082e-01   3.7723015519947052e+07   1.1138492240026498e+07   6.2871692533245083e-01
  4.9410443714999914e+08   5.9292532457999891e-01   3.7666549130817443e+07   1.1166725434591303e+07   6.2777581884695743e-01
  4.9609945959076166e+08   5.9531935150891402e-01   3.7610024565467797e+07   1.1194987717266122e+07   6.2683374275779657e-01
  4.9810253724058294e+08   5.9772304468869952e-01   3.7553442193548314e+07   1.1223278903225861e+07   6.2589070322580520e-01
  5.0011370262360704e+08   6.0013644314832837e-01   3.7496802386404976e+07   1.1251598806797529e+07   6.2494670644008299e-01
  5.0213298839529914e+08   6.0255958607435889e-01   3.7440105517071575e+07   1.1279947241464237e+07   6.2400175861785956e-01
  5.0416042734296966e+08   6.0499251281156352e-01   3.7383351960261449e+07   1.1308324019869300e+07   6.2305586600435747e-01
  5.0619605238631904e+08   6.0743526286358285e-01   3.7326542092358813e+07   1.1336728953820622e+07   6.2210903487264690e-01
  5.0823989657796407e+08   6.0988787589355686e-01   3.7269676291410528e+07   1.1365161854294756e+07   6.2116127152350875e-01
  5.1029199310397643e+08   6.1235039172477168e-01   3.7212754937117532e+07   1.1393622531441251e+07   6.2021258228529219e-01
  5.1235237528442383e+08   6.1482285034130857e-01   3.7155778410825640e+07   1.1422110794587201e+07   6.1926297351376069e-01
  5.1442107657390249e+08   6.1730529188868299e-01   3.7098747095517121e+07   1.1450626452241467e+07   6.1831245159195203e-01
  5.1649813056209314e+08   6.1979775667451176e-01   3.7041661375801407e+07   1.1479169312099315e+07   6.1736102293002348e-01
  5.1858357097429979e+08   6.2230028516915969e-01   3.6984521637906343e+07   1.1507739181046849e+07   6.1640869396510567e-01
  5.2067743167199141e+08   6.2481291800638961e-01   3.6927328269669086e+07   1.1536335865165474e+07   6.1545547116115140e-01
  5.2277974665336406e+08   6.2733569598403682e-01   3.6870081660526618e+07   1.1564959169736709e+07   6.1450136100877695e-01
  5.2489055005388677e+08   6.2986866006466413e-01   3.6812782201506555e+07   1.1593608899246739e+07   6.1354637002510926e-01
  5.2700987614684939e+08   6.3241185137621925e-01   3.6755430285217896e+07   1.1622284857391072e+07   6.1259050475363164e-01
  5.2913775934393179e+08   6.3496531121271815e-01   3.6698026305841170e+07   1.1650986847079435e+07   6.1163377176401945e-01
  5.3127423419575644e+08   6.3752908103490769e-01   3.6640570659119248e+07   1.1679714670440391e+07   6.1067617765198745e-01
  5.3341933539244246e+08   6.4010320247093089e-01   3.6583063742347457e+07   1.1708468128826287e+07   6.0971772903912425e-01
  5.3557309776418251e+08   6.4268771731701901e-01   3.6525505954363458e+07   1.1737247022818292e+07   6.0875843257272433e-01
  5.3773555628180122e+08   6.4528266753816144e-01   3.6467897695537582e+07   1.1766051152231228e+07   6.0779829492562631e-01
  5.3990674605731690e+08   6.4788809526878022e-01   3.6410239367762975e+07   1.1794880316118531e+07   6.0683732279604963e-01
  5.4208670234452438e+08   6.5050404281342922e-01   3.6352531374445207e+07   1.1823734312777417e+07   6.0587552290742008e-01
  5.4427546053955936e+08   6.5313055264747122e-01   3.6294774120492220e+07   1.1852612939753914e+07   6.0491290200820369e-01
  5.4647305618147421e+08   6.5576766741776904e-01   3.6236968012304038e+07   1.1881515993847996e+07   6.0394946687173401e-01
  5.4867952495281851e+08   6.5841542994338220e-01   3.6179113457762346e+07   1.1910443271118842e+07   6.0298522429603907e-01
  5.5089490268020844e+08   6.6107388321625005e-01   3.6121210866220191e+07   1.1939394566889917e+07   6.0202018110366984e-01
  5.5311922533492267e+08   6.6374307040190716e-01   3.6063260648491427e+07   1.1968369675754305e+07   6.0105434414152381e-01
  5.5535252903347921e+08   6.6642303484017507e-01   3.6005263216839768e+07   1.1997368391580129e+07   6.0008772028066282e-01
  5.5759485003821552e+08   6.6911382004585862e-01   3.5947218984968379e+07   1.2026390507515823e+07   5.9912031641613961e-01
  5.5984622475789046e+08   6.7181546970946848e-01   3.5889128368008651e+07   1.2055435815995689e+07   5.9815213946681089e-01
  5.6210668974826872e+08   6.7452802769792242e-01   3.5830991782509498e+07   1.2084504108745268e+07   5.9718319637515827e-01
  5.6437628171270788e+08   6.7725153805524940e-01   3.5772809646426469e+07   1.2113595176786784e+07   5.9621349410710778e-01
  5.6665503750276768e+08   6.7998604500332116e-01   3.5714582379110307e+07   1.2142708810444862e+07   5.9524303965183845e-01
  5.6894299411880171e+08   6.8273159294256203e-01   3.5656310401295938e+07   1.2171844799352044e+07   5.9427184002159894e-01
  5.7124018871055138e+08   6.8548822645266161e-01   3.5597994135091335e+07   1.2201002932454349e+07   5.9329990225152229e-01
  5.7354665857776248e+08   6.8825599029331497e-01   3.5539634003965832e+07   1.2230182998017097e+07   5.9232723339943050e-01
  5.7586244117078459e+08   6.9103492940494149e-01   3.5481230432739057e+07   1.2259384783630494e+07   5.9135384054565099e-01
  5.7818757409117174e+08   6.9382508890940608e-01   3.5422783847569115e+07   1.2288608076215459e+07   5.9037973079281858e-01
  5.8052209509230685e+08   6.9662651411076815e-01   3.5364294675940901e+07   1.2317852662029566e+07   5.8940491126568173e-01
  5.8286604208000576e+08   6.9943925049600686e-01   3.5305763346654482e+07   1.2347118326672776e+07   5.8842938911090803e-01
  5.8521945311313725e+08   7.0226334373576471e-01   3.5247190289813228e+07   1.2376404855093407e+07   5.8745317149688714e-01
  5.8758236640423131e+08   7.0509883968507758e-01   3.5188575936812140e+07   1.2405712031593945e+07   5.8647626561353572e-01
  5.8995482032011402e+08   7.0794578438413680e-01   3.5129920720325574e+07   1.2435039639837228e+07   5.8549867867209293e-01
  5.9233685338252127e+08   7.1080422405902555e-01   3.5071225074295320e+07   1.2464387462852351e+07   5.8452041790492204e-01
  5.9472850426872861e+08   7.1367420512247426e-01   3.5012489433918461e+07   1.2493755283040781e+07   5.8354149056530769e-01
  5.9712981181216979e+08   7.1655577417460370e-01   3.4953714235635556e+07   1.2523142882182235e+07   5.8256190392725926e-01
  5.9954081500308156e+08   7.1944897800369789e-01   3.4894899917117670e+07   1.2552550041441174e+07   5.8158166528529454e-01
  6.0196155298913014e+08   7.2235386358695608e-01   3.4836046917254306e+07   1.2581976541372860e+07   5.8060078195423848e-01
  6.0439206507603896e+08   7.2527047809124667e-01   3.4777155676141068e+07   1.2611422161929475e+07   5.7961926126901786e-01
  6.0683239072824144e+08   7.2819886887388974e-01   3.4718226635066845e+07   1.2640886682466587e+07   5.7863711058444744e-01
  6.0928256956951523e+08   7.3113908348341827e-01   3.4659260236501344e+07   1.2670369881749349e+07   5.7765433727502236e-01
  6.1174264138361704e+08   7.3409116966034038e-01   3.4600256924082495e+07   1.2699871537958769e+07   5.7667094873470826e-01
  6.1421264611494458e+08   7.3705517533793341e-01   3.4541217142603457e+07   1.2729391428698283e+07   5.7568695237672429e-01
  6.1669262386917675e+08   7.4003114864301200e-01   3.4482141337999918e+07   1.2758929331000054e+07   5.7470235563333194e-01
  6.1918261491391802e+08   7.4301913789670160e-01   3.4423029957337461e+07   1.2788485021331280e+07   5.7371716595562439e-01
  6.2168265967936707e+08   7.4601919161524044e-01   3.4363883448798060e+07   1.2818058275600983e+07   5.7273139081330104e-01
  6.2419279875896561e+08   7.4903135851075875e-01   3.4304702261667177e+07   1.2847648869166428e+07   5.7174503769445295e-01
  6.2671307291004992e+08   7.5205568749205987e-01   3.4245486846320875e+07   1.2877256576839576e+07   5.7075811410534794e-01
  6.2924352305452800e+08   7.5509222766543360e-01   3.4186237654212229e+07   1.2906881172893900e+07   5.6977062757020380e-01
  6.3178419027953386e+08   7.5814102833544061e-01   3.4126955137858234e+07   1.2936522431070894e+07   5.6878258563097062e-01
  6.3433511583809686e+08   7.6120213900571621e-01   3.4067639750826485e+07   1.2966180124586770e+07   5.6779399584710810e-01
  6.3689634114981472e+08   7.6427560937977768e-01   3.4008291947721586e+07   1.2995854026139218e+07   5.6680486579535971e-01
  6.3946790780151510e+08   7.6736148936181814e-01   3.3948912184172034e+07   1.3025543907913998e+07   5.6581520306953392e-01
  6.4204985754794669e+08   7.7045982905753596e-01   3.3889500916816331e+07   1.3055249541591849e+07   5.6482501528027218e-01
  6.4464223231244946e+08   7.7357067877493935e-01   3.3830058603289373e+07   1.3084970698355326e+07   5.6383431005482287e-01
  6.4724507418762732e+08   7.7669408902515269e-01   3.3770585702208981e+07   1.3114707148895524e+07   5.6284309503681640e-01
  6.4985842543604767e+08   7.7983011052325713e-01   3.3711082673161782e+07   1.3144458663419120e+07   5.6185137788602968e-01
  6.5248232849091923e+08   7.8297879418910299e-01   3.3651549976689637e+07   1.3174225011655193e+07   5.6085916627816057e-01
  6.5511682595677352e+08   7.8614019114812816e-01   3.3591988074275821e+07   1.3204005962862104e+07   5.5986646790459704e-01
  6.5776196061017227e+08   7.8931435273220674e-01   3.3532397428330787e+07   1.3233801285834620e+07   5.5887329047217982e-01
  6.6041777540039408e+08   7.9250133048047289e-01   3.3472778502178308e+07   1.3263610748910859e+07   5.5787964170297177e-01
  6.6308431345012403e+08   7.9570117614014879e-01   3.3413131760041770e+07   1.3293434119979128e+07   5.5688552933402946e-01
  6.6576161805616963e+08   7.9891394166740348e-01   3.3353457667029429e+07   1.3323271166485298e+07   5.5589096111715719e-01
  6.6844973269015574e+08   8.0213967922818685e-01   3.3293756689120475e+07   1.3353121655439775e+07   5.5489594481867455e-01
  6.7114870099922264e+08   8.0537844119906710e-01   3.3234029293150954e+07   1.3382985353424536e+07   5.5390048821918259e-01
  6.7385856680675066e+08   8.0863028016810079e-01   3.3174275946799129e+07   1.3412862026600448e+07   5.5290459911331880e-01
  6.7657937411306119e+08   8.1189524893567344e-01   3.3114497118571296e+07   1.3442751440714365e+07   5.5190828530952163e-01
  6.7931116709613335e+08   8.1517340051536002e-01   3.3054693277787376e+07   1.3472653361106325e+07   5.5091155462978958e-01
  6.8205399011232483e+08   8.1846478813478973e-01   3.2994864894566290e+07   1.3502567552716868e+07   5.4991441490943815e-01
  6.8480788769708025e+08   8.2176946523649630e-01   3.2935012439811900e+07   1.3532493780094063e+07   5.4891687399686495e-01
  6.8757290456567121e+08   8.2508748547880539e-01   3.2875136385197826e+07   1.3562431807401100e+07   5.4791893975329709e-01
  6.9034908561391461e+08   8.2841890273669749e-01   3.2815237203153040e+07   1.3592381398423493e+07   5.4692062005255071e-01
  6.9313647591889191e+08   8.3176377110267030e-01   3.2755315366847415e+07   1.3622342316576306e+07   5.4592192278079021e-01
  6.9593512073969936e+08   8.3512214488763925e-01   3.2695371350176528e+07   1.3652314324911749e+07   5.4492285583627542e-01
  6.9874506551817334e+08   8.3849407862180791e-01   3.2635405627747163e+07   1.3682297186126431e+07   5.4392342712911934e-01
  7.0156635587962008e+08   8.4187962705554409e-01   3.2575418674862575e+07   1.3712290662568726e+07   5.4292364458104292e-01
  7.0439903763357377e+08   8.4527884516028851e-01   3.2515410967507306e+07   1.3742294516246360e+07   5.4192351612512180e-01
  7.0724315677453160e+08   8.4869178812943791e-01   3.2455382982332598e+07   1.3772308508833714e+07   5.4092304970554328e-01
  7.1009875948269165e+08   8.5211851137922989e-01   3.2395335196641326e+07   1.3802332401679350e+07   5.3992225327735544e-01
  7.1296589212472069e+08   8.5555907054966474e-01   3.2335268088372707e+07   1.3832365955813659e+07   5.3892113480621184e-01
  7.1584460125449765e+08   8.5901352150539712e-01   3.2275182136087406e+07   1.3862408931956310e+07   5.3791970226812347e-01
  7.1873493361386168e+08   8.6248192033663396e-01   3.2215077818952642e+07   1.3892461090523692e+07   5.3691796364921074e-01
  7.2163693613338733e+08   8.6596432336006479e-01   3.2154955616726648e+07   1.3922522191636689e+07   5.3591592694544410e-01
  7.2455065593313622e+08   8.6946078711976338e-01   3.2094816009743702e+07   1.3952591995128162e+07   5.3491360016239498e-01
  7.2747614032342708e+08   8.7297136838811240e-01   3.2034659478898801e+07   1.3982670260550613e+07   5.3391099131497999e-01
  7.3041343680559254e+08   8.7649612416671097e-01   3.1974486505632631e+07   1.4012756747183697e+07   5.3290810842721048e-01
  7.3336259307276797e+08   8.8003511168732151e-01   3.1914297571916498e+07   1.4042851214041764e+07   5.3190495953194161e-01
  7.3632365701065421e+08   8.8358838841278498e-01   3.1854093160236515e+07   1.4072953419881755e+07   5.3090155267060857e-01
  7.3929667669830096e+08   8.8715601203796113e-01   3.1793873753578160e+07   1.4103063123210933e+07   5.2989789589296932e-01
  7.4228170040887535e+08   8.9073804049065042e-01   3.1733639835411232e+07   1.4133180082294397e+07   5.2889399725685382e-01
  7.4527877661046374e+08   8.9433453193255641e-01   3.1673391889674082e+07   1.4163304055162972e+07   5.2788986482790135e-01
  7.4828795396685028e+08   8.9794554476022026e-01   3.1613130400758244e+07   1.4193434799620891e+07   5.2688550667930412e-01
  7.5130928133829701e+08   9.0157113760595642e-01   3.1552855853493165e+07   1.4223572073253430e+07   5.2588093089155274e-01
  7.5434280778235626e+08   9.0521136933882751e-01   3.1492568733130265e+07   1.4253715633434881e+07   5.2487614555217110e-01
  7.5738858255465746e+08   9.0886629906558891e-01   3.1432269525327645e+07   1.4283865237336190e+07   5.2387115875546075e-01
  7.6044665510969830e+08   9.1253598613163789e-01   3.1371958716135029e+07   1.4314020641932499e+07   5.2286597860225048e-01
  7.6351707510166550e+08   9.1622049012199858e-01   3.1311636791977227e+07   1.4344181604011400e+07   5.2186061319962040e-01
  7.6659989238523245e+08   9.1991987086227889e-01   3.1251304239638787e+07   1.4374347880180620e+07   5.2085507066064640e-01
  7.6969515701635909e+08   9.2363418841963085e-01   3.1190961546248578e+07   1.4404519226875724e+07   5.1984935910414298e-01
  7.7280291925312304e+08   9.2736350310374760e-01   3.1130609199263733e+07   1.4434695400368147e+07   5.1884348665439550e-01
  7.7592322955652368e+08   9.3110787546782836e-01   3.1070247686454140e+07   1.4464876156772943e+07   5.1783746144090237e-01
  7.7905613859130788e+08   9.3486736630956946e-01   3.1009877495886594e+07   1.4495061252056716e+07   5.1683129159810992e-01
  7.8220169722677910e+08   9.3864203667213486e-01   3.0949499115909275e+07   1.4525250442045376e+07   5.1582498526515452e-01
  7.8535995653764343e+08   9.4243194784517204e-01   3.0889113035135914e+07   1.4555443482432056e+07   5.1481855058559856e-01
  7.8853096780482531e+08   9.4623716136579028e-01   3.0828719742430177e+07   1.4585640128784925e+07   5.1381199570716962e-01
  7.9171478251630747e+08   9.5005773901956891e-01   3.0768319726889335e+07   1.4615840136555346e+07   5.1280532878148888e-01
  7.9491145236795330e+08   9.5389374284154393e-01   3.0707913477828890e+07   1.4646043261085568e+07   5.1179855796381479e-01
  7.9812102926436579e+08   9.5774523511723886e-01   3.0647501484766386e+07   1.4676249257616820e+07   5.1079169141277314e-01
  8.0134356531972098e+08   9.6161227838366514e-01   3.0587084237405710e+07   1.4706457881297158e+07   5.0978473729009521e-01
  8.0457911285860395e+08   9.6549493543032472e-01   3.0526662225621395e+07   1.4736668887189316e+07   5.0877770376035658e-01
  8.0782772441687822e+08   9.6939326930025382e-01   3.0466235939442392e+07   1.4766882030278817e+07   5.0777059899070653e-01
  8.1108945274252868e+08   9.7330734329103441e-01   3.0405805869036455e+07   1.4797097065481786e+07   5.0676343115060762e-01
  8.1436435079650879e+08   9.7723722095581045e-01   3.0345372504694659e+07   1.4827313747652683e+07   5.0575620841157765e-01
  8.1765247175361955e+08   9.8118296610434341e-01   3.0284936336814575e+07   1.4857531831592726e+07   5.0474893894690953e-01
  8.2095386900336373e+08   9.8514464280403646e-01   3.0224497855884843e+07   1.4887751072057592e+07   5.0374163093141400e-01
  8.2426859615080202e+08   9.8912231538096240e-01   3.0164057552469335e+07   1.4917971223765345e+07   5.0273429254115554e-01
  8.2759670701744401e+08   9.9311604842093282e-01   3.0103615917190898e+07   1.4948192041404564e+07   5.0172693195318163e-01
  8.3093825564211202e+08   9.9712590677053436e-01   3.0043173440715607e+07   1.4978413279642209e+07   5.0071955734526008e-01
  8.3429329628180456e+08   1.0011519555381654e+00   2.9982730613737036e+07   1.5008634693131495e+07   4.9971217689561725e-01
  8.3766188341261518e+08   1.0051942600951382e+00   2.9922287926959787e+07   1.5038856036520120e+07   4.9870479878266311e-01
  8.4104407173057234e+08   1.0092528860766867e+00   2.9861845871084552e+07   1.5069077064457737e+07   4.9769743118474252e-01
  8.4443991615254819e+08   1.0133278993830579e+00   2.9801404936791334e+07   1.5099297531604346e+07   4.9669008227985556e-01
  8.4784947181717074e+08   1.0174193661806048e+00   2.9740965614723314e+07   1.5129517192638356e+07   4.9568276024538854e-01
  8.5127279408567464e+08   1.0215273529028095e+00   2.9680528395471759e+07   1.5159735802264133e+07   4.9467547325786265e-01
  8.5470993854283762e+08   1.0256519262514050e+00   2.9620093769559368e+07   1.5189953115220329e+07   4.9366822949265615e-01
  8.5816096099786985e+08   1.0297931531974438e+00   2.9559662227424614e+07   1.5220168886287706e+07   4.9266103712374359e-01
  8.6162591748530889e+08   1.0339511009823705e+00   2.9499234259405993e+07   1.5250382870297017e+07   4.9165390432343320e-01
  8.6510486426595104e+08   1.0381258371191413e+00   2.9438810355725951e+07   1.5280594822137037e+07   4.9064683926209918e-01
  8.6859785782775426e+08   1.0423174293933051e+00   2.9378391006475110e+07   1.5310804496762458e+07   4.8963985010791850e-01
  8.7210495488674450e+08   1.0465259458640934e+00   2.9317976701596290e+07   1.5341011649201868e+07   4.8863294502660481e-01
  8.7562621238795829e+08   1.0507514548655499e+00   2.9257567930868432e+07   1.5371216034565797e+07   4.8762613218114054e-01
  8.7916168750635624e+08   1.0549940250076275e+00   2.9197165183890879e+07   1.5401417408054573e+07   4.8661941973151468e-01
  8.8271143764774084e+08   1.0592537251772889e+00   2.9136768950067699e+07   1.5431615524966164e+07   4.8561281583446164e-01
  8.8627552044971049e+08   1.0635306245396525e+00   2.9076379718591463e+07   1.5461810140704282e+07   4.8460632864319103e-01
  8.8985399378258371e+08   1.0678247925391005e+00   2.9015997978427622e+07   1.5492001010786202e+07   4.8359996630712704e-01
  8.9344691575032520e+08   1.0721362989003902e+00   2.8955624218299206e+07   1.5522187890850410e+07   4.8259373697165342e-01
  8.9705434469152856e+08   1.0764652136298343e+00   2.8895258926669948e+07   1.5552370536665039e+07   4.8158764877783244e-01
  9.0067633918031669e+08   1.0808116070163800e+00   2.8834902591729425e+07   1.5582548704135301e+07   4.8058170986215709e-01
  9.0431295802731442e+08   1.0851755496327773e+00   2.8774555701376919e+07   1.5612722149311554e+07   4.7957592835628199e-01
  9.0796426028062546e+08   1.0895571123367505e+00   2.8714218743205328e+07   1.5642890628397349e+07   4.7857031238675546e-01
  9.1163030522674358e+08   1.0939563662720921e+00   2.8653892204486217e+07   1.5673053897756904e+07   4.7756487007477028e-01
  9.1531115239155579e+08   1.0983733828698670e+00   2.8593576572153427e+07   1.5703211713923300e+07   4.7655960953589044e-01
  9.1900686154129362e+08   1.1028082338495524e+00   2.8533272332787938e+07   1.5733363833606044e+07   4.7555453887979898e-01
  9.2271749268349302e+08   1.1072609912201916e+00   2.8472979972602081e+07   1.5763510013698973e+07   4.7454966621003469e-01
  9.2644310606799078e+08   1.1117317272815890e+00   2.8412699977423579e+07   1.5793650011288224e+07   4.7354499962372631e-01
  9.3018376218789172e+08   1.1162205146254700e+00   2.8352432832680162e+07   1.5823783583659932e+07   4.7254054721133604e-01
  9.3393952178053927e+08   1.1207274261366471e+00   2.8292179023384176e+07   1.5853910488307925e+07   4.7153631705640292e-01
  9.3771044582852471e+08   1.1252525349942295e+00   2.8231939034116659e+07   1.5884030482941683e+07   4.7053231723527766e-01
  9.4149659556066597e+08   1.1297959146727992e+00   2.8171713349012021e+07   1.5914143325494003e+07   4.6952855581686703e-01
  9.4529803245299017e+08   1.1343576389435881e+00   2.8111502451742902e+07   1.5944248774128562e+07   4.6852504086238173e-01
  9.4911481822975492e+08   1.1389377818757058e+00   2.8051306825504232e+07   1.5974346587247897e+07   4.6752178042507053e-01
  9.5294701486443865e+08   1.1435364178373264e+00   2.7991126952997912e+07   1.6004436523501057e+07   4.6651878254996521e-01
  9.5679468458073616e+08   1.1481536214968833e+00   2.7930963316417642e+07   1.6034518341791192e+07   4.6551605527362738e-01
  9.6065788985359097e+08   1.1527894678243091e+00   2.7870816397433266e+07   1.6064591801283380e+07   4.6451360662388774e-01
  9.6453669341019952e+08   1.1574440320922394e+00   2.7810686677175555e+07   1.6094656661412235e+07   4.6351144461959259e-01
  9.6843115823101246e+08   1.1621173898772148e+00   2.7750574636221237e+07   1.6124712681889394e+07   4.6250957727035397e-01
  9.7234134755080187e+08   1.1668096170609621e+00   2.7690480754577324e+07   1.6154759622711351e+07   4.6150801257628871e-01
  9.7626732485963178e+08   1.1715207898315581e+00   2.7630405511666439e+07   1.6184797244166793e+07   4.6050675852777401e-01
  9.8020915390393341e+08   1.1762509846847200e+00   2.7570349386310991e+07   1.6214825306844518e+07   4.5950582310518318e-01
  9.8416689868752348e+08   1.1810002784250282e+00   2.7510312856718376e+07   1.6244843571640825e+07   4.5850521427863961e-01
  9.8814062347263241e+08   1.1857687481671588e+00   2.7450296400466021e+07   1.6274851799767002e+07   4.5750494000776704e-01
  9.9213039278097093e+08   1.1905564713371650e+00   2.7390300494485971e+07   1.6304849752757028e+07   4.5650500824143286e-01
  9.9613627139476609e+08   1.1953635256737192e+00   2.7330325615050048e+07   1.6334837192474989e+07   4.5550542691750079e-01
  1.0001583243578013e+09   1.2001899892293615e+00   2.7270372237755135e+07   1.6364813881122446e+07   4.5450620396258556e-01
  1.0041966169764961e+09   1.2050359403717952e+00   2.7210440837508727e+07   1.6394779581245650e+07   4.5350734729181214e-01
  1.0082512148209548e+09   1.2099014577851457e+00   2.7150531888513204e+07   1.6424734055743411e+07   4.5250886480855340e-01
  1.0123221837260188e+09   1.2147866204712225e+00   2.7090645864251357e+07   1.6454677067874335e+07   4.5151076440418930e-01
  1.0164095897923601e+09   1.2196915077508321e+00   2.7030783237471387e+07   1.6484608381264320e+07   4.5051305395785646e-01
  1.0205134993875422e+09   1.2246161992650506e+00   2.6970944480172392e+07   1.6514527759913817e+07   4.4951574133620653e-01
  1.0246339791470855e+09   1.2295607749765025e+00   2.6911130063589826e+07   1.6544434968205100e+07   4.4851883439316376e-01
  1.0287710959755740e+09   1.2345253151706888e+00   2.6851340458180550e+07   1.6574329770909738e+07   4.4752234096967586e-01
  1.0329249170477294e+09   1.2395099004572752e+00   2.6791576133608595e+07   1.6604211933195714e+07   4.4652626889347657e-01
  1.0370955098094842e+09   1.2445146117713810e+00   2.6731837558731314e+07   1.6634081220634354e+07   4.4553062597885523e-01
  1.0412829419791245e+09   1.2495395303749495e+00   2.6672125201583467e+07   1.6663937399208277e+07   4.4453542002639113e-01
  1.0454872815483336e+09   1.2545847378580004e+00   2.6612439529363882e+07   1.6693780235318070e+07   4.4354065882273136e-01
  1.0497085967833215e+09   1.2596503161399857e+00   2.6552781008420821e+07   1.6723609495789601e+07   4.4254635014034704e-01
  1.0539469562259595e+09   1.2647363474711515e+00   2.6493150104237247e+07   1.6753424947881388e+07   4.4155250173728744e-01
  1.0582024286948369e+09   1.2698429144338041e+00   2.6433547281417418e+07   1.6783226359291304e+07   4.4055912135695696e-01
  1.0624750832864258e+09   1.2749700999437110e+00   2.6373973003672011e+07   1.6813013498164002e+07   4.3956621672786683e-01
  1.0667649893761861e+09   1.2801179872514232e+00   2.6314427733804952e+07   1.6842786133097533e+07   4.3857379556341586e-01
  1.0710722166196789e+09   1.2852866599436146e+00   2.6254911933698907e+07   1.6872544033150557e+07   4.3758186556164846e-01
  1.0753968349537227e+09   1.2904762019444671e+00   2.6195426064300839e+07   1.6902286967849590e+07   4.3659043440501399e-01
  1.0797389145975173e+09   1.2956866975170207e+00   2.6135970585608467e+07   1.6932014707195777e+07   4.3559950976014111e-01
  1.0840985260537698e+09   1.3009182312645238e+00   2.6076545956656542e+07   1.6961727021671738e+07   4.3460909927760905e-01
  1.0884757401098664e+09   1.3061708881318397e+00   2.6017152635502715e+07   1.6991423682248656e+07   4.3361921059171193e-01
  1.0928706278390074e+09   1.3114447534068088e+00   2.5957791079213955e+07   1.7021104460393038e+07   4.3262985132023257e-01
  1.0972832606013498e+09   1.3167399127216197e+00   2.5898461743853364e+07   1.7050769128073324e+07   4.3164102906422275e-01
  1.1017137100451906e+09   1.3220564520542286e+00   2.5839165084466223e+07   1.7080417457766894e+07   4.3065275140777037e-01
  1.1061620481081183e+09   1.3273944577297419e+00   2.5779901555066232e+07   1.7110049222466893e+07   4.2966502591777050e-01
  1.1106283470181625e+09   1.3327540164217950e+00   2.5720671608622473e+07   1.7139664195688773e+07   4.2867786014370790e-01
  1.1151126792950158e+09   1.3381352151540189e+00   2.5661475697045408e+07   1.7169262151477307e+07   4.2769126161742349e-01
  1.1196151177511532e+09   1.3435381413013838e+00   2.5602314271174271e+07   1.7198842864412874e+07   4.2670523785290448e-01
  1.1241357354930413e+09   1.3489628825916495e+00   2.5543187780763458e+07   1.7228406109618280e+07   4.2571979634605767e-01
  1.1286746059223528e+09   1.3544095271068233e+00   2.5484096674469285e+07   1.7257951662765369e+07   4.2473494457448807e-01
  1.1332318027370982e+09   1.3598781632845178e+00   2.5425041399837710e+07   1.7287479300081160e+07   4.2375068999729515e-01
  1.1378073999328740e+09   1.3653688799194488e+00   2.5366022403290149e+07   1.7316988798354935e+07   4.2276704005483584e-01
  1.1424014718040452e+09   1.3708817661648542e+00   2.5307040130111050e+07   1.7346479934944496e+07   4.2178400216851752e-01
  1.1470140929449375e+09   1.3764169115339249e+00   2.5248095024435099e+07   1.7375952487782467e+07   4.2080158374058496e-01
  1.1516453382510772e+09   1.3819744059012926e+00   2.5189187529234104e+07   1.7405406235382967e+07   4.1981979215390175e-01
  1.1562952829203918e+09   1.3875543395044700e+00   2.5130318086304404e+07   1.7434840956847809e+07   4.1883863477174005e-01
  1.1609640024544189e+09   1.3931568029453025e+00   2.5071487136254717e+07   1.7464256431872647e+07   4.1785811893757863e-01
  1.1656515726595585e+09   1.3987818871914701e+00   2.5012695118493065e+07   1.7493652440753486e+07   4.1687825197488443e-01
  1.1703580696482911e+09   1.4044296835779493e+00   2.4953942471214194e+07   1.7523028764392920e+07   4.1589904118690324e-01
  1.1750835698403986e+09   1.4101002838084782e+00   2.4895229631387513e+07   1.7552385184306253e+07   4.1492049385645857e-01
  1.1798281499642334e+09   1.4157937799570801e+00   2.4836557034744408e+07   1.7581721482627809e+07   4.1394261724574011e-01
  1.1845918870579510e+09   1.4215102644695412e+00   2.4777925115766063e+07   1.7611037442116980e+07   4.1296541859610103e-01
  1.1893748584707456e+09   1.4272498301648946e+00   2.4719334307671577e+07   1.7640332846164223e+07   4.1198890512785963e-01
  1.1941771418641348e+09   1.4330125702369616e+00   2.4660785042405814e+07   1.7669607478797104e+07   4.1101308404009690e-01
  1.1989988152132072e+09   1.4387985782558486e+00   2.4602277750627179e+07   1.7698861124686420e+07   4.1003796251045299e-01
  1.2038399568078675e+09   1.4446079481694409e+00   2.4543812861695956e+07   1.7728093569152031e+07   4.0906354769493258e-01
  1.2087006452541628e+09   1.4504407743049952e+00   2.4485390803661894e+07   1.7757304598169062e+07   4.0808984672769821e-01
  1.2135809594754894e+09   1.4562971513705871e+00   2.4427012003253236e+07   1.7786493998373397e+07   4.0711686672088726e-01
  1.2184809787139287e+09   1.4621771744567145e+00   2.4368676885864366e+07   1.7815661557067826e+07   4.0614461476440611e-01
  1.2234007825315142e+09   1.4680809390378169e+00   2.4310385875544678e+07   1.7844807062227666e+07   4.0517309792574463e-01
  1.2283404508115084e+09   1.4740085409738100e+00   2.4252139394987289e+07   1.7873930302506365e+07   4.0420232324978816e-01
  1.2333000637597299e+09   1.4799600765116758e+00   2.4193937865516916e+07   1.7903031067241546e+07   4.0323229775861524e-01
  1.2382797019058399e+09   1.4859356422870078e+00   2.4135781707078945e+07   1.7932109146460533e+07   4.0226302845131573e-01
  1.2432794461046364e+09   1.4919353353255635e+00   2.4077671338228296e+07   1.7961164330885861e+07   4.0129452230380497e-01
  1.2482993775373955e+09   1.4979592530448744e+00   2.4019607176117919e+07   1.7990196411941048e+07   4.0032678626863200e-01
  1.2533395777131751e+09   1.5040074932558101e+00   2.3961589636487983e+07   1.8019205181756012e+07   3.9935982727479974e-01
  1.2584001284701235e+09   1.5100801541641482e+00   2.3903619133655295e+07   1.8048190433172356e+07   3.9839365222758827e-01
  1.2634811119768384e+09   1.5161773343722060e+00   2.3845696080501728e+07   1.8077151959749140e+07   3.9742826800836212e-01
  1.2685826107336855e+09   1.5222991328804225e+00   2.3787820888463687e+07   1.8106089555768162e+07   3.9646368147439481e-01
  1.2737047075741229e+09   1.5284456490889473e+00   2.3729993967521627e+07   1.8135003016239192e+07   3.9549989945869379e-01
  1.2788474856660776e+09   1.5346169827992930e+00   2.3672215726189028e+07   1.8163892136905491e+07   3.9453692876981716e-01
  1.2840110285132792e+09   1.5408132342159349e+00   2.3614486571502138e+07   1.8192756714248940e+07   3.9357477619170228e-01
  1.2891954199565961e+09   1.5470345039479152e+00   2.3556806909010064e+07   1.8221596545494985e+07   3.9261344848350105e-01
  1.2944007441754532e+09   1.5532808930105437e+00   2.3499177142763410e+07   1.8250411428618301e+07   3.9165295237939018e-01
  1.2996270856891313e+09   1.5595525028269575e+00   2.3441597675304867e+07   1.8279201162347574e+07   3.9069329458841445e-01
  1.3048745293581712e+09   1.5658494352298054e+00   2.3384068907658685e+07   1.8307965546170667e+07   3.8973448179431142e-01
  1.3101431603857827e+09   1.5721717924629393e+00   2.3326591239320312e+07   1.8336704380339850e+07   3.8877652065533852e-01
  1.3154330643191588e+09   1.5785196771829906e+00   2.3269165068247147e+07   1.8365417465876438e+07   3.8781941780411910e-01
  1.3207443270509248e+09   1.5848931924611096e+00   2.3211790790848017e+07   1.8394104604575999e+07   3.8686317984746693e-01
  1.3260770348205101e+09   1.5912924417846122e+00   2.3154468801974628e+07   1.8422765599012688e+07   3.8590781336624380e-01
  1.3314312742155328e+09   1.5977175290586392e+00   2.3097199494911022e+07   1.8451400252544492e+07   3.8495332491518369e-01
  1.3368071321732378e+09   1.6041685586078853e+00   2.3039983261363704e+07   1.8480008369318154e+07   3.8399972102272839e-01
  1.3422046959818935e+09   1.6106456351782721e+00   2.2982820491452504e+07   1.8508589754273757e+07   3.8304700819087506e-01
  1.3476240532821903e+09   1.6171488639386282e+00   2.2925711573701404e+07   1.8537144213149305e+07   3.8209519289502342e-01
  1.3530652920686989e+09   1.6236783504824386e+00   2.2868656895028811e+07   1.8565671552485600e+07   3.8114428158381353e-01
  1.3585285006912808e+09   1.6302342008295370e+00   2.2811656840738695e+07   1.8594171579630658e+07   3.8019428067897826e-01
  1.3640137678565075e+09   1.6368165214278090e+00   2.2754711794512220e+07   1.8622644102743905e+07   3.7924519657520367e-01
  1.3695211826291335e+09   1.6434254191549600e+00   2.2697822138397649e+07   1.8651088930801179e+07   3.7829703563996081e-01
  1.3750508344335258e+09   1.6500610013202308e+00   2.2640988252801783e+07   1.8679505873599116e+07   3.7734980421336306e-01
  1.3806028130550933e+09   1.6567233756661119e+00   2.2584210516481481e+07   1.8707894741759267e+07   3.7640350860802468e-01
  1.3861772086418073e+09   1.6634126503701687e+00   2.2527489306534294e+07   1.8736255346732859e+07   3.7545815510890490e-01
  1.3917741117055910e+09   1.6701289340467091e+00   2.2470824998390593e+07   1.8764587500804707e+07   3.7451374997317655e-01
  1.3973936131238232e+09   1.6768723357485877e+00   2.2414217965805095e+07   1.8792891017097458e+07   3.7357029943008491e-01
  1.4030358041408486e+09   1.6836429649690183e+00   2.2357668580848392e+07   1.8821165709575802e+07   3.7262780968080655e-01
  1.4087007763693850e+09   1.6904409316432620e+00   2.2301177213898640e+07   1.8849411393050686e+07   3.7168628689831068e-01
  1.4143886217920735e+09   1.6972663461504882e+00   2.2244744233633038e+07   1.8877627883183487e+07   3.7074573722721732e-01
  1.4200994327629485e+09   1.7041193193155382e+00   2.2188370007020015e+07   1.8905814996489994e+07   3.6980616678366690e-01
  1.4258333020089216e+09   1.7109999624107060e+00   2.2132054899311401e+07   1.8933972550344307e+07   3.6886758165519001e-01
  1.4315903226313207e+09   1.7179083871575849e+00   2.2075799274034191e+07   1.8962100362982910e+07   3.6792998790056985e-01
  1.4373705881073840e+09   1.7248447057288607e+00   2.2019603492983479e+07   1.8990198253508270e+07   3.6699339154972466e-01
  1.4431741922917616e+09   1.7318090307501139e+00   2.1963467916214421e+07   1.9018266041892793e+07   3.6605779860357368e-01
  1.4490012294180734e+09   1.7388014753016880e+00   2.1907392902034376e+07   1.9046303548982821e+07   3.6512321503390627e-01
  1.4548517941004219e+09   1.7458221529205062e+00   2.1851378806995619e+07   1.9074310596502192e+07   3.6418964678326032e-01
  1.4607259813349109e+09   1.7528711776018930e+00   2.1795425985888224e+07   1.9102287007055890e+07   3.6325709976480375e-01
  1.4666238865012236e+09   1.7599486638014681e+00   2.1739534791732360e+07   1.9130232604133826e+07   3.6232557986220598e-01
  1.4725456053641529e+09   1.7670547264369834e+00   2.1683705575771704e+07   1.9158147212114159e+07   3.6139509292952843e-01
  1.4784912340751331e+09   1.7741894808901597e+00   2.1627938687466573e+07   1.9186030656266727e+07   3.6046564479110954e-01
  1.4844608691738663e+09   1.7813530430086395e+00   2.1572234474485941e+07   1.9213882762757033e+07   3.5953724124143238e-01
  1.4904546075898130e+09   1.7885455291077754e+00   2.1516593282701574e+07   1.9241703358649224e+07   3.5860988804502625e-01
  1.4964725466438005e+09   1.7957670559725605e+00   2.1461015456180878e+07   1.9269492271909561e+07   3.5768359093634794e-01
  1.5025147840496407e+09   1.8030177408595687e+00   2.1405501337179974e+07   1.9297249331410021e+07   3.5675835561966623e-01
  1.5085814179156373e+09   1.8102977014987647e+00   2.1350051266138013e+07   1.9324974366930991e+07   3.5583418776896691e-01
  1.5146725467462456e+09   1.8176070560954947e+00   2.1294665581670403e+07   1.9352667209164798e+07   3.5491109302784007e-01
  1.5207882694436483e+09   1.8249459233323779e+00   2.1239344620562181e+07   1.9380327689718917e+07   3.5398907700936966e-01
  1.5269286853093417e+09   1.8323144223712100e+00   2.1184088717762165e+07   1.9407955641118925e+07   3.5306814529603608e-01
  1.5330938940457857e+09   1.8397126728549427e+00   2.1128898206376523e+07   1.9435550896811742e+07   3.5214830343960873e-01
  1.5392839957580049e+09   1.8471407949096057e+00   2.1073773417662904e+07   1.9463113291168548e+07   3.5122955696104841e-01
  1.5454990909551938e+09   1.8545989091462325e+00   2.1018714681024857e+07   1.9490642659487575e+07   3.5031191135041428e-01
  1.5517392805523870e+09   1.8620871366628644e+00   2.0963722324005891e+07   1.9518138837997064e+07   3.4939537206676485e-01
  1.5580046658720796e+09   1.8696055990464955e+00   2.0908796672283508e+07   1.9545601663858250e+07   3.4847994453805847e-01
  1.5642953486458528e+09   1.8771544183750233e+00   2.0853938049664009e+07   1.9573030975168008e+07   3.4756563416106684e-01
  1.5706114310160627e+09   1.8847337172192753e+00   2.0799146778076582e+07   1.9600426610961713e+07   3.4665244630127634e-01
  1.5769530155374823e+09   1.8923436186449787e+00   2.0744423177568160e+07   1.9627788411215927e+07   3.4574038629280268e-01
  1.5833202051789448e+09   1.8999842462147336e+00   2.0689767566298436e+07   1.9655116216850787e+07   3.4482945943830728e-01
  1.5897131033250556e+09   1.9076557239900667e+00   2.0635180260534488e+07   1.9682409869732764e+07   3.4391967100890813e-01
  1.5961318137778518e+09   1.9153581765334220e+00   2.0580661574645523e+07   1.9709669212677244e+07   3.4301102624409208e-01
  1.6025764407584603e+09   1.9230917289101523e+00   2.0526211821098316e+07   1.9736894089450847e+07   3.4210353035163860e-01
  1.6090470889088631e+09   1.9308565066906356e+00   2.0471831310451731e+07   1.9764084344774142e+07   3.4119718850752884e-01
  1.6155438632935104e+09   1.9386526359522125e+00   2.0417520351352662e+07   1.9791239824323665e+07   3.4029200585587771e-01
  1.6220668694010665e+09   1.9464802432812798e+00   2.0363279250531342e+07   1.9818360374734331e+07   3.3938798750885568e-01
  1.6286162131461625e+09   1.9543394557753950e+00   2.0309108312796295e+07   1.9845445843601856e+07   3.3848513854660489e-01
  1.6351920008710287e+09   1.9622304010452343e+00   2.0255007841030538e+07   1.9872496079484735e+07   3.3758346401717565e-01
  1.6417943393472958e+09   1.9701532072167549e+00   2.0200978136186697e+07   1.9899510931906652e+07   3.3668296893644495e-01
  1.6484233357777009e+09   1.9781080029332410e+00   2.0147019497283012e+07   1.9926490251358498e+07   3.3578365828805018e-01
  1.6550790977978086e+09   1.9860949173573703e+00   2.0093132221399419e+07   1.9953433889300290e+07   3.3488553702332363e-01
  1.6617617334777992e+09   1.9941140801733590e+00   2.0039316603673518e+07   1.9980341698163245e+07   3.3398861006122532e-01
  1.6684713513242021e+09   2.0021656215890422e+00   1.9985572937296379e+07   2.0007213531351812e+07   3.3309288228827300e-01
  1.6752080602816391e+09   2.0102496723379670e+00   1.9931901513508990e+07   2.0034049243245505e+07   3.3219835855848318e-01
  1.6819719697346320e+09   2.0183663636815585e+00   1.9878302621598240e+07   2.0060848689200886e+07   3.3130504369330399e-01
  1.6887631895093603e+09   2.0265158274112323e+00   1.9824776548893414e+07   2.0087611725553297e+07   3.3041294248155689e-01
  1.6955818298754222e+09   2.0346981958505066e+00   1.9771323580762811e+07   2.0114338209618598e+07   3.2952205967938020e-01
  1.7024280015476677e+09   2.0429136018572014e+00   1.9717944000610843e+07   2.0141027999694582e+07   3.2863240001018074e-01
  1.7093018156879747e+09   2.0511621788255696e+00   1.9664638089874417e+07   2.0167680955062795e+07   3.2774396816457363e-01
  1.7162033839070258e+09   2.0594440606884308e+00   1.9611406128019545e+07   2.0194296935990229e+07   3.2685676880032577e-01
  1.7231328182661989e+09   2.0677593819194384e+00   1.9558248392537948e+07   2.0220875803731024e+07   3.2597080654229915e-01
  1.7300902312792938e+09   2.0761082775351523e+00   1.9505165158944726e+07   2.0247417420527637e+07   3.2508608598241212e-01
  1.7370757359144025e+09   2.0844908830972830e+00   1.9452156700775146e+07   2.0273921649612427e+07   3.2420261167958575e-01
  1.7440894455957856e+09   2.0929073347149427e+00   1.9399223289581794e+07   2.0300388355209108e+07   3.2332038815969655e-01
  1.7511314742056212e+09   2.1013577690467455e+00   1.9346365194932897e+07   2.0326817402533557e+07   3.2243941991554825e-01
  1.7582019360859332e+09   2.1098423233031198e+00   1.9293582684408389e+07   2.0353208657795809e+07   3.2155971140680650e-01
  1.7653009460404191e+09   2.1183611352485028e+00   1.9240876023597974e+07   2.0379561988201015e+07   3.2068126705996625e-01
  1.7724286193362918e+09   2.1269143432035502e+00   1.9188245476098847e+07   2.0405877261950575e+07   3.1980409126831411e-01
  1.7795850717061954e+09   2.1355020860474343e+00   1.9135691303513076e+07   2.0432154348243464e+07   3.1892818839188458e-01
  1.7867704193500619e+09   2.1441245032200742e+00   1.9083213765445802e+07   2.0458393117277093e+07   3.1805356275743002e-01
  1.7939847789369769e+09   2.1527817347243721e+00   1.9030813119503863e+07   2.0484593440248065e+07   3.1718021865839774e-01
  1.8012282676071169e+09   2.1614739211285401e+00   1.8978489621292531e+07   2.0510755189353734e+07   3.1630816035487552e-01
  1.8085010029736302e+09   2.1702012035683560e+00   1.8926243524414174e+07   2.0536878237792909e+07   3.1543739207356958e-01
  1.8158031031245239e+09   2.1789637237494284e+00   1.8874075080466591e+07   2.0562962459766693e+07   3.1456791800777650e-01
  1.8231346866246254e+09   2.1877616239495503e+00   1.8821984539041035e+07   2.0589007730479475e+07   3.1369974231735059e-01
  1.8304958725174863e+09   2.1965950470209834e+00   1.8769972147720929e+07   2.0615013926139530e+07   3.1283286912868213e-01
  1.8378867803272848e+09   2.2054641363927416e+00   1.8718038152080946e+07   2.0640980923959523e+07   3.1196730253468241e-01
  1.8453075300608490e+09   2.2143690360730188e+00   1.8666182795684427e+07   2.0666908602157786e+07   3.1110304659474047e-01
  1.8527582422095070e+09   2.2233098906514082e+00   1.8614406320083003e+07   2.0692796839958493e+07   3.1024010533471674e-01
  1.8602390377510900e+09   2.2322868453013078e+00   1.8562708964815080e+07   2.0718645517592456e+07   3.0937848274691798e-01
  1.8677500381519408e+09   2.2413000457823289e+00   1.8511090967404407e+07   2.0744454516297795e+07   3.0851818279007343e-01
  1.8752913653687882e+09   2.2503496384425459e+00   1.8459552563360043e+07   2.0770223718319979e+07   3.0765920938933405e-01
  1.8828631418508101e+09   2.2594357702209718e+00   1.8408093986175030e+07   2.0795953006912488e+07   3.0680156643625051e-01
  1.8904654905415921e+09   2.2685585886499102e+00   1.8356715467325293e+07   2.0821642266337357e+07   3.0594525778875487e-01
  1.8980985348811004e+09   2.2777182418573205e+00   1.8305417236269280e+07   2.0847291381865352e+07   3.0509028727115467e-01
  1.9057623988077316e+09   2.2869148785692777e+00   1.8254199520447109e+07   2.0872900239776447e+07   3.0423665867411848e-01
  1.9134572067603033e+09   2.2961486481123639e+00   1.8203062545280069e+07   2.0898468727359973e+07   3.0338437575466781e-01
  1.9211830836800499e+09   2.3054197004160599e+00   1.8152006534170881e+07   2.0923996732914556e+07   3.0253344223618134e-01
  1.9289401550126991e+09   2.3147281860152389e+00   1.8101031708502702e+07   2.0949484145748649e+07   3.0168386180837836e-01
  1.9367285467104850e+09   2.3240742560525818e+00   1.8050138287638985e+07   2.0974930856180508e+07   3.0083563812731640e-01
  1.9445483852341690e+09   2.3334580622810028e+00   1.7999326488923553e+07   2.1000336755538221e+07   2.9998877481539254e-01
  1.9523997975551417e+09   2.3428797570661701e+00   1.7948596527680270e+07   2.1025701736159865e+07   2.9914327546133784e-01
  1.9602829111574593e+09   2.3523394933889512e+00   1.7897948617213279e+07   2.1051025691393368e+07   2.9829914362022131e-01
  1.9681978540398910e+09   2.3618374248478693e+00   1.7847382968807664e+07   2.1076308515596174e+07   2.9745638281346104e-01
  1.9761447547180448e+09   2.3713737056616537e+00   1.7796899791728895e+07   2.1101550104135562e+07   2.9661499652881490e-01
  1.9841237422264299e+09   2.3809484906717158e+00   1.7746499293223437e+07   2.1126750353388283e+07   2.9577498822039061e-01
  1.9921349461205201e+09   2.3905619353446239e+00   1.7696181678519387e+07   2.1151909160740312e+07   2.9493636130865647e-01
  2.0001784964789457e+09   2.4002141957747347e+00   1.7645947150826402e+07   2.1177026424586810e+07   2.9409911918044002e-01
  2.0082545239054930e+09   2.4099054286865913e+00   1.7595795911337297e+07   2.1202102044331353e+07   2.9326326518895496e-01
  2.0163631595313127e+09   2.4196357914375750e+00   1.7545728159228034e+07   2.1227135920385987e+07   2.9242880265380056e-01
  2.0245045350170190e+09   2.4294054420204225e+00   1.7495744091658536e+07   2.1252127954170737e+07   2.9159573486097562e-01
  2.0326787825548005e+09   2.4392145390657607e+00   1.7445843903773822e+07   2.1277078048113093e+07   2.9076406506289704e-01
  2.0408860348706169e+09   2.4490632418447400e+00   1.7396027788704615e+07   2.1301986105647698e+07   2.8993379647841028e-01
  2.0491264252263293e+09   2.4589517102715952e+00   1.7346295937568679e+07   2.1326852031215671e+07   2.8910493229281131e-01
  2.0574000874218395e+09   2.4688801049062072e+00   1.7296648539472230e+07   2.1351675730263885e+07   2.8827747565787049e-01
  2.0657071557973113e+09   2.4788485869567736e+00   1.7247085781510558e+07   2.1376457109244734e+07   2.8745142969184262e-01
  2.0740477652353282e+09   2.4888573182823936e+00   1.7197607848769564e+07   2.1401196075615227e+07   2.8662679747949271e-01
  2.0824220511630569e+09   2.4989064613956682e+00   1.7148214924327321e+07   2.1425892537836347e+07   2.8580358207212203e-01
  2.0908301495544977e+09   2.5089961794653970e+00   1.7098907189255297e+07   2.1450546405372355e+07   2.8498178648758826e-01
  2.0992721969326670e+09   2.5191266363192004e+00   1.7049684822620377e+07   2.1475157588689819e+07   2.8416141371033959e-01
  2.1077483303717880e+09   2.5292979964461457e+00   1.7000548001486160e+07   2.1499725999256924e+07   2.8334246669143598e-01
  2.1162586874995677e+09   2.5395104249994813e+00   1.6951496900914542e+07   2.1524251549542740e+07   2.8252494834857572e-01
  2.1248034064994066e+09   2.5497640877992880e+00   1.6902531693967637e+07   2.1548734153016195e+07   2.8170886156612729e-01
  2.1333826261126060e+09   2.5600591513351270e+00   1.6853652551709790e+07   2.1573173724145111e+07   2.8089420919516317e-01
  2.1419964856407192e+09   2.5703957827688630e+00   1.6804859643209223e+07   2.1597570178395391e+07   2.8008099405348702e-01
  2.1506451249476967e+09   2.5807741499372359e+00   1.6756153135541527e+07   2.1621923432229236e+07   2.7926921892569212e-01
  2.1593286844622126e+09   2.5911944213546549e+00   1.6707533193790255e+07   2.1646233403104879e+07   2.7845888656317092e-01
  2.1680473051799951e+09   2.6016567662159940e+00   1.6658999981049262e+07   2.1670500009475373e+07   2.7764999968415438e-01
  2.1768011286660028e+09   2.6121613543992033e+00   1.6610553658425612e+07   2.1694723170787200e+07   2.7684256097376020e-01
  2.1855902970568204e+09   2.6227083564681846e+00   1.6562194385041391e+07   2.1718902807479311e+07   2.7603657308402318e-01
  2.1944149530629296e+09   2.6332979436755153e+00   1.6513922318036616e+07   2.1743038840981696e+07   2.7523203863394358e-01
  2.2032752399710026e+09   2.6439302879652029e+00   1.6465737612572242e+07   2.1767131193713889e+07   2.7442896020953739e-01
  2.2121713016462789e+09   2.6546055619755347e+00   1.6417640421831742e+07   2.1791179789084136e+07   2.7362734036386238e-01
  2.2211032825348763e+09   2.6653239390418513e+00   1.6369630897024216e+07   2.1815184551487904e+07   2.7282718161707026e-01
  2.2300713276661096e+09   2.6760855931993315e+00   1.6321709187387250e+07   2.1839145406306379e+07   2.7202848645645417e-01
  2.2390755826548982e+09   2.6868906991858776e+00   1.6273875440189421e+07   2.1863062279905293e+07   2.7123125733649034e-01
  2.2481161937041035e+09   2.6977394324449242e+00   1.6226129800733935e+07   2.1886935099633045e+07   2.7043549667889893e-01
  2.2571933076068778e+09   2.7086319691282532e+00   1.6178472412361577e+07   2.1910763793819226e+07   2.6964120687269294e-01
  2.2663070717490988e+09   2.7195684860989182e+00   1.6130903416453032e+07   2.1934548291773491e+07   2.6884839027421720e-01
  2.2754576341117387e+09   2.7305491609340864e+00   1.6083422952432424e+07   2.1958288523783796e+07   2.6805704920720708e-01
  2.2846451432732277e+09   2.7415741719278732e+00   1.6036031157770678e+07   2.1981984421114668e+07   2.6726718596284466e-01
  2.2938697484119697e+09   2.7526436980943636e+00   1.5988728167988313e+07   2.2005635916005850e+07   2.6647880279980524e-01
  2.3031315993086433e+09   2.7637579191703718e+00   1.5941514116659917e+07   2.2029242941670053e+07   2.6569190194433195e-01
  2.3124308463486891e+09   2.7749170156184269e+00   1.5894389135416748e+07   2.2052805432291638e+07   2.6490648559027913e-01
  2.3217676405248089e+09   2.7861211686297707e+00   1.5847353353949983e+07   2.2076323323025018e+07   2.6412255589916639e-01
  2.3311421334392939e+09   2.7973705601271526e+00   1.5800406900014983e+07   2.2099796549992513e+07   2.6334011500024973e-01
  2.3405544773065920e+09   2.8086653727679103e+00   1.5753549899434362e+07   2.2123225050282840e+07   2.6255916499057269e-01
  2.3500048249557395e+09   2.8200057899468871e+00   1.5706782476102199e+07   2.2146608761948906e+07   2.6177970793503663e-01
  2.3594933298328142e+09   2.8313919957993767e+00   1.5660104751988022e+07   2.2169947624005999e+07   2.6100174586646702e-01
  2.3690201460034857e+09   2.8428241752041825e+00   1.5613516847139902e+07   2.2193241576430053e+07   2.6022528078566504e-01
  2.3785854281554866e+09   2.8543025137865836e+00   1.5567018879688751e+07   2.2216490560155634e+07   2.5945031466147916e-01
  2.3881893316010962e+09   2.8658271979213152e+00   1.5520610965852369e+07   2.2239694517073825e+07   2.5867684943087282e-01
  2.3978320122797208e+09   2.8773984147356648e+00   1.5474293219939319e+07   2.2262853390030351e+07   2.5790488699898867e-01
  2.4075136267603946e+09   2.8890163521124732e+00   1.5428065754353544e+07   2.2285967122823242e+07   2.5713442923922575e-01
  2.4172343322442951e+09   2.9006811986931540e+00   1.5381928679598155e+07   2.2309035660200935e+07   2.5636547799330256e-01
  2.4269942865673523e+09   2.9123931438808226e+00   1.5335882104279552e+07   2.2332058947860233e+07   2.5559803507132584e-01
  2.4367936482027841e+09   2.9241523778433409e+00   1.5289926135111867e+07   2.2355036932444077e+07   2.5483210225186442e-01
  2.4466325762636271e+09   2.9359590915163523e+00   1.5244060876921525e+07   2.2377969561539251e+07   2.5406768128202539e-01
  2.4565112305054317e+09   2.9478134766065178e+00   1.5198286432651542e+07   2.2400856783674240e+07   2.5330477387752570e-01
  2.4664297713287268e+09   2.9597157255944722e+00   1.5152602903366243e+07   2.2423698548316892e+07   2.5254338172277074e-01
  2.4763883597816811e+09   2.9716660317380170e+00   1.5107010388255576e+07   2.2446494805872224e+07   2.5178350647092629e-01
  2.4863871575627818e+09   2.9836645890753379e+00   1.5061508984639470e+07   2.2469245507680282e+07   2.5102514974399115e-01
  2.4964263270233274e+09   2.9957115924279929e+00   1.5016098787973106e+07   2.2491950606013462e+07   2.5026831313288511e-01
  2.5065060311701751e+09   3.0078072374042097e+00   1.4970779891851474e+07   2.2514610054074269e+07   2.4951299819752457e-01
  2.5166264336683478e+09   3.0199517204020174e+00   1.4925552388014089e+07   2.2537223805992968e+07   2.4875920646690150e-01
  2.5267876988436594e+09   3.0321452386123910e+00   1.4880416366349945e+07   2.2559791816825040e+07   2.4800693943916574e-01
  2.5369899916854463e+09   3.0443879900225355e+00   1.4835371914902182e+07   2.2582314042548921e+07   2.4725619858170303e-01
  2.5472334778492141e+09   3.0566801734190570e+00   1.4790419119873201e+07   2.2604790440063413e+07   2.4650698533122004e-01
  2.5575183236592970e+09   3.0690219883911563e+00   1.4745558065630095e+07   2.2627220967184961e+07   2.4575930109383493e-01
  2.5678446961116199e+09   3.0814136353339436e+00   1.4700788834709244e+07   2.2649605582645390e+07   2.4501314724515405e-01
  2.5782127628763804e+09   3.0938553154516564e+00   1.4656111507821536e+07   2.2671944246089246e+07   2.4426852513035893e-01
  2.5886226923007379e+09   3.1063472307608855e+00   1.4611526163857745e+07   2.2694236918071140e+07   2.4352543606429575e-01
  2.5990746534116111e+09   3.1188895840939330e+00   1.4567032879893504e+07   2.2716483560053255e+07   2.4278388133155840e-01
  2.6095688159183912e+09   3.1314825791020695e+00   1.4522631731195062e+07   2.2738684134402476e+07   2.4204386218658439e-01
  2.6201053502156644e+09   3.1441264202587971e+00   1.4478322791224429e+07   2.2760838604387797e+07   2.4130537985374048e-01
  2.6306844273860435e+09   3.1568213128632521e+00   1.4434106131644499e+07   2.2782946934177756e+07   2.4056843552740831e-01
  2.6413062192029147e+09   3.1695674630434976e+00   1.4389981822324647e+07   2.2805009088837683e+07   2.3983303037207745e-01
  2.6519708981331811e+09   3.1823650777598171e+00   1.4345949931346329e+07   2.2827025034326844e+07   2.3909916552243882e-01
  2.6626786373401828e+09   3.1952143648082192e+00   1.4302010525008375e+07   2.2848994737495821e+07   2.3836684208347292e-01
  2.6734296106863704e+09   3.2081155328236441e+00   1.4258163667833872e+07   2.2870918166083079e+07   2.3763606113056454e-01
  2.6842239927361884e+09   3.2210687912834262e+00   1.4214409422574423e+07   2.2892795288712800e+07   2.3690682370957372e-01
  2.6950619587589788e+09   3.2340743505107743e+00   1.4170747850215921e+07   2.2914626074892044e+07   2.3617913083693201e-01
  2.7059436847316837e+09   3.2471324216780202e+00   1.4127179009984886e+07   2.2936410495007571e+07   2.3545298349974811e-01
  2.7168693473418236e+09   3.2602432168101880e+00   1.4083702959353693e+07   2.2958148520323161e+07   2.3472838265589488e-01
  2.7278391239903202e+09   3.2734069487883839e+00   1.4040319754047165e+07   2.2979840122976430e+07   2.3400532923411940e-01
  2.7388531927943468e+09   3.2866238313532161e+00   1.3997029448048262e+07   2.3001485275975876e+07   2.3328382413413770e-01
  2.7499117325902853e+09   3.2998940791083422e+00   1.3953832093603479e+07   2.3023083953198273e+07   2.3256386822672465e-01
  2.7610149229365973e+09   3.3132179075239168e+00   1.3910727741229100e+07   2.3044636129385464e+07   2.3184546235381834e-01
  2.7721629441167040e+09   3.3265955329400447e+00   1.3867716439717287e+07   2.3066141780141369e+07   2.3112860732862145e-01
  2.7833559771419840e+09   3.3400271725703807e+00   1.3824798236142078e+07   2.3087600881928973e+07   2.3041330393570131e-01
  2.7945942037546768e+09   3.3535130445056121e+00   1.3781973175866121e+07   2.3109013412066948e+07   2.2969955293110203e-01
  2.8058778064307990e+09   3.3670533677169585e+00   1.3739241302546112e+07   2.3130379348726958e+07   2.2898735504243520e-01
  2.8172069683831778e+09   3.3806483620598131e+00   1.3696602658138983e+07   2.3151698670930516e+07   2.2827671096898305e-01
  2.8285818735643888e+09   3.3942982482772663e+00   1.3654057282908265e+07   2.3172971358545881e+07   2.2756762138180442e-01
  2.8400027066696992e+09   3.4080032480036389e+00   1.3611605215430517e+07   2.3194197392284751e+07   2.2686008692384194e-01
  2.8514696531401920e+09   3.4217635837682301e+00   1.3569246492601663e+07   2.3215376753699183e+07   2.2615410821002771e-01
  2.8629828991656289e+09   3.4355794789987546e+00   1.3526981149643365e+07   2.3236509425178327e+07   2.2544968582738942e-01
  2.8745426316875391e+09   3.4494511580250466e+00   1.3484809220109222e+07   2.3257595389945399e+07   2.2474682033515370e-01
  2.8861490384023290e+09   3.4633788460827946e+00   1.3442730735890931e+07   2.3278634632054545e+07   2.2404551226484884e-01
  2.8978023077641740e+09   3.4773627693170086e+00   1.3400745727225292e+07   2.3299627136387363e+07   2.2334576212042154e-01
  2.9095026289882112e+09   3.4914031547858531e+00   1.3358854222700689e+07   2.3320572888649661e+07   2.2264757037834482e-01
  2.9212501920535612e+09   3.5055002304642735e+00   1.3317056249263469e+07   2.3341471875368271e+07   2.2195093748772449e-01
  2.9330451877063794e+09   3.5196542252476553e+00   1.3275351832224498e+07   2.3362324083887760e+07   2.2125586387040830e-01
  2.9448878074630251e+09   3.5338653689556301e+00   1.3233740995265612e+07   2.3383129502367202e+07   2.2056234992109355e-01
  2.9567782436131315e+09   3.5481338923357577e+00   1.3192223760446336e+07   2.3403888119776845e+07   2.1987039600743893e-01
  2.9687166892226977e+09   3.5624600270672371e+00   1.3150800148211027e+07   2.3424599925894506e+07   2.1918000247018377e-01
  2.9807033381372900e+09   3.5768440057647477e+00   1.3109470177395141e+07   2.3445264911302440e+07   2.1849116962325235e-01
  2.9927383849851580e+09   3.5912860619821894e+00   1.3068233865231924e+07   2.3465883067384053e+07   2.1780389775386538e-01
  3.0048220251803541e+09   3.6057864302164249e+00   1.3027091227359401e+07   2.3486454386320312e+07   2.1711818712265668e-01
  3.0169544549259834e+09   3.6203453459111801e+00   1.2986042277826870e+07   2.3506978861086577e+07   2.1643403796378116e-01
  3.0291358712173505e+09   3.6349630454608204e+00   1.2945087029102184e+07   2.3527456485448919e+07   2.1575145048503641e-01
  3.0413664718451085e+09   3.6496397662141300e+00   1.2904225492078597e+07   2.3547887253960714e+07   2.1507042486797662e-01
  3.0536464553986092e+09   3.6643757464783309e+00   1.2863457676081046e+07   2.3568271161959488e+07   2.1439096126801743e-01
  3.0659760212689629e+09   3.6791712255227553e+00   1.2822783588873694e+07   2.3588608205563162e+07   2.1371305981456157e-01
  3.0783553696523533e+09   3.6940264435828238e+00   1.2782203236666586e+07   2.3608898381666709e+07   2.1303672061110976e-01
  3.0907847015533614e+09   3.7089416418640333e+00   1.2741716624122690e+07   2.3629141687938660e+07   2.1236194373537817e-01
  3.1032642187880669e+09   3.7239170625456799e+00   1.2701323754365182e+07   2.3649338122817416e+07   2.1168872923941970e-01
  3.1157941239874644e+09   3.7389529487849571e+00   1.2661024628983973e+07   2.3669487685508020e+07   2.1101707714973289e-01
  3.1283746206007013e+09   3.7540495447208415e+00   1.2620819248042960e+07   2.3689590375978522e+07   2.1034698746738267e-01
  3.1410059128983440e+09   3.7692070954780128e+00   1.2580707610087236e+07   2.3709646194956385e+07   2.0967846016812061e-01
  3.1536882059757710e+09   3.7844258471709251e+00   1.2540689712150207e+07   2.3729655143924907e+07   2.0901149520250345e-01
  3.1664217057564654e+09   3.7997060469077582e+00   1.2500765549760541e+07   2.3749617225119736e+07   2.0834609249600902e-01
  3.1792066189953189e+09   3.8150479427943824e+00   1.2460935116949495e+07   2.3769532441525262e+07   2.0768225194915824e-01
  3.1920431532820659e+09   3.8304517839384791e+00   1.2421198406257816e+07   2.3789400796871096e+07   2.0701997343763026e-01
  3.2049315170446172e+09   3.8459178204535402e+00   1.2381555408743195e+07   2.3809222295628414e+07   2.0635925681238659e-01
  3.2178719195524039e+09   3.8614463034628845e+00   1.2342006113987749e+07   2.3828996943006128e+07   2.0570010189979582e-01
  3.2308645709198537e+09   3.8770374851038243e+00   1.2302550510104643e+07   2.3848724744947687e+07   2.0504250850174405e-01
  3.2439096821097636e+09   3.8926916185317162e+00   1.2263188583745558e+07   2.3868405708127227e+07   2.0438647639575930e-01
  3.2570074649366856e+09   3.9084089579240224e+00   1.2223920320108017e+07   2.3888039839945998e+07   2.0373200533513361e-01
  3.2701581320704446e+09   3.9241897584845331e+00   1.2184745702942465e+07   2.3907627148528773e+07   2.0307909504904106e-01
  3.2833618970395532e+09   3.9400342764474634e+00   1.2145664714560537e+07   2.3927167642719734e+07   2.0242774524267562e-01
  3.2966189742346253e+09   3.9559427690815503e+00   1.2106677335841650e+07   2.3946661332079176e+07   2.0177795559736084e-01
  3.3099295789120021e+09   3.9719154946944024e+00   1.2067783546240004e+07   2.3966108226880003e+07   2.0112972577066673e-01
  3.3232939271970625e+09   3.9879527126364747e+00   1.2028983323792541e+07   2.3985508338103730e+07   2.0048305539654235e-01
  3.3367122360878773e+09   4.0040546833054522e+00   1.1990276645125868e+07   2.4004861677437074e+07   1.9983794408543112e-01
  3.3501847234586825e+09   4.0202216681504188e+00   1.1951663485464262e+07   2.4024168257267877e+07   1.9919439142440437e-01
  3.3637116080633717e+09   4.0364539296760462e+00   1.1913143818637021e+07   2.4043428090681497e+07   1.9855239697728369e-01
  3.3772931095391326e+09   4.0527517314469588e+00   1.1874717617085310e+07   2.4062641191457354e+07   1.9791196028475516e-01
  3.3909294484099727e+09   4.0691153380919669e+00   1.1836384851869881e+07   2.4081807574065063e+07   1.9727308086449802e-01
  3.4046208460902562e+09   4.0855450153083073e+00   1.1798145492678579e+07   2.4100927253660716e+07   1.9663575821130966e-01
  3.4183675248883843e+09   4.1020410298660615e+00   1.1759999507833909e+07   2.4120000246083055e+07   1.9599999179723182e-01
  3.4321697080103621e+09   4.1186036496124343e+00   1.1721946864300830e+07   2.4139026567849591e+07   1.9536578107168051e-01
  3.4460276195633812e+09   4.1352331434760572e+00   1.1683987527693726e+07   2.4158006236153141e+07   1.9473312546156210e-01
  3.4599414845595422e+09   4.1519297814714502e+00   1.1646121462283934e+07   2.4176939268858034e+07   1.9410202437139890e-01
  3.4739115289194674e+09   4.1686938347033609e+00   1.1608348631007319e+07   2.4195825684496347e+07   1.9347247718345531e-01
  3.4879379794759250e+09   4.1855255753711100e+00   1.1570668995472133e+07   2.4214665502263941e+07   1.9284448325786888e-01
  3.5020210639775982e+09   4.2024252767731181e+00   1.1533082515966512e+07   2.4233458742016748e+07   1.9221804193277520e-01
  3.5161610110927405e+09   4.2193932133112888e+00   1.1495589151465671e+07   2.4252205424267173e+07   1.9159315252442785e-01
  3.5303580504128313e+09   4.2364296604953973e+00   1.1458188859639764e+07   2.4270905570180122e+07   1.9096981432732940e-01
  3.5446124124564614e+09   4.2535348949477534e+00   1.1420881596861009e+07   2.4289559201569501e+07   1.9034802661435013e-01
  3.5589243286728888e+09   4.2707091944074662e+00   1.1383667318211943e+07   2.4308166340894032e+07   1.8972778863686571e-01
  3.5732940314458838e+09   4.2879528377350606e+00   1.1346545977492984e+07   2.4326727011253513e+07   1.8910909962488306e-01
  3.5877217540975890e+09   4.3052661049171066e+00   1.1309517527229326e+07   2.4345241236385342e+07   1.8849195878715544e-01
  3.6022077308921189e+09   4.3226492770705427e+00   1.1272581918679172e+07   2.4363709040660419e+07   1.8787636531131954e-01
  3.6167521970395236e+09   4.3401026364474280e+00   1.1235739101840928e+07   2.4382130449079547e+07   1.8726231836401547e-01
  3.6313553886995502e+09   4.3576264664394602e+00   1.1198989025461154e+07   2.4400505487269428e+07   1.8664981709101924e-01
  3.6460175429854317e+09   4.3752210515825176e+00   1.1162331637042357e+07   2.4418834181478832e+07   1.8603886061737260e-01
  3.6607388979678278e+09   4.3928866775613935e+00   1.1125766882850066e+07   2.4437116558574975e+07   1.8542944804750111e-01
  3.6755196926786447e+09   4.4106236312143734e+00   1.1089294707920698e+07   2.4455352646039657e+07   1.8482157846534497e-01
  3.6903601671148720e+09   4.4284322005378458e+00   1.1052915056069268e+07   2.4473542471965373e+07   1.8421525093448779e-01
  3.7052605622425675e+09   4.4463126746910806e+00   1.1016627869897101e+07   2.4491686065051459e+07   1.8361046449828503e-01
  3.7202211200007281e+09   4.4642653440008733e+00   1.0980433090799389e+07   2.4509783454600312e+07   1.8300721817998983e-01
  3.7352420833051710e+09   4.4822904999662052e+00   1.0944330658972843e+07   2.4527834670513585e+07   1.8240551098288071e-01
  3.7503236960525675e+09   4.5003884352630807e+00   1.0908320513423175e+07   2.4545839743288420e+07   1.8180534189038625e-01
  3.7654662031243606e+09   4.5185594437492327e+00   1.0872402591972854e+07   2.4563798704013579e+07   1.8120670986621423e-01
  3.7806698503906770e+09   4.5368038204688119e+00   1.0836576831269193e+07   2.4581711584365409e+07   1.8060961385448657e-01
  3.7959348847144909e+09   4.5551218616573887e+00   1.0800843166791271e+07   2.4599578416604374e+07   1.8001405277985452e-01
  3.8112615539554305e+09   4.5735138647465163e+00   1.0765201532858113e+07   2.4617399233570956e+07   1.7942002554763523e-01
  3.8266501069738941e+09   4.5919801283686725e+00   1.0729651862636106e+07   2.4635174068681955e+07   1.7882753104393509e-01
  3.8421007936351867e+09   4.6105209523622239e+00   1.0694194088146564e+07   2.4652902955926728e+07   1.7823656813577607e-01
  3.8576138648133736e+09   4.6291366377760479e+00   1.0658828140273916e+07   2.4670585929863047e+07   1.7764713567123191e-01
  3.8731895723955235e+09   4.6478274868746281e+00   1.0623553948772749e+07   2.4688223025613632e+07   1.7705923247954580e-01
  3.8888281692857404e+09   4.6665938031428880e+00   1.0588371442275634e+07   2.4705814278862193e+07   1.7647285737126056e-01
  3.9045299094092178e+09   4.6854358912910614e+00   1.0553280548300918e+07   2.4723359725849550e+07   1.7588800913834865e-01
  3.9202950477164602e+09   4.7043540572597520e+00   1.0518281193260416e+07   2.4740859403369796e+07   1.7530468655434028e-01
  3.9361238401873727e+09   4.7233486082248470e+00   1.0483373302466843e+07   2.4758313348766584e+07   1.7472288837444738e-01
  3.9520165438353710e+09   4.7424198526024446e+00   1.0448556800141560e+07   2.4775721599929225e+07   1.7414261333569267e-01
  3.9679734167116504e+09   4.7615681000539798e+00   1.0413831609421965e+07   2.4793084195289019e+07   1.7356386015703273e-01
  3.9839947179093270e+09   4.7807936614911926e+00   1.0379197652369151e+07   2.4810401173815429e+07   1.7298662753948585e-01
  4.0000807075675974e+09   4.8000968490811164e+00   1.0344654849976351e+07   2.4827672575011831e+07   1.7241091416627252e-01
  4.0162316468760567e+09   4.8194779762512674e+00   1.0310203122175917e+07   2.4844898438912053e+07   1.7183671870293196e-01
  4.0324477980788960e+09   4.8389373576946753e+00   1.0275842387846718e+07   2.4862078806076642e+07   1.7126403979744528e-01
  4.0487294244790897e+09   4.8584753093749073e+00   1.0241572564822106e+07   2.4879213717588946e+07   1.7069287608036843e-01
  4.0650767904428549e+09   4.8780921485314259e+00   1.0207393569897035e+07   2.4896303215051491e+07   1.7012322616495060e-01
  4.0814901614037275e+09   4.8977881936844732e+00   1.0173305318836551e+07   2.4913347340581730e+07   1.6955508864727586e-01
  4.0979698038669734e+09   4.9175637646403683e+00   1.0139307726382997e+07   2.4930346136808511e+07   1.6898846210638327e-01
  4.1145159854140124e+09   4.9374191824968143e+00   1.0105400706263099e+07   2.4947299646868456e+07   1.6842334510438497e-01
  4.1311289747065506e+09   4.9573547696478606e+00   1.0071584171196090e+07   2.4964207914401963e+07   1.6785973618660149e-01
  4.1478090414911227e+09   4.9773708497893470e+00   1.0037858032900833e+07   2.4981070983549591e+07   1.6729763388168054e-01
  4.1645564566034064e+09   4.9974677479240874e+00   1.0004222202104002e+07   2.4997888898948003e+07   1.6673703670173337e-01
  4.1813714919725695e+09   5.0176457903670828e+00   9.9706765885475650e+06   2.5014661705726221e+07   1.6617794314245943e-01
  4.1982544206257863e+09   5.0379053047509430e+00   9.9372211009957790e+06   2.5031389449502118e+07   1.6562035168326297e-01
  4.2152055166926203e+09   5.0582466200311442e+00   9.9038556472429726e+06   2.5048072176378518e+07   1.6506426078738287e-01
  4.2322250554094243e+09   5.0786700664913091e+00   9.8705801341211479e+06   2.5064709932939436e+07   1.6450966890201912e-01
  4.2493133131239109e+09   5.0991759757486932e+00   9.8373944675076306e+06   2.5081302766246192e+07   1.6395657445846051e-01
  4.2664705672995892e+09   5.1197646807595065e+00   9.8042985523324683e+06   2.5097850723833773e+07   1.6340497587220781e-01
  4.2836970965202174e+09   5.1404365158242609e+00   9.7712922925858814e+06   2.5114353853707071e+07   1.6285487154309802e-01
  4.3009931804944315e+09   5.1611918165933179e+00   9.7383755913255680e+06   2.5130812204337221e+07   1.6230625985542613e-01
  4.3183591000602341e+09   5.1820309200722807e+00   9.7055483506843075e+06   2.5147225824657854e+07   1.6175913917807180e-01
  4.3357951371894989e+09   5.2029541646273980e+00   9.6728104718779083e+06   2.5163594764061056e+07   1.6121350786463182e-01
  4.3533015749926615e+09   5.2239618899911937e+00   9.6401618552120607e+06   2.5179919072393976e+07   1.6066936425353434e-01
  4.3708786977232571e+09   5.2450544372679087e+00   9.6076024000898842e+06   2.5196198799955066e+07   1.6012670666816473e-01
  4.3885267907824650e+09   5.2662321489389576e+00   9.5751320050194822e+06   2.5212433997490264e+07   1.5958553341699136e-01
  4.4062461407239437e+09   5.2874953688687318e+00   9.5427505676210634e+06   2.5228624716189474e+07   1.5904584279368439e-01
  4.4240370352582483e+09   5.3088444423098977e+00   9.5104579846350551e+06   2.5244771007682480e+07   1.5850763307725091e-01
  4.4418997632576065e+09   5.3302797159091275e+00   9.4782541519288681e+06   2.5260872924035572e+07   1.5797090253214779e-01
  4.4598346147607231e+09   5.3518015377128672e+00   9.4461389645041898e+06   2.5276930517747913e+07   1.5743564940840316e-01
  4.4778418809772520e+09   5.3734102571727025e+00   9.4141123165047094e+06   2.5292943841747649e+07   1.5690187194174515e-01
  4.4959218542927198e+09   5.3951062251512631e+00   9.3821741012233645e+06   2.5308912949388329e+07   1.5636956835372273e-01
  4.5140748282732096e+09   5.4168897939278509e+00   9.3503242111097034e+06   2.5324837894445155e+07   1.5583873685182839e-01
  4.5323010976700640e+09   5.4387613172040767e+00   9.3185625377771351e+06   2.5340718731111441e+07   1.5530937562961891e-01
  4.5506009584247856e+09   5.4607211501097428e+00   9.2868889720101077e+06   2.5356555513994955e+07   1.5478148286683513e-01
  4.5689747076737862e+09   5.4827696492085432e+00   9.2553034037714582e+06   2.5372348298114274e+07   1.5425505672952430e-01
  4.5874226437531557e+09   5.5049071725037866e+00   9.2238057222100701e+06   2.5388097138894971e+07   1.5373009537016782e-01
  4.6059450662036180e+09   5.5271340794443411e+00   9.1923958156676162e+06   2.5403802092166197e+07   1.5320659692779359e-01
  4.6245422757753382e+09   5.5494507309304053e+00   9.1610735716859475e+06   2.5419463214157030e+07   1.5268455952809912e-01
  4.6432145744327507e+09   5.5718574893193002e+00   9.1298388770143855e+06   2.5435080561492816e+07   1.5216398128357309e-01
  4.6619622653595724e+09   5.5943547184314868e+00   9.0986916176168974e+06   2.5450654191191562e+07   1.5164486029361496e-01
  4.6807856529636726e+09   5.6169427835564072e+00   9.0676316786793415e+06   2.5466184160660338e+07   1.5112719464465568e-01
  4.6996850428819370e+09   5.6396220514583240e+00   9.0366589446166307e+06   2.5481670527691692e+07   1.5061098241027718e-01
  4.7186607419854422e+09   5.6623928903825300e+00   9.0057732990795765e+06   2.5497113350460216e+07   1.5009622165132627e-01
  4.7377130583841877e+09   5.6852556700610251e+00   8.9749746249624752e+06   2.5512512687518764e+07   1.4958291041604124e-01
  4.7568423014322147e+09   5.7082107617186573e+00   8.9442628044102304e+06   2.5527868597794890e+07   1.4907104674017049e-01
  4.7760487817327433e+09   5.7312585380792918e+00   8.9136377188249547e+06   2.5543181140587527e+07   1.4856062864708258e-01
  4.7953328111429691e+09   5.7543993733715624e+00   8.8830992488734741e+06   2.5558450375563268e+07   1.4805165414789123e-01
  4.8146947027793331e+09   5.7776336433351991e+00   8.8526472744939998e+06   2.5573676362753004e+07   1.4754412124156666e-01
  4.8341347710225353e+09   5.8009617252270420e+00   8.8222816749033891e+06   2.5588859162548311e+07   1.4703802791505649e-01
  4.8536533315225754e+09   5.8243839978270904e+00   8.7920023286048956e+06   2.5603998835697554e+07   1.4653337214341491e-01
  4.8732507012039967e+09   5.8479008414447957e+00   8.7618091133941263e+06   2.5619095443302941e+07   1.4603015188990209e-01
  4.8929271982709761e+09   5.8715126379251714e+00   8.7317019063663073e+06   2.5634149046816848e+07   1.4552836510610512e-01
  4.9126831422124271e+09   5.8952197706549123e+00   8.7016805839233343e+06   2.5649159708038334e+07   1.4502800973205557e-01
  4.9325188538073101e+09   5.9190226245687718e+00   8.6717450217806231e+06   2.5664127489109691e+07   1.4452908369634371e-01
  4.9524346551297789e+09   5.9429215861557347e+00   8.6418950949745104e+06   2.5679052452512745e+07   1.4403158491624185e-01
  4.9724308695543509e+09   5.9669170434652203e+00   8.6121306778686587e+06   2.5693934661065672e+07   1.4353551129781097e-01
  4.9925078217612772e+09   5.9910093861135323e+00   8.5824516441609059e+06   2.5708774177919544e+07   1.4304086073601510e-01
  5.0126658377417583e+09   6.0151990052901096e+00   8.5528578668901250e+06   2.5723571066554934e+07   1.4254763111483543e-01
  5.0329052448031483e+09   6.0394862937637779e+00   8.5233492184434365e+06   2.5738325390778281e+07   1.4205582030739061e-01
  5.0532263715745020e+09   6.0638716458894022e+00   8.4939255705629606e+06   2.5753037214718517e+07   1.4156542617604934e-01
  5.0736295480116386e+09   6.0883554576139662e+00   8.4645867943524215e+06   2.5767706602823786e+07   1.4107644657254037e-01
  5.0941151054026270e+09   6.1129381264831517e+00   8.4353327602839097e+06   2.5782333619858045e+07   1.4058887933806516e-01
  5.1146833763732843e+09   6.1376200516479411e+00   8.4061633382044397e+06   2.5796918330897782e+07   1.4010272230340734e-01
  5.1353346948923120e+09   6.1624016338707746e+00   8.3770783973433180e+06   2.5811460801328346e+07   1.3961797328905529e-01
  5.1560693962769413e+09   6.1872832755323293e+00   8.3480778063184815e+06   2.5825961096840758e+07   1.3913463010530802e-01
  5.1768878171983032e+09   6.2122653806379633e+00   8.3191614331430439e+06   2.5840419283428479e+07   1.3865269055238408e-01
  5.1977902956868229e+09   6.2373483548241868e+00   8.2903291452321326e+06   2.5854835427383933e+07   1.3817215242053554e-01
  5.2187771711378403e+09   6.2625326053654078e+00   8.2615808094093362e+06   2.5869209595295332e+07   1.3769301349015561e-01
  5.2398487843170557e+09   6.2878185411804663e+00   8.2329162919137944e+06   2.5883541854043104e+07   1.3721527153189658e-01
  5.2610054773660002e+09   6.3132065728392002e+00   8.2043354584065070e+06   2.5897832270796746e+07   1.3673892430677512e-01
  5.2822475938077164e+09   6.3386971125692595e+00   8.1758381739767408e+06   2.5912080913011633e+07   1.3626396956627901e-01
  5.3035754785522747e+09   6.3642905742627294e+00   8.1474243031486627e+06   2.5926287848425668e+07   1.3579040505247772e-01
  5.3249894779023075e+09   6.3899873734827688e+00   8.1190937098880718e+06   2.5940453145055968e+07   1.3531822849813452e-01
  5.3464899395587635e+09   6.4157879274705163e+00   8.0908462576088868e+06   2.5954576871195558e+07   1.3484743762681478e-01
  5.3680772126264868e+09   6.4416926551517841e+00   8.0626818091793898e+06   2.5968659095410313e+07   1.3437803015298982e-01
  5.3897516476198187e+09   6.4677019771437818e+00   8.0346002269288525e+06   2.5982699886535577e+07   1.3391000378214754e-01
  5.4115135964684238e+09   6.4938163157621087e+00   8.0066013726537656e+06   2.5996699313673116e+07   1.3344335621089609e-01
  5.4333634125229359e+09   6.5200360950275229e+00   7.9786851076246118e+06   2.6010657446187690e+07   1.3297808512707687e-01
  5.4553014505606079e+09   6.5463617406727295e+00   7.9508512925921278e+06   2.6024574353703938e+07   1.3251418820986879e-01
  5.4773280667913151e+09   6.5727936801495774e+00   7.9230997877933215e+06   2.6038450106103335e+07   1.3205166312988870e-01
  5.4994436188630285e+09   6.5993323426356341e+00   7.8954304529582094e+06   2.6052284773520898e+07   1.3159050754930349e-01
  5.5216484658678694e+09   6.6259781590414430e+00   7.8678431473159129e+06   2.6066078426342040e+07   1.3113071912193189e-01
  5.5439429683478460e+09   6.6527315620174150e+00   7.8403377296011578e+06   2.6079831135199416e+07   1.3067229549335263e-01
  5.5663274883006439e+09   6.6795929859607721e+00   7.8129140580603713e+06   2.6093542970969815e+07   1.3021523430100618e-01
  5.5888023891856365e+09   6.7065628670227637e+00   7.7855719904578198e+06   2.6107214004771087e+07   1.2975953317429700e-01
  5.6113680359297228e+09   6.7336416431156669e+00   7.7583113840819085e+06   2.6120844307959046e+07   1.2930518973469848e-01
  5.6340247949331789e+09   6.7608297539198148e+00   7.7311320957516367e+06   2.6134433952124178e+07   1.2885220159586061e-01
  5.6567730340757475e+09   6.7881276408908970e+00   7.7040339818223752e+06   2.6147983009088811e+07   1.2840056636370625e-01
  5.6796131227225437e+09   6.8155357472670524e+00   7.6770168981920993e+06   2.6161491550903950e+07   1.2795028163653499e-01
  5.7025454317299795e+09   6.8430545180759754e+00   7.6500807003075751e+06   2.6174959649846215e+07   1.2750134500512625e-01
  5.7255703334519272e+09   6.8706844001423120e+00   7.6232252431705026e+06   2.6188387378414750e+07   1.2705375405284172e-01
  5.7486882017456961e+09   6.8984258420948352e+00   7.5964503813434541e+06   2.6201774809328273e+07   1.2660750635572424e-01
  5.7718994119780302e+09   6.9262792943736358e+00   7.5697559689559070e+06   2.6215122015522044e+07   1.2616259948259845e-01
  5.7952043410313435e+09   6.9542452092376115e+00   7.5431418597100843e+06   2.6228429070144955e+07   1.2571903099516807e-01
  5.8186033673097734e+09   6.9823240407717275e+00   7.5166079068869632e+06   2.6241696046556514e+07   1.2527679844811604e-01
  5.8420968707452259e+09   7.0105162448942711e+00   7.4901539633529969e+06   2.6254923018323496e+07   1.2483589938921662e-01
  5.8656852328038054e+09   7.0388222793645658e+00   7.4637798815651294e+06   2.6268110059217434e+07   1.2439633135941883e-01
  5.8893688364917040e+09   7.0672426037900449e+00   7.4374855135770179e+06   2.6281257243211485e+07   1.2395809189295030e-01
  5.9131480663615570e+09   7.0957776796338683e+00   7.4112707110447977e+06   2.6294364644477598e+07   1.2352117851741329e-01
  5.9370233085188370e+09   7.1244279702226043e+00   7.3851353252327917e+06   2.6307432337383602e+07   1.2308558875387986e-01
  5.9609949506278048e+09   7.1531939407533658e+00   7.3590792070200965e+06   2.6320460396489941e+07   1.2265132011700161e-01
  5.9850633819180746e+09   7.1820760583016892e+00   7.3331022069055587e+06   2.6333448896547217e+07   1.2221837011509265e-01
  6.0092289931908340e+09   7.2110747918290006e+00   7.3072041750137219e+06   2.6346397912493132e+07   1.2178673625022871e-01
  6.0334921768251162e+09   7.2401906121901387e+00   7.2813849611006137e+06   2.6359307519449688e+07   1.2135641601834356e-01
  6.0578533267843189e+09   7.2694239921411823e+00   7.2556444145594602e+06   2.6372177792720258e+07   1.2092740690932434e-01
  6.0823128386225281e+09   7.2987754063470334e+00   7.2299823844267558e+06   2.6385008807786617e+07   1.2049970640711259e-01
  6.1068711094908667e+09   7.3282453313890397e+00   7.2043987193874214e+06   2.6397800640306283e+07   1.2007331198979036e-01
  6.1315285381440868e+09   7.3578342457729038e+00   7.1788932677804679e+06   2.6410553366109762e+07   1.1964822112967446e-01
  6.1562855249469795e+09   7.3875426299363749e+00   7.1534658776046233e+06   2.6423267061197679e+07   1.1922443129341039e-01
  6.1811424718807898e+09   7.4173709662569474e+00   7.1281163965242803e+06   2.6435941801737856e+07   1.1880193994207133e-01
  6.2060997825499029e+09   7.4473197390598829e+00   7.1028446718747308e+06   2.6448577664062634e+07   1.1838074453124552e-01
  6.2311578621883163e+09   7.4773894346259793e+00   7.0776505506676184e+06   2.6461174724666189e+07   1.1796084251112697e-01
  6.2563171176661215e+09   7.5075805411993457e+00   7.0525338795965808e+06   2.6473733060201701e+07   1.1754223132660968e-01
  6.2815779574963884e+09   7.5378935489956653e+00   7.0274945050424552e+06   2.6486252747478765e+07   1.1712490841737425e-01
  6.3069407918414688e+09   7.5683289502097626e+00   7.0025322730793748e+06   2.6498733863460306e+07   1.1670887121798958e-01
  6.3324060325198040e+09   7.5988872390237647e+00   6.9776470294796182e+06   2.6511176485260185e+07   1.1629411715799363e-01
  6.3579740930127754e+09   7.6295689116153298e+00   6.9528386197189158e+06   2.6523580690140534e+07   1.1588064366198193e-01
  6.3836453884710741e+09   7.6603744661652886e+00   6.9281068889821237e+06   2.6535946555508930e+07   1.1546844814970206e-01
  6.4094203357217312e+09   7.6913044028660771e+00   6.9034516821684726e+06   2.6548274158915754e+07   1.1505752803614121e-01
  6.4352993532747803e+09   7.7223592239297361e+00   6.8788728438969096e+06   2.6560563578051534e+07   1.1464788073161516e-01
  6.4612828613299751e+09   7.7535394335959698e+00   6.8543702185112704e+06   2.6572814890744358e+07   1.1423950364185451e-01
  6.4873712817837687e+09   7.7848455381405222e+00   6.8299436500854483e+06   2.6585028174957272e+07   1.1383239416809081e-01
  6.5135650382360859e+09   7.8162780458833030e+00   6.8055929824287128e+06   2.6597203508785639e+07   1.1342654970714522e-01
  6.5398645559971237e+09   7.8478374671965483e+00   6.7813180590911638e+06   2.6609340970454406e+07   1.1302196765151939e-01
  6.5662702620944099e+09   7.8795243145132918e+00   6.7571187233684799e+06   2.6621440638315756e+07   1.1261864538947466e-01
  6.5927825852796659e+09   7.9113391023355986e+00   6.7329948183071595e+06   2.6633502590846416e+07   1.1221658030511933e-01
  6.6194019560356808e+09   7.9432823472428167e+00   6.7089461867097206e+06   2.6645526906645134e+07   1.1181576977849535e-01
  6.6461288065834637e+09   7.9753545679001556e+00   6.6849726711398298e+06   2.6657513664430078e+07   1.1141621118566383e-01
  6.6729635708891869e+09   8.0075562850670234e+00   6.6610741139272237e+06   2.6669462943036389e+07   1.1101790189878706e-01
  6.6999066846711140e+09   8.0398880216053357e+00   6.6372503571728356e+06   2.6681374821413577e+07   1.1062083928621393e-01
  6.7269585854069805e+09   8.0723503024883758e+00   6.6135012427535104e+06   2.6693249378623243e+07   1.1022502071255851e-01
  6.7541197123407440e+09   8.1049436548088920e+00   6.5898266123274388e+06   2.6705086693836279e+07   1.0983044353879065e-01
  6.7813905064898729e+09   8.1376686077878464e+00   6.5662263073388813e+06   2.6716886846330553e+07   1.0943710512231469e-01
  6.8087714106526775e+09   8.1705256927832135e+00   6.5427001690228535e+06   2.6728649915488567e+07   1.0904500281704756e-01
  6.8362628694151430e+09   8.2035154432981710e+00   6.5192480384103386e+06   2.6740375980794828e+07   1.0865413397350564e-01
  6.8638653291584463e+09   8.2366383949901358e+00   6.4958697563329954e+06   2.6752065121833496e+07   1.0826449593888325e-01
  6.8915792380661001e+09   8.2698950856793196e+00   6.4725651634281082e+06   2.6763717418285944e+07   1.0787608605713514e-01
  6.9194050461311407e+09   8.3032860553573684e+00   6.4493341001432380e+06   2.6775332949928377e+07   1.0748890166905396e-01
  6.9473432051636047e+09   8.3368118461963245e+00   6.4261764067408917e+06   2.6786911796629552e+07   1.0710294011234819e-01
  6.9753941687977819e+09   8.3704730025573379e+00   6.4030919233032661e+06   2.6798454038348366e+07   1.0671819872172110e-01
  7.0035583924994936e+09   8.4042700709993916e+00   6.3800804897375284e+06   2.6809959755131237e+07   1.0633467482895881e-01
  7.0318363335736618e+09   8.4382036002883929e+00   6.3571419457800938e+06   2.6821429027109951e+07   1.0595236576300156e-01
  7.0602284511716461e+09   8.4722741414059755e+00   6.3342761310011195e+06   2.6832861934499439e+07   1.0557126885001866e-01
  7.0887352062986126e+09   8.5064822475583348e+00   6.3114828848093096e+06   2.6844258557595342e+07   1.0519138141348849e-01
  7.1173570618211956e+09   8.5408284741854334e+00   6.2887620464563733e+06   2.6855618976771813e+07   1.0481270077427289e-01
  7.1460944824749231e+09   8.5753133789699074e+00   6.2661134550420577e+06   2.6866943272478968e+07   1.0443522425070097e-01
  7.1749479348716755e+09   8.6099375218460104e+00   6.2435369495183574e+06   2.6878231525240824e+07   1.0405894915863929e-01
  7.2039178875074406e+09   8.6447014650089287e+00   6.2210323686938947e+06   2.6889483815653048e+07   1.0368387281156491e-01
  7.2330048107698288e+09   8.6796057729237948e+00   6.1985995512384893e+06   2.6900700224380754e+07   1.0330999252064149e-01
  7.2622091769455948e+09   8.7146510123347127e+00   6.1762383356878385e+06   2.6911880832156088e+07   1.0293730559479730e-01
  7.2915314602286320e+09   8.7498377522743578e+00   6.1539485604479825e+06   2.6923025719776008e+07   1.0256580934079970e-01
  7.3209721367272844e+09   8.7851665640727408e+00   6.1317300637995144e+06   2.6934134968100242e+07   1.0219550106332524e-01
  7.3505316844722567e+09   8.8206380213667082e+00   6.1095826839019628e+06   2.6945208658049021e+07   1.0182637806503271e-01
  7.3802105834245558e+09   8.8562527001094669e+00   6.0875062587979939e+06   2.6956246870601010e+07   1.0145843764663323e-01
  7.4100093154828959e+09   8.8920111785794749e+00   6.0655006264182981e+06   2.6967249686790861e+07   1.0109167710697163e-01
  7.4399283644918499e+09   8.9279140373902202e+00   6.0435656245854432e+06   2.6978217187707283e+07   1.0072609374309072e-01
  7.4699682162495880e+09   8.9639618594995056e+00   6.0217010910181636e+06   2.6989149454490926e+07   1.0036168485030272e-01
  7.5001293585156736e+09   9.0001552302188088e+00   5.9999068633356709e+06   2.7000046568332165e+07   9.9998447722261186e-02
  7.5304122810191660e+09   9.0364947372229985e+00   5.9781827790618408e+06   2.7010908610469084e+07   9.9636379651030685e-02
  7.5608174754664803e+09   9.0729809705597759e+00   5.9565286756296502e+06   2.7021735662185177e+07   9.9275477927160835e-02
  7.5913454355492802e+09   9.1096145226591361e+00   5.9349443903850773e+06   2.7032527804807466e+07   9.8915739839751285e-02
  7.6219966569526758e+09   9.1463959883432100e+00   5.9134297605911838e+06   2.7043285119704414e+07   9.8557162676519733e-02
  7.6527716373631859e+09   9.1833259648358219e+00   5.8919846234322740e+06   2.7054007688283864e+07   9.8199743723871233e-02
  7.6836708764767170e+09   9.2204050517720599e+00   5.8706088160182824e+06   2.7064695591990858e+07   9.7843480266971372e-02
  7.7146948760068712e+09   9.2576338512082454e+00   5.8493021753884712e+06   2.7075348912305761e+07   9.7488369589807861e-02
  7.7458441396929951e+09   9.2950129676315942e+00   5.8280645385155194e+06   2.7085967730742235e+07   9.7134408975258657e-02
  7.7771191733082333e+09   9.3325430079698801e+00   5.8068957423095759e+06   2.7096552128845211e+07   9.6781595705159595e-02
  7.8085204846680908e+09   9.3702245816017093e+00   5.7857956236221772e+06   2.7107102188188910e+07   9.6429927060369625e-02
  7.8400485836382627e+09   9.4080583003659157e+00   5.7647640192504162e+06   2.7117617990374792e+07   9.6079400320840266e-02
  7.8717039821431055e+09   9.4460447785717268e+00   5.7438007659406094e+06   2.7128099617029697e+07   9.5730012765676817e-02
  7.9034871941741438e+09   9.4841846330089723e+00   5.7229057003920795e+06   2.7138547149803963e+07   9.5381761673201323e-02
  7.9353987357979918e+09   9.5224784829575899e+00   5.7020786592613710e+06   2.7148960670369320e+07   9.5034644321022849e-02
  7.9674391251650944e+09   9.5609269501981125e+00   5.6813194791659378e+06   2.7159340260417029e+07   9.4688657986098962e-02
  7.9996088825180073e+09   9.5995306590216085e+00   5.6606279966878584e+06   2.7169686001656074e+07   9.4343799944797635e-02
  8.0319085301997490e+09   9.6382902362396976e+00   5.6400040483777076e+06   2.7179997975811150e+07   9.4000067472961787e-02
  8.0643385926624737e+09   9.6772063111949684e+00   5.6194474707582211e+06   2.7190276264620889e+07   9.3657457845970349e-02
  8.0968995964758930e+09   9.7162795157710704e+00   5.5989581003282219e+06   2.7200520949835893e+07   9.3315968338803693e-02
  8.1295920703357258e+09   9.7555104844028708e+00   5.5785357735661939e+06   2.7210732113216903e+07   9.2975596226103227e-02
  8.1624165450724792e+09   9.7948998540869745e+00   5.5581803269338710e+06   2.7220909836533066e+07   9.2636338782231181e-02
  8.1953735536599712e+09   9.8344482643919644e+00   5.5378915968799684e+06   2.7231054201560017e+07   9.2298193281332805e-02
  8.2284636312238827e+09   9.8741563574686584e+00   5.5176694198440295e+06   2.7241165290077984e+07   9.1961156997400498e-02
  8.2616873150506468e+09   9.9140247780607762e+00   5.4975136322596688e+06   2.7251243183870159e+07   9.1625227204327808e-02
  8.2950451445960741e+09   9.9540541735152885e+00   5.4774240705582127e+06   2.7261287964720890e+07   9.1290401175970218e-02
  8.3285376614939728e+09   9.9942451937927661e+00   5.4574005711722802e+06   2.7271299714413855e+07   9.0956676186204677e-02
  8.3621654095653219e+09   1.0034598491478386e+01   5.4374429705392513e+06   2.7281278514730372e+07   9.0624049508987517e-02
  8.3959289348266554e+09   1.0075114721791985e+01   5.4175511051053042e+06   2.7291224447447345e+07   9.0292518418421730e-02
  8.4298287854991293e+09   1.0115794542598955e+01   5.3977248113281988e+06   2.7301137594335902e+07   8.9962080188803306e-02
  8.4638655120176382e+09   1.0156638614421166e+01   5.3779639256807650e+06   2.7311018037159618e+07   8.9632732094679410e-02
  8.4980396670392971e+09   1.0197647600447157e+01   5.3582682846545419e+06   2.7320865857672729e+07   8.9304471410909025e-02
  8.5323518054527988e+09   1.0238822166543358e+01   5.3386377247632425e+06   2.7330681137618382e+07   8.8977295412720703e-02
  8.5668024843872824e+09   1.0280162981264738e+01   5.3190720825460218e+06   2.7340463958726987e+07   8.8651201375767028e-02
  8.6013922632212791e+09   1.0321670715865535e+01   5.2995711945707183e+06   2.7350214402714640e+07   8.8326186576178634e-02
  8.6361217035920010e+09   1.0363346044310401e+01   5.2801348974370910e+06   2.7359932551281456e+07   8.8002248290618187e-02
  8.6709913694043560e+09   1.0405189643285226e+01   5.2607630277801976e+06   2.7369618486109897e+07   8.7679383796336621e-02
  8.7060018268399982e+09   1.0447202192207998e+01   5.2414554222740745e+06   2.7379272288862966e+07   8.7357590371234570e-02
  8.7411536443667336e+09   1.0489384373240080e+01   5.2222119176343866e+06   2.7388894041182812e+07   8.7036865293906446e-02
  8.7764473927476463e+09   1.0531736871297175e+01   5.2030323506217878e+06   2.7398483824689113e+07   8.6717205843696465e-02
  8.8118836450502529e+09   1.0574260374060303e+01   5.1839165580451554e+06   2.7408041720977422e+07   8.6398609300752591e-02
  8.8474629766560287e+09   1.0616955571987233e+01   5.1648643767648367e+06   2.7417567811617583e+07   8.6081072946080611e-02
  8.8831859652696400e+09   1.0659823158323567e+01   5.1458756436957400e+06   2.7427062178152125e+07   8.5764594061595673e-02
  8.9190531909282131e+09   1.0702863829113856e+01   5.1269501958103785e+06   2.7436524902094815e+07   8.5449169930172972e-02
  8.9550652360109730e+09   1.0746078283213167e+01   5.1080878701418620e+06   2.7445956064929076e+07   8.5134797835697704e-02
  8.9912226852485924e+09   1.0789467222298310e+01   5.0892885037870696e+06   2.7455355748106465e+07   8.4821475063117824e-02
  9.0275261257325363e+09   1.0833031350879043e+01   5.0705519339099694e+06   2.7464724033045016e+07   8.4509198898499491e-02
  9.0639761469249954e+09   1.0876771376309994e+01   5.0518779977440927e+06   2.7474061001127951e+07   8.4197966629068213e-02
  9.1005733406679516e+09   1.0920688008801541e+01   5.0332665325958654e+06   2.7483366733702071e+07   8.3887775543264417e-02
  9.1373183011931839e+09   1.0964781961431820e+01   5.0147173758473517e+06   2.7492641312076323e+07   8.3578622930789201e-02
  9.1742116251317749e+09   1.1009053950158130e+01   4.9962303649594802e+06   2.7501884817520257e+07   8.3270506082658000e-02
  9.2112539115236855e+09   1.1053504693828422e+01   4.9778053374747997e+06   2.7511097331262600e+07   8.2963422291246661e-02
  9.2484457618276997e+09   1.1098134914193238e+01   4.9594421310202433e+06   2.7520278934489880e+07   8.2657368850337393e-02
  9.2857877799310894e+09   1.1142945335917307e+01   4.9411405833100565e+06   2.7529429708344970e+07   8.2352343055167601e-02
  9.3232805721592999e+09   1.1187936686591160e+01   4.9229005321488418e+06   2.7538549733925577e+07   8.2048342202480695e-02
  9.3609247472860203e+09   1.1233109696743224e+01   4.9047218154341737e+06   2.7547639092282914e+07   8.1745363590569567e-02
  9.3987209165429554e+09   1.1278465099851546e+01   4.8866042711593779e+06   2.7556697864420306e+07   8.1443404519322971e-02
  9.4366696936296425e+09   1.1324003632355570e+01   4.8685477374163577e+06   2.7565726131291818e+07   8.1142462290272624e-02
  9.4747716947236328e+09   1.1369726033668359e+01   4.8505520523983240e+06   2.7574723973800838e+07   8.0842534206638728e-02
  9.5130275384903965e+09   1.1415633046188475e+01   4.8326170544025823e+06   2.7583691472798709e+07   8.0543617573376372e-02
  9.5514378460932369e+09   1.1461725415311884e+01   4.8147425818331623e+06   2.7592628709083419e+07   8.0245709697219378e-02
  9.5900032412036247e+09   1.1508003889444350e+01   4.7969284732033964e+06   2.7601535763398301e+07   7.9948807886723275e-02
  9.6287243500111904e+09   1.1554469220013427e+01   4.7791745671386933e+06   2.7610412716430653e+07   7.9652909452311557e-02
  9.6676018012337494e+09   1.1601122161480498e+01   4.7614807023792844e+06   2.7619259648810357e+07   7.9358011706321410e-02
  9.7066362261279373e+09   1.1647963471353524e+01   4.7438467177824872e+06   2.7628076641108759e+07   7.9064111963041458e-02
  9.7458282584989491e+09   1.1694993910198738e+01   4.7262724523255508e+06   2.7636863773837227e+07   7.8771207538759186e-02
  9.7851785347110634e+09   1.1742214241653276e+01   4.7087577451081714e+06   2.7645621127445914e+07   7.8479295751802861e-02
  9.8246876936982136e+09   1.1789625232437857e+01   4.6913024353549825e+06   2.7654348782322515e+07   7.8188373922583043e-02
  9.8643563769738522e+09   1.1837227652368622e+01   4.6739063624180946e+06   2.7663046818790957e+07   7.7898439373634915e-02
  9.9041852286417980e+09   1.1885022274370158e+01   4.6565693657794213e+06   2.7671715317110296e+07   7.7609489429657022e-02
  9.9441748954065399e+09   1.1933009874487848e+01   4.6392912850531610e+06   2.7680354357473418e+07   7.7321521417552677e-02
  9.9843260265836105e+09   1.1981191231900333e+01   4.6220719599886863e+06   2.7688964020005658e+07   7.7034532666478098e-02
  1.0024639274110380e+10   1.2029567128932456e+01   4.6049112304726085e+06   2.7697544384763703e+07   7.6748520507876811e-02
  1.0065115292556513e+10   1.2078138351067814e+01   4.5878089365310855e+06   2.7706095531734459e+07   7.6463482275518094e-02
  1.0105754739134474e+10   1.2126905686961369e+01   4.5707649183322890e+06   2.7714617540833861e+07   7.6179415305538151e-02
  1.0146558273710453e+10   1.2175869928452544e+01   4.5537790161887165e+06   2.7723110491905641e+07   7.5896316936478608e-02
  1.0187526558814947e+10   1.2225031870577936e+01   4.5368510705598183e+06   2.7731574464720096e+07   7.5614184509330301e-02
  1.0228660259653397e+10   1.2274392311584075e+01   4.5199809220539993e+06   2.7740009538973007e+07   7.5333015367566661e-02
  1.0269960044117239e+10   1.2323952052940687e+01   4.5031684114308609e+06   2.7748415794284571e+07   7.5052806857181020e-02
  1.0311426582794624e+10   1.2373711899353548e+01   4.4864133796034874e+06   2.7756793310198262e+07   7.4773556326724791e-02
  1.0353060548981136e+10   1.2423672658777363e+01   4.4697156676410194e+06   2.7765142166179493e+07   7.4495261127350318e-02
  1.0394862618691187e+10   1.2473835142429424e+01   4.4530751167705916e+06   2.7773462441614702e+07   7.4217918612843187e-02
  1.0436833470668451e+10   1.2524200164802140e+01   4.4364915683795623e+06   2.7781754215810217e+07   7.3941526139659375e-02
  1.0478973786397129e+10   1.2574768543676555e+01   4.4199648640176626e+06   2.7790017567991175e+07   7.3666081066961042e-02
  1.0521284250113281e+10   1.2625541100135937e+01   4.4034948453990817e+06   2.7798252577300463e+07   7.3391580756651364e-02
  1.0563765548815367e+10   1.2676518658578440e+01   4.3870813544050157e+06   2.7806459322797496e+07   7.3118022573416930e-02
  1.0606418372275888e+10   1.2727702046731066e+01   4.3707242330853110e+06   2.7814637883457344e+07   7.2845403884755189e-02
  1.0649243413052402e+10   1.2779092095662882e+01   4.3544233236606801e+06   2.7822788338169660e+07   7.2573722061011328e-02
  1.0692241366498650e+10   1.2830689639798379e+01   4.3381784685248155e+06   2.7830910765737593e+07   7.2302974475413589e-02
  1.0735412930776094e+10   1.2882495516931312e+01   4.3219895102465628e+06   2.7839005244876720e+07   7.2033158504109379e-02
  1.0778758806865137e+10   1.2934510568238164e+01   4.3058562915718108e+06   2.7847071854214102e+07   7.1764271526196841e-02
  1.0822279698576363e+10   1.2986735638291634e+01   4.2897786554254983e+06   2.7855110672287259e+07   7.1496310923758299e-02
  1.0865976312562225e+10   1.3039171575074670e+01   4.2737564449135382e+06   2.7863121777543239e+07   7.1229274081892308e-02
  1.0909849358328407e+10   1.3091819229994089e+01   4.2577895033249650e+06   2.7871105248337522e+07   7.0963158388749420e-02
  1.0953899548245188e+10   1.3144679457894224e+01   4.2418776741338763e+06   2.7879061162933066e+07   7.0697961235564599e-02
  1.0998127597559286e+10   1.3197753117071143e+01   4.2260208010011679e+06   2.7886989599499419e+07   7.0433680016686137e-02
  1.1042534224405340e+10   1.3251041069286408e+01   4.2102187277765013e+06   2.7894890636111759e+07   7.0170312129608350e-02
  1.1087120149817387e+10   1.3304544179780864e+01   4.1944712985003451e+06   2.7902764350749832e+07   6.9907854975005748e-02
  1.1131886097741066e+10   1.3358263317289278e+01   4.1787783574057063e+06   2.7910610821297154e+07   6.9646305956761773e-02
  1.1176832795044785e+10   1.3412199354053740e+01   4.1631397489200337e+06   2.7918430125539992e+07   6.9385662482000565e-02
  1.1221960971531794e+10   1.3466353165838152e+01   4.1475553176669860e+06   2.7926222341166515e+07   6.9125921961116429e-02
  1.1267271359952309e+10   1.3520725631942769e+01   4.1320249084681845e+06   2.7933987545765918e+07   6.8867081807803071e-02
  1.1312764696014818e+10   1.3575317635217781e+01   4.1165483663452957e+06   2.7941725816827361e+07   6.8609139439088265e-02
  1.1358441718398531e+10   1.3630130062078237e+01   4.1011255365214669e+06   2.7949437231739271e+07   6.8352092275357781e-02
  1.1404303168765184e+10   1.3685163802518220e+01   4.0857562644231757e+06   2.7957121867788419e+07   6.8095937740386261e-02
  1.1450349791770950e+10   1.3740419750125140e+01   4.0704403956820280e+06   2.7964779802158996e+07   6.7840673261367140e-02
  1.1496582335078804e+10   1.3795898802094564e+01   4.0551777761364705e+06   2.7972411111931775e+07   6.7586296268941179e-02
  1.1543001549370523e+10   1.3851601859244628e+01   4.0399682518333816e+06   2.7980015874083322e+07   6.7332804197223026e-02
  1.1589608188358742e+10   1.3907529826030489e+01   4.0248116690298258e+06   2.7987594165485099e+07   6.7080194483830430e-02
  1.1636403008799461e+10   1.3963683610559354e+01   4.0097078741946449e+06   2.7995146062902682e+07   6.6828464569910748e-02
  1.1683386770504202e+10   1.4020064124605042e+01   3.9946567140102359e+06   2.8002671642994888e+07   6.6577611900170600e-02
  1.1730560236352200e+10   1.4076672283622639e+01   3.9796580353740253e+06   2.8010170982312996e+07   6.6327633922900420e-02
  1.1777924172303074e+10   1.4133509006763688e+01   3.9647116853999970e+06   2.8017644157300014e+07   6.6078528089999949e-02
  1.1825479347409121e+10   1.4190575216890943e+01   3.9498175114202662e+06   2.8025091244289875e+07   6.5830291857004439e-02
  1.1873226533827665e+10   1.4247871840593199e+01   3.9349753609870253e+06   2.8032512319506500e+07   6.5582922683117092e-02
  1.1921166506833874e+10   1.4305399808200647e+01   3.9201850818738067e+06   2.8039907459063105e+07   6.5336418031230109e-02
  1.1969300044833208e+10   1.4363160053799849e+01   3.9054465220769001e+06   2.8047276738961563e+07   6.5090775367948342e-02
  1.2017627929373869e+10   1.4421153515248642e+01   3.8907595298169740e+06   2.8054620235091519e+07   6.4845992163616237e-02
  1.2066150945160015e+10   1.4479381134192018e+01   3.8761239535404379e+06   2.8061938023229800e+07   6.4602065892340632e-02
  1.2114869880063881e+10   1.4537843856076657e+01   3.8615396419213284e+06   2.8069230179039352e+07   6.4358994032022138e-02
  1.2163785525138847e+10   1.4596542630166615e+01   3.8470064438623539e+06   2.8076496778068833e+07   6.4116774064372564e-02
  1.2212898674632599e+10   1.4655478409559118e+01   3.8325242084962982e+06   2.8083737895751867e+07   6.3875403474938308e-02
  1.2262210125999365e+10   1.4714652151199237e+01   3.8180927851875932e+06   2.8090953607406214e+07   6.3634879753126553e-02
  1.2311720679913420e+10   1.4774064815896104e+01   3.8037120235338309e+06   2.8098143988233093e+07   6.3395200392230511e-02
  1.2361431140281883e+10   1.4833717368338259e+01   3.7893817733670361e+06   2.8105309113316495e+07   6.3156362889450604e-02
  1.2411342314257620e+10   1.4893610777109144e+01   3.7751018847549725e+06   2.8112449057622530e+07   6.2918364745916208e-02
  1.2461455012252653e+10   1.4953746014703183e+01   3.7608722080024402e+06   2.8119563895998795e+07   6.2681203466707330e-02
  1.2511770047951166e+10   1.5014124057541398e+01   3.7466925936527210e+06   2.8126653703173660e+07   6.2444876560878687e-02
  1.2562288238322567e+10   1.5074745885987079e+01   3.7325628924890356e+06   2.8133718553755499e+07   6.2209381541483928e-02
  1.2613010403635052e+10   1.5135612484362062e+01   3.7184829555355366e+06   2.8140758522232246e+07   6.1974715925592276e-02
  1.2663937367468781e+10   1.5196724840962537e+01   3.7044526340586804e+06   2.8147773682970677e+07   6.1740877234311341e-02
  1.2715069956729084e+10   1.5258083948074900e+01   3.6904717795685418e+06   2.8154764110215746e+07   6.1507862992809033e-02
  1.2766409001660212e+10   1.5319690801992254e+01   3.6765402438201667e+06   2.8161729878089935e+07   6.1275670730336108e-02
  1.2817955335858648e+10   1.5381546403030377e+01   3.6626578788146195e+06   2.8168671060592707e+07   6.1044297980243661e-02
  1.2869709796286444e+10   1.5443651755543732e+01   3.6488245368002742e+06   2.8175587731599879e+07   6.0813742280004572e-02
  1.2921673223285376e+10   1.5506007867942451e+01   3.6350400702738580e+06   2.8182479964863088e+07   6.0584001171230965e-02
  1.2973846460589916e+10   1.5568615752707899e+01   3.6213043319819709e+06   2.8189347834009029e+07   6.0355072199699517e-02
  1.3026230355341248e+10   1.5631476426409497e+01   3.6076171749220327e+06   2.8196191412539005e+07   6.0126952915367210e-02
  1.3078825758101328e+10   1.5694590909721592e+01   3.5939784523433181e+06   2.8203010773828357e+07   5.9899640872388638e-02
  1.3131633522866020e+10   1.5757960227439224e+01   3.5803880177482800e+06   2.8209805991125878e+07   5.9673133629138002e-02
  1.3184654507079540e+10   1.5821585408495448e+01   3.5668457248936272e+06   2.8216577137553208e+07   5.9447428748227123e-02
  1.3237889571648165e+10   1.5885467485977797e+01   3.5533514277914213e+06   2.8223324286104314e+07   5.9222523796523686e-02
  1.3291339580954050e+10   1.5949607497144859e+01   3.5399049807101334e+06   2.8230047509644955e+07   5.8998416345168891e-02
  1.3345005402869591e+10   1.6014006483443509e+01   3.5265062381756520e+06   2.8236746880912188e+07   5.8775103969594199e-02
  1.3398887908771353e+10   1.6078665490525623e+01   3.5131550549724628e+06   2.8243422472513784e+07   5.8552584249541045e-02
  1.3452987973554049e+10   1.6143585568264857e+01   3.4998512861447041e+06   2.8250074356927663e+07   5.8330854769078400e-02
  1.3507306475645082e+10   1.6208767770774099e+01   3.4865947869970324e+06   2.8256702606501505e+07   5.8109913116617208e-02
  1.3561844297018639e+10   1.6274213156422366e+01   3.4733854130956871e+06   2.8263307293452170e+07   5.7889756884928117e-02
  1.3616602323209845e+10   1.6339922787851812e+01   3.4602230202696063e+06   2.8269888489865221e+07   5.7670383671160105e-02
  1.3671581443329481e+10   1.6405897731995378e+01   3.4471074646112905e+06   2.8276446267694373e+07   5.7451791076854844e-02
  1.3726782550078243e+10   1.6472139060093891e+01   3.4340386024777577e+06   2.8282980698761135e+07   5.7233976707962632e-02
  1.3782206539761023e+10   1.6538647847713225e+01   3.4210162904915423e+06   2.8289491854754247e+07   5.7016938174859040e-02
  1.3837854312302073e+10   1.6605425174762487e+01   3.4080403855415951e+06   2.8295979807229221e+07   5.6800673092359914e-02
  1.3893726771258890e+10   1.6672472125510666e+01   3.3951107447843072e+06   2.8302444627607863e+07   5.6585179079738451e-02
  1.3949824823837221e+10   1.6739789788604664e+01   3.3822272256442597e+06   2.8308886387177892e+07   5.6370453760737661e-02
  1.4006149380906139e+10   1.6807379257087366e+01   3.3693896858150284e+06   2.8315305157092508e+07   5.6156494763583809e-02
  1.4062701357012089e+10   1.6875241628414507e+01   3.3565979832602716e+06   2.8321701008369882e+07   5.5943299721004529e-02
  1.4119481670394369e+10   1.6943378004473242e+01   3.3438519762147446e+06   2.8328074011892650e+07   5.5730866270245746e-02
  1.4176491242999805e+10   1.7011789491599767e+01   3.3311515231848089e+06   2.8334424238407619e+07   5.5519192053080146e-02
  1.4233731000497555e+10   1.7080477200597066e+01   3.3184964829493775e+06   2.8340751758525334e+07   5.5308274715822961e-02
  1.4291201872294483e+10   1.7149442246753377e+01   3.3058867145606480e+06   2.8347056642719697e+07   5.5098111909344133e-02
  1.4348904791550070e+10   1.7218685749860082e+01   3.2933220773451342e+06   2.8353338961327448e+07   5.4888701289085573e-02
  1.4406840695191404e+10   1.7288208834229685e+01   3.2808024309043982e+06   2.8359598784547821e+07   5.4680040515073303e-02
  1.4465010523928728e+10   1.7358012628714473e+01   3.2683276351156463e+06   2.8365836182442199e+07   5.4472127251927439e-02
  1.4523415222270554e+10   1.7428098266724664e+01   3.2558975501325433e+06   2.8372051224933747e+07   5.4264959168875720e-02
  1.4582055738538809e+10   1.7498466886246568e+01   3.2435120363860712e+06   2.8378243981806979e+07   5.4058533939767853e-02
  1.4640933024884598e+10   1.7569119629861518e+01   3.2311709545853776e+06   2.8384414522707328e+07   5.3852849243089626e-02
  1.4700048037303476e+10   1.7640057644764170e+01   3.2188741657182374e+06   2.8390562917140901e+07   5.3647902761970623e-02
  1.4759401735650803e+10   1.7711282082780961e+01   3.2066215310518793e+06   2.8396689234474082e+07   5.3443692184197991e-02
  1.4818995083657681e+10   1.7782794100389214e+01   3.1944129121336029e+06   2.8402793543933220e+07   5.3240215202226715e-02
  1.4878829048946421e+10   1.7854594858735705e+01   3.1822481707916753e+06   2.8408875914604180e+07   5.3037469513194588e-02
  1.4938904603046021e+10   1.7926685523655223e+01   3.1701271691358788e+06   2.8414936415432081e+07   5.2835452818931317e-02
  1.4999222721408594e+10   1.7999067265690311e+01   3.1580497695580339e+06   2.8420975115220997e+07   5.2634162825967230e-02
  1.5059784383424372e+10   1.8071741260109246e+01   3.1460158347328044e+06   2.8426992082633611e+07   5.2433597245546741e-02
  1.5120590572438263e+10   1.8144708686925913e+01   3.1340252276183539e+06   2.8432987386190839e+07   5.2233753793639232e-02
  1.5181642275765587e+10   1.8217970730918704e+01   3.1220778114569318e+06   2.8438961094271556e+07   5.2034630190948859e-02
  1.5242940484707911e+10   1.8291528581649491e+01   3.1101734497754448e+06   2.8444913275112294e+07   5.1836224162924077e-02
  1.5304486194569521e+10   1.8365383433483423e+01   3.0983120063860002e+06   2.8450843996807016e+07   5.1638533439766668e-02
  1.5366280404673399e+10   1.8439536485608077e+01   3.0864933453866113e+06   2.8456753327306706e+07   5.1441555756443519e-02
  1.5428324118377258e+10   1.8513988942052709e+01   3.0747173311618087e+06   2.8462641334419113e+07   5.1245288852696809e-02
  1.5490618343090210e+10   1.8588742011708252e+01   3.0629838283830257e+06   2.8468508085808504e+07   5.1049730473050427e-02
  1.5553164090288935e+10   1.8663796908346722e+01   3.0512927020092015e+06   2.8474353648995414e+07   5.0854878366820025e-02
  1.5615962375533915e+10   1.8739154850640695e+01   3.0396438172874055e+06   2.8480178091356315e+07   5.0660730288123422e-02
  1.5679014218486305e+10   1.8814817062183565e+01   3.0280370397533434e+06   2.8485981480123341e+07   5.0467283995889060e-02
  1.5742320642924299e+10   1.8890784771509157e+01   3.0164722352317767e+06   2.8491763882384125e+07   5.0274537253862946e-02
  1.5805882676759560e+10   1.8967059212111472e+01   3.0049492698370861e+06   2.8497525365081474e+07   5.0082487830618104e-02
  1.5869701352054291e+10   1.9043641622465149e+01   2.9934680099737355e+06   2.8503265995013155e+07   4.9891133499562257e-02
  1.5933777705037811e+10   1.9120533246045373e+01   2.9820283223368283e+06   2.8508985838831600e+07   4.9700472038947140e-02
  1.5998112776123110e+10   1.9197735331347729e+01   2.9706300739125176e+06   2.8514684963043757e+07   4.9510501231875295e-02
  1.6062707609924461e+10   1.9275249131909352e+01   2.9592731319783488e+06   2.8520363434010845e+07   4.9321218866305812e-02
  1.6127563255273539e+10   1.9353075906328247e+01   2.9479573641038956e+06   2.8526021317948073e+07   4.9132622735064926e-02
  1.6192680765236830e+10   1.9431216918284196e+01   2.9366826381511618e+06   2.8531658680924438e+07   4.8944710635852699e-02
  1.6258061197133141e+10   1.9509673436559769e+01   2.9254488222748390e+06   2.8537275588862598e+07   4.8757480371247316e-02
  1.6323705612549898e+10   1.9588446735059875e+01   2.9142557849228838e+06   2.8542872107538581e+07   4.8570929748714728e-02
  1.6389615077361115e+10   1.9667538092833336e+01   2.9031033948368607e+06   2.8548448302581593e+07   4.8385056580614344e-02
  1.6455790661744438e+10   1.9746948794093324e+01   2.8919915210523661e+06   2.8554004239473835e+07   4.8199858684206100e-02
  1.6522233440198318e+10   1.9826680128237982e+01   2.8809200328993541e+06   2.8559539983550344e+07   4.8015333881655901e-02
  1.6588944491559858e+10   1.9906733389871828e+01   2.8698888000024240e+06   2.8565055599998809e+07   4.7831480000040401e-02
  1.6655924899022133e+10   1.9987109878826558e+01   2.8588976922812182e+06   2.8570551153859414e+07   4.7648294871353636e-02
  1.6723175750151573e+10   2.0067810900181886e+01   2.8479465799510926e+06   2.8576026710024476e+07   4.7465776332518209e-02
  1.6790698136906025e+10   2.0148837764287229e+01   2.8370353335230690e+06   2.8581482333238490e+07   4.7283922225384481e-02
  1.6858493155652288e+10   2.0230191786782743e+01   2.8261638238042248e+06   2.8586918088097911e+07   4.7102730396737083e-02
  1.6926561907183704e+10   2.0311874288620444e+01   2.8153319218980358e+06   2.8592334039051004e+07   4.6922198698300596e-02
  1.6994905496738438e+10   2.0393886596086123e+01   2.8045394992047525e+06   2.8597730250397641e+07   4.6742324986745874e-02
  1.7063525034017229e+10   2.0476230040820674e+01   2.7937864274217105e+06   2.8603106786289167e+07   4.6563107123695172e-02
  1.7132421633201124e+10   2.0558905959841347e+01   2.7830725785435080e+06   2.8608463710728265e+07   4.6384542975725133e-02
  1.7201596412970333e+10   2.0641915695564400e+01   2.7723978248621989e+06   2.8613801087568920e+07   4.6206630414369981e-02
  1.7271050496521496e+10   2.0725260595825794e+01   2.7617620389677314e+06   2.8619118980516154e+07   4.6029367316128854e-02
  1.7340785011586319e+10   2.0808942013903582e+01   2.7511650937483287e+06   2.8624417453125853e+07   4.5852751562472142e-02
  1.7410801090450329e+10   2.0892961308540393e+01   2.7406068623903994e+06   2.8629696568804819e+07   4.5676781039839992e-02
  1.7481099869970337e+10   2.0977319843964402e+01   2.7300872183789760e+06   2.8634956390810534e+07   4.5501453639649601e-02
  1.7551682491593662e+10   2.1062018989912392e+01   2.7196060354978233e+06   2.8640196982251111e+07   4.5326767258297054e-02
  1.7622550101376404e+10   2.1147060121651684e+01   2.7091631878298386e+06   2.8645418406085096e+07   4.5152719797163975e-02
  1.7693703850001816e+10   2.1232444620002177e+01   2.6987585497571523e+06   2.8650620725121442e+07   4.4979309162619205e-02
  1.7765144892799427e+10   2.1318173871359310e+01   2.6883919959612559e+06   2.8655804002019390e+07   4.4806533266020930e-02
  1.7836874389763596e+10   2.1404249267716313e+01   2.6780634014232075e+06   2.8660968299288407e+07   4.4634390023720126e-02
  1.7908893505572102e+10   2.1490672206686522e+01   2.6677726414239877e+06   2.8666113679288026e+07   4.4462877357066465e-02
  1.7981203409605526e+10   2.1577444091526630e+01   2.6575195915445215e+06   2.8671240204227757e+07   4.4291993192408695e-02
  1.8053805275965992e+10   2.1664566331159190e+01   2.6473041276658205e+06   2.8676347936167102e+07   4.4121735461097010e-02
  1.8126700283496025e+10   2.1752040340195229e+01   2.6371261259691678e+06   2.8681436937015429e+07   4.3952102099486128e-02
  1.8199889615798126e+10   2.1839867538957751e+01   2.6269854629362957e+06   2.8686507268531866e+07   4.3783091048938259e-02
  1.8273374461253773e+10   2.1928049353504527e+01   2.6168820153495297e+06   2.8691558992325254e+07   4.3614700255825492e-02
  1.8347156013042496e+10   2.2016587215650993e+01   2.6068156602918673e+06   2.8696592169854078e+07   4.3446927671531126e-02
  1.8421235469161690e+10   2.2105482562994027e+01   2.5967862751470492e+06   2.8701606862426490e+07   4.3279771252450819e-02
  1.8495614032445854e+10   2.2194736838935025e+01   2.5867937375997631e+06   2.8706603131200135e+07   4.3113228959996051e-02
  1.8570292910585808e+10   2.2284351492702967e+01   2.5768379256357905e+06   2.8711581037182122e+07   4.2947298760596504e-02
  1.8645273316149143e+10   2.2374327979378972e+01   2.5669187175419074e+06   2.8716540641229060e+07   4.2781978625698457e-02
  1.8720556466598850e+10   2.2464667759918619e+01   2.5570359919061214e+06   2.8721482004046950e+07   4.2617266531768692e-02
  1.8796143584313904e+10   2.2555372301176682e+01   2.5471896276176930e+06   2.8726405186191168e+07   4.2453160460294882e-02
  1.8872035896608837e+10   2.2646443075930602e+01   2.5373795038672499e+06   2.8731310248066388e+07   4.2289658397787498e-02
  1.8948234635753414e+10   2.2737881562904096e+01   2.5276055001468076e+06   2.8736197249926604e+07   4.2126758335780126e-02
  1.9024741038993114e+10   2.2829689246791737e+01   2.5178674962497661e+06   2.8741066251875132e+07   4.1964458270829431e-02
  1.9101556348568981e+10   2.2921867618282775e+01   2.5081653722710391e+06   2.8745917313864492e+07   4.1802756204517316e-02
  1.9178681811737564e+10   2.3014418174085076e+01   2.4984990086071179e+06   2.8750750495696455e+07   4.1641650143451968e-02
  1.9256118680791634e+10   2.3107342416949958e+01   2.4888682859559809e+06   2.8755565857022025e+07   4.1481138099266346e-02
  1.9333868213080296e+10   2.3200641855696354e+01   2.4792730853171493e+06   2.8760363457341436e+07   4.1321218088619154e-02
  1.9411931671029148e+10   2.3294318005234977e+01   2.4697132879918097e+06   2.8765143356004104e+07   4.1161888133196829e-02
  1.9490310322161266e+10   2.3388372386593520e+01   2.4601887755827098e+06   2.8769905612208664e+07   4.1003146259711833e-02
  1.9569005439117550e+10   2.3482806526941058e+01   2.4506994299941286e+06   2.8774650285002951e+07   4.0844990499902145e-02
  1.9648018299677128e+10   2.3577621959612554e+01   2.4412451334318896e+06   2.8779377433284070e+07   4.0687418890531492e-02
  1.9727350186778618e+10   2.3672820224134341e+01   2.4318257684033131e+06   2.8784087115798354e+07   4.0530429473388550e-02
  1.9807002388540680e+10   2.3768402866248813e+01   2.4224412177174506e+06   2.8788779391141288e+07   4.0374020295290844e-02
  1.9886976198282646e+10   2.3864371437939173e+01   2.4130913644847726e+06   2.8793454317757629e+07   4.0218189408079544e-02
  1.9967272914546375e+10   2.3960727497455650e+01   2.4037760921171051e+06   2.8798111953941464e+07   4.0062934868618422e-02
  2.0047893841116310e+10   2.4057472609339570e+01   2.3944952843276835e+06   2.8802752357836176e+07   3.9908254738794724e-02
  2.0128840287041115e+10   2.4154608344449336e+01   2.3852488251312077e+06   2.8807375587434415e+07   3.9754147085520129e-02
  2.0210113566655441e+10   2.4252136279986530e+01   2.3760365988435992e+06   2.8811981700578213e+07   3.9600609980726655e-02
  2.0291714999600182e+10   2.4350057999520217e+01   2.3668584900820102e+06   2.8816570754959010e+07   3.9447641501366836e-02
  2.0373645910844818e+10   2.4448375093013780e+01   2.3577143837646423e+06   2.8821142808117695e+07   3.9295239729410708e-02
  2.0455907630708599e+10   2.4547089156850319e+01   2.3486041651108055e+06   2.8825697917444617e+07   3.9143402751846759e-02
  2.0538501494881889e+10   2.4646201793858268e+01   2.3395277196409036e+06   2.8830236140179567e+07   3.8992128660681726e-02
  2.0621428844448357e+10   2.4745714613338027e+01   2.3304849331761072e+06   2.8834757533411961e+07   3.8841415552935118e-02
  2.0704691025906509e+10   2.4845629231087809e+01   2.3214756918383315e+06   2.8839262154080849e+07   3.8691261530638857e-02
  2.0788289391191288e+10   2.4945947269429546e+01   2.3124998820501743e+06   2.8843750058974929e+07   3.8541664700836240e-02
  2.0872225297696533e+10   2.5046670357235840e+01   2.3035573905348522e+06   2.8848221304732591e+07   3.8392623175580870e-02
  2.0956500108296772e+10   2.5147800129956124e+01   2.2946481043159510e+06   2.8852675947842043e+07   3.8244135071932514e-02
  2.1041115191369099e+10   2.5249338229642916e+01   2.2857719107173472e+06   2.8857114044641342e+07   3.8096198511955788e-02
  2.1126071920815880e+10   2.5351286304979055e+01   2.2769286973630283e+06   2.8861535651318502e+07   3.7948811622717141e-02
  2.1211371676086838e+10   2.5453646011304205e+01   2.2681183521771054e+06   2.8865940823911462e+07   3.7801972536285089e-02
  2.1297015842201084e+10   2.5556419010641299e+01   2.2593407633835557e+06   2.8870329618308239e+07   3.7655679389725930e-02
  2.1383005809770565e+10   2.5659606971724678e+01   2.2505958195059858e+06   2.8874702090247024e+07   3.7509930325099763e-02
  2.1469342975021515e+10   2.5763211570025817e+01   2.2418834093675902e+06   2.8879058295316216e+07   3.7364723489459836e-02
  2.1556028739817642e+10   2.5867234487781168e+01   2.2332034220910314e+06   2.8883398288954500e+07   3.7220057034850526e-02
  2.1643064511683422e+10   2.5971677414020107e+01   2.2245557470981232e+06   2.8887722126450956e+07   3.7075929118302056e-02
  2.1730451703825809e+10   2.6076542044590969e+01   2.2159402741097566e+06   2.8892029862945136e+07   3.6932337901829274e-02
  2.1818191735158161e+10   2.6181830082189791e+01   2.2073568931456213e+06   2.8896321553427201e+07   3.6789281552427021e-02
  2.1906286030322899e+10   2.6287543236387478e+01   2.1988054945241488e+06   2.8900597252737939e+07   3.6646758242069144e-02
  2.1994736019714401e+10   2.6393683223657280e+01   2.1902859688622560e+06   2.8904857015568886e+07   3.6504766147704266e-02
  2.2083543139502743e+10   2.6500251767403292e+01   2.1817982070750860e+06   2.8909100896462474e+07   3.6363303451251432e-02
  2.2172708831656769e+10   2.6607250597988120e+01   2.1733421003758279e+06   2.8913328949812099e+07   3.6222368339597133e-02
  2.2262234543967209e+10   2.6714681452760651e+01   2.1649175402756119e+06   2.8917541229862209e+07   3.6081959004593531e-02
  2.2352121730070747e+10   2.6822546076084894e+01   2.1565244185831719e+06   2.8921737790708430e+07   3.5942073643052866e-02
  2.2442371849473358e+10   2.6930846219368028e+01   2.1481626274046330e+06   2.8925918686297700e+07   3.5802710456743880e-02
  2.2532986367573704e+10   2.7039583641088445e+01   2.1398320591433211e+06   2.8930083970428355e+07   3.5663867652388687e-02
  2.2623966755687504e+10   2.7148760106825002e+01   2.1315326064995420e+06   2.8934233696750246e+07   3.5525543441659035e-02
  2.2715314491071148e+10   2.7258377389285375e+01   2.1232641624703025e+06   2.8938367918764867e+07   3.5387736041171708e-02
  2.2807031056945286e+10   2.7368437268334343e+01   2.1150266203490966e+06   2.8942486689825468e+07   3.5250443672484942e-02
  2.2899117942519962e+10   2.7478941531023953e+01   2.1068198737255754e+06   2.8946590063137222e+07   3.5113664562092924e-02
  2.2991576643017578e+10   2.7589891971621093e+01   2.0986438164854762e+06   2.8950678091757275e+07   3.4977396941424606e-02
  2.3084408659697712e+10   2.7701290391637254e+01   2.0904983428102054e+06   2.8954750828594912e+07   3.4841639046836757e-02
  2.3177615499882084e+10   2.7813138599858501e+01   2.0823833471765292e+06   2.8958808326411750e+07   3.4706389119608820e-02
  2.3271198676977787e+10   2.7925438412373342e+01   2.0742987243563810e+06   2.8962850637821820e+07   3.4571645405939683e-02
  2.3365159710502914e+10   2.8038191652603494e+01   2.0662443694166862e+06   2.8966877815291665e+07   3.4437406156944773e-02
  2.3459500126110844e+10   2.8151400151333011e+01   2.0582201777190189e+06   2.8970889911140501e+07   3.4303669628650314e-02
  2.3554221455614723e+10   2.8265065746737665e+01   2.0502260449192531e+06   2.8974886977540385e+07   3.4170434081987548e-02
  2.3649325237012920e+10   2.8379190284415504e+01   2.0422618669672501e+06   2.8978869066516384e+07   3.4037697782787500e-02
  2.3744813014513710e+10   2.8493775617416450e+01   2.0343275401066353e+06   2.8982836229946695e+07   3.3905459001777258e-02
  2.3840686338560047e+10   2.8608823606272054e+01   2.0264229608746192e+06   2.8986788519562703e+07   3.3773716014576988e-02
  2.3936946765855339e+10   2.8724336119026404e+01   2.0185480261014714e+06   2.8990725986949276e+07   3.3642467101691192e-02
  2.4033595859388416e+10   2.8840315031266098e+01   2.0107026329102768e+06   2.8994648683544867e+07   3.3511710548504610e-02
  2.4130635188458618e+10   2.8956762226150339e+01   2.0028866787166414e+06   2.8998556660641689e+07   3.3381444645277356e-02
  2.4228066328701881e+10   2.9073679594442257e+01   1.9951000612284984e+06   2.9002449969385762e+07   3.3251667687141641e-02
  2.4325890862115993e+10   2.9191069034539190e+01   1.9873426784456370e+06   2.9006328660777196e+07   3.3122377974093953e-02
  2.4424110377086021e+10   2.9308932452503225e+01   1.9796144286594109e+06   2.9010192785670307e+07   3.2993573810990183e-02
  2.4522726468410667e+10   2.9427271762092801e+01   1.9719152104523634e+06   2.9014042394773833e+07   3.2865253507539390e-02
  2.4621740737327881e+10   2.9546088884793456e+01   1.9642449226980205e+06   2.9017877538651001e+07   3.2737415378300341e-02
  2.4721154791540459e+10   2.9665385749848550e+01   1.9566034645605113e+06   2.9021698267719753e+07   3.2610057742675190e-02
  2.4820970245243244e+10   2.9785164294291892e+01   1.9489907354941084e+06   2.9025504632252958e+07   3.2483178924901809e-02
  2.4921188719147930e+10   2.9905426462977516e+01   1.9414066352429884e+06   2.9029296682378512e+07   3.2356777254049805e-02
  2.5021811840510494e+10   3.0026174208612591e+01   1.9338510638408868e+06   2.9033074468079571e+07   3.2230851064014777e-02
  2.5122841243157207e+10   3.0147409491788647e+01   1.9263239216107444e+06   2.9036838039194640e+07   3.2105398693512407e-02
  2.5224278567510857e+10   3.0269134281013027e+01   1.9188251091643122e+06   2.9040587445417851e+07   3.1980418486071874e-02
  2.5326125460617992e+10   3.0391350552741589e+01   1.9113545274017537e+06   2.9044322736299131e+07   3.1855908790029232e-02
  2.5428383576175369e+10   3.0514060291410441e+01   1.9039120775113583e+06   2.9048043961244337e+07   3.1731867958522640e-02
  2.5531054574556496e+10   3.0637265489467794e+01   1.8964976609691991e+06   2.9051751169515412e+07   3.1608294349486650e-02
  2.5634140122839191e+10   3.0760968147407027e+01   1.8891111795386449e+06   2.9055444410230689e+07   3.1485186325644079e-02
  2.5737641894832363e+10   3.0885170273798835e+01   1.8817525352700185e+06   2.9059123732365005e+07   3.1362542254500310e-02
  2.5841561571102867e+10   3.1009873885323440e+01   1.8744216305002838e+06   2.9062789184749864e+07   3.1240360508338064e-02
  2.5945900839003414e+10   3.1135081006804096e+01   1.8671183678526299e+06   2.9066440816073693e+07   3.1118639464210496e-02
  2.6050661392699669e+10   3.1260793671239600e+01   1.8598426502360345e+06   2.9070078674881995e+07   3.0997377503933908e-02
  2.6155844933197422e+10   3.1387013919836907e+01   1.8525943808449113e+06   2.9073702809577558e+07   3.0876573014081855e-02
  2.6261453168370869e+10   3.1513743802045042e+01   1.8453734631587137e+06   2.9077313268420644e+07   3.0756224385978560e-02
  2.6367487812989990e+10   3.1640985375587988e+01   1.8381798009415588e+06   2.9080910099529229e+07   3.0636330015692645e-02
  2.6473950588748005e+10   3.1768740706497603e+01   1.8310132982418018e+06   2.9084493350879107e+07   3.0516888304030029e-02
  2.6580843224290470e+10   3.1897011869148564e+01   1.8238738593915629e+06   2.9088063070304226e+07   3.0397897656526049e-02
  2.6688167455241970e+10   3.2025800946290360e+01   1.8167613890064596e+06   2.9091619305496782e+07   3.0279356483440992e-02
  2.6795925024234947e+10   3.2155110029081932e+01   1.8096757919851283e+06   2.9095162104007445e+07   3.0161263199752139e-02
  2.6904117680938633e+10   3.2284941217126359e+01   1.8026169735087431e+06   2.9098691513245635e+07   3.0043616225145717e-02
  2.7012747182086056e+10   3.2415296618503262e+01   1.7955848390406910e+06   2.9102207580479663e+07   2.9926413984011517e-02
  2.7121815291503761e+10   3.2546178349804514e+01   1.7885792943261394e+06   2.9105710352836944e+07   2.9809654905435655e-02
  2.7231323780140018e+10   3.2677588536168024e+01   1.7816002453915789e+06   2.9109199877304219e+07   2.9693337423192981e-02
  2.7341274426093235e+10   3.2809529311311877e+01   1.7746475985443962e+06   2.9112676200727813e+07   2.9577459975739937e-02
  2.7451669014641499e+10   3.2942002817569794e+01   1.7677212603723807e+06   2.9116139369813815e+07   2.9462021006206346e-02
  2.7562509338271233e+10   3.3075011205925477e+01   1.7608211377433969e+06   2.9119589431128308e+07   2.9347018962389948e-02
  2.7673797196705963e+10   3.3208556636047156e+01   1.7539471378050465e+06   2.9123026431097481e+07   2.9232452296750776e-02
  2.7785534396936207e+10   3.3342641276323448e+01   1.7470991679839978e+06   2.9126450416008011e+07   2.9118319466399964e-02
  2.7897722753248493e+10   3.3477267303898188e+01   1.7402771359856175e+06   2.9129861432007201e+07   2.9004618933093626e-02
  2.8010364087254463e+10   3.3612436904705355e+01   1.7334809497935500e+06   2.9133259525103230e+07   2.8891349163225832e-02
  2.8123460227921135e+10   3.3748152273505362e+01   1.7267105176693534e+06   2.9136644741165332e+07   2.8778508627822556e-02
  2.8237013011600269e+10   3.3884415613920325e+01   1.7199657481519214e+06   2.9140017125924047e+07   2.8666095802532023e-02
  2.8351024282057709e+10   3.4021229138469252e+01   1.7132465500570703e+06   2.9143376724971469e+07   2.8554109167617837e-02
  2.8465495890504601e+10   3.4158595068605521e+01   1.7065528324769970e+06   2.9146723583761506e+07   2.8442547207949951e-02
  2.8580429695625946e+10   3.4296515634751131e+01   1.6998845047800427e+06   2.9150057747609988e+07   2.8331408413000712e-02
  2.8695827563611458e+10   3.4434993076333747e+01   1.6932414766101018e+06   2.9153379261694960e+07   2.8220691276835030e-02
  2.8811691368186596e+10   3.4574029641823913e+01   1.6866236578860744e+06   2.9156688171056971e+07   2.8110394298101238e-02
  2.8928022990641438e+10   3.4713627588769725e+01   1.6800309588015028e+06   2.9159984520599257e+07   2.8000515980025047e-02
  2.9044824319862537e+10   3.4853789183835040e+01   1.6734632898240897e+06   2.9163268355087962e+07   2.7891054830401496e-02
  2.9162097252363121e+10   3.4994516702835746e+01   1.6669205616952500e+06   2.9166539719152380e+07   2.7782009361587499e-02
  2.9279843692313507e+10   3.5135812430776205e+01   1.6604026854295875e+06   2.9169798657285213e+07   2.7673378090493125e-02
  2.9398065551572769e+10   3.5277678661887322e+01   1.6539095723143881e+06   2.9173045213842809e+07   2.7565159538573136e-02
  2.9516764749719395e+10   3.5420117699663273e+01   1.6474411339092085e+06   2.9176279433045398e+07   2.7457352231820140e-02
  2.9635943214082104e+10   3.5563131856898522e+01   1.6409972820454503e+06   2.9179501358977281e+07   2.7349954700757503e-02
  2.9755602879771862e+10   3.5706723455726234e+01   1.6345779288257395e+06   2.9182711035587132e+07   2.7242965480428993e-02
  2.9875745689712952e+10   3.5850894827655537e+01   1.6281829866234867e+06   2.9185908506688260e+07   2.7136383110391446e-02
  2.9996373594674137e+10   3.5995648313608960e+01   1.6218123680824437e+06   2.9189093815958787e+07   2.7030206134707396e-02
  3.0117488553301075e+10   3.6140986263961288e+01   1.6154659861162165e+06   2.9192267006941900e+07   2.6924433101936943e-02
  3.0239092532147762e+10   3.6286911038577315e+01   1.6091437539077126e+06   2.9195428123046149e+07   2.6819062565128542e-02
  3.0361187505708084e+10   3.6433425006849696e+01   1.6028455849086780e+06   2.9198577207545668e+07   2.6714093081811299e-02
  3.0483775456448620e+10   3.6580530547738341e+01   1.5965713928391908e+06   2.9201714303580415e+07   2.6609523213986512e-02
  3.0606858374840458e+10   3.6728230049808545e+01   1.5903210916872160e+06   2.9204839454156399e+07   2.6505351528120266e-02
  3.0730438259391029e+10   3.6876525911269233e+01   1.5840945957080615e+06   2.9207952702145979e+07   2.6401576595134358e-02
  3.0854517116677914e+10   3.7025420540013492e+01   1.5778918194238180e+06   2.9211054090288099e+07   2.6298196990396969e-02
  3.0979096961379677e+10   3.7174916353655611e+01   1.5717126776229683e+06   2.9214143661188524e+07   2.6195211293716138e-02
  3.1104179816309971e+10   3.7325015779571963e+01   1.5655570853598381e+06   2.9217221457320087e+07   2.6092618089330635e-02
  3.1229767712449852e+10   3.7475721254939820e+01   1.5594249579540521e+06   2.9220287521022975e+07   2.5990415965900869e-02
  3.1355862688980412e+10   3.7627035226776492e+01   1.5533162109900576e+06   2.9223341894504976e+07   2.5888603516500960e-02
  3.1482466793316612e+10   3.7778960151979931e+01   1.5472307603166031e+06   2.9226384619841706e+07   2.5787179338610054e-02
  3.1609582081140186e+10   3.7931498497368224e+01   1.5411685220462484e+06   2.9229415738976888e+07   2.5686142034104142e-02
  3.1737210616432594e+10   3.8084652739719111e+01   1.5351294125548303e+06   2.9232435293722592e+07   2.5585490209247171e-02
  3.1865354471509335e+10   3.8238425365811203e+01   1.5291133484809126e+06   2.9235443325759556e+07   2.5485222474681875e-02
  3.1994015727053196e+10   3.8392818872463835e+01   1.5231202467253429e+06   2.9238439876637332e+07   2.5385337445422384e-02
  3.2123196472147652e+10   3.8547835766577180e+01   1.5171500244507082e+06   2.9241424987774651e+07   2.5285833740845136e-02
  3.2252898804311562e+10   3.8703478565173874e+01   1.5112025990807486e+06   2.9244398700459629e+07   2.5186709984679145e-02
  3.2383124829532845e+10   3.8859749795439413e+01   1.5052778882998428e+06   2.9247361055850085e+07   2.5087964804997382e-02
  3.2513876662302265e+10   3.9016651994762718e+01   1.4993758100525525e+06   2.9250312094973728e+07   2.4989596834209208e-02
  3.2645156425648567e+10   3.9174187710778277e+01   1.4934962825431593e+06   2.9253251858728424e+07   2.4891604709052655e-02
  3.2776966251172558e+10   3.9332359501407069e+01   1.4876392242349728e+06   2.9256180387882520e+07   2.4793987070582880e-02
  3.2909308279081161e+10   3.9491169934897393e+01   1.4818045538498776e+06   2.9259097723075066e+07   2.4696742564164625e-02
  3.3042184658223667e+10   3.9650621589868400e+01   1.4759921903677329e+06   2.9262003904816136e+07   2.4599869839462215e-02
  3.3175597546124859e+10   3.9810717055349826e+01   1.4702020530260277e+06   2.9264898973486990e+07   2.4503367550433797e-02
  3.3309549109020855e+10   3.9971458930825023e+01   1.4644340613191943e+06   2.9267782969340406e+07   2.4407234355319905e-02
  3.3444041521895103e+10   4.0132849826274125e+01   1.4586881349980396e+06   2.9270655932500985e+07   2.4311468916633994e-02
  3.3579076968511929e+10   4.0294892362214313e+01   1.4529641940692773e+06   2.9273517902965363e+07   2.4216069901154619e-02
  3.3714657641453480e+10   4.0457589169744175e+01   1.4472621587950364e+06   2.9276368920602482e+07   2.4121035979917271e-02
  3.3850785742154800e+10   4.0620942890585759e+01   1.4415819496922824e+06   2.9279209025153860e+07   2.4026365828204707e-02
  3.3987463480939144e+10   4.0784956177126972e+01   1.4359234875322490e+06   2.9282038256233878e+07   2.3932058125537482e-02
  3.4124693077054703e+10   4.0949631692465644e+01   1.4302866933398745e+06   2.9284856653330065e+07   2.3838111555664575e-02
  3.4262476758710224e+10   4.1114972110452264e+01   1.4246714883933302e+06   2.9287664255803335e+07   2.3744524806555502e-02
  3.4400816763110771e+10   4.1280980115732923e+01   1.4190777942234937e+06   2.9290461102888256e+07   2.3651296570391563e-02
  3.4539715336494881e+10   4.1447658403793852e+01   1.4135055326133068e+06   2.9293247233693346e+07   2.3558425543555112e-02
  3.4679174734170631e+10   4.1615009681004757e+01   1.4079546255972567e+06   2.9296022687201377e+07   2.3465910426620946e-02
  3.4819197220551826e+10   4.1783036664662191e+01   1.4024249954608849e+06   2.9298787502269562e+07   2.3373749924348080e-02
  3.4959785069195610e+10   4.1951742083034731e+01   1.3969165647402366e+06   2.9301541717629887e+07   2.3281942745670612e-02
  3.5100940562838959e+10   4.2121128675406752e+01   1.3914292562212450e+06   2.9304285371889379e+07   2.3190487603687419e-02
  3.5242665993435188e+10   4.2291199192122221e+01   1.3859629929392233e+06   2.9307018503530391e+07   2.3099383215653722e-02
  3.5384963662192726e+10   4.2461956394631272e+01   1.3805176981782771e+06   2.9309741150910862e+07   2.3008628302971287e-02
  3.5527835879610619e+10   4.2633403055532739e+01   1.3750932954708575e+06   2.9312453352264572e+07   2.2918221591180957e-02
  3.5671284965516899e+10   4.2805541958620275e+01   1.3696897085971043e+06   2.9315155145701453e+07   2.2828161809951737e-02
  3.5815313249107147e+10   4.2978375898928576e+01   1.3643068615842739e+06   2.9317846569207862e+07   2.2738447693071231e-02
  3.5959923068980392e+10   4.3151907682776468e+01   1.3589446787062779e+06   2.9320527660646860e+07   2.2649077978437963e-02
  3.6105116773178719e+10   4.3326140127814462e+01   1.3536030844830945e+06   2.9323198457758453e+07   2.2560051408051576e-02
  3.6250896719224770e+10   4.3501076063069725e+01   1.3482820036801752e+06   2.9325858998159908e+07   2.2471366728002918e-02
  3.6397265274159615e+10   4.3676718328991534e+01   1.3429813613079132e+06   2.9328509319346040e+07   2.2383022688465221e-02
  3.6544224814582069e+10   4.3853069777498483e+01   1.3377010826210773e+06   2.9331149458689459e+07   2.2295018043684622e-02
  3.6691777726686821e+10   4.4030133272024180e+01   1.3324410931182862e+06   2.9333779453440860e+07   2.2207351551971437e-02
  3.6839926406302727e+10   4.4207911687563268e+01   1.3272013185414171e+06   2.9336399340729289e+07   2.2120021975690286e-02
  3.6988673258932648e+10   4.4386407910719178e+01   1.3219816848750189e+06   2.9339009157562494e+07   2.2033028081250315e-02
  3.7138020699791992e+10   4.4565624839750392e+01   1.3167821183458033e+06   2.9341608940827101e+07   2.1946368639096721e-02
  3.7287971153847557e+10   4.4745565384617066e+01   1.3116025454220867e+06   2.9344198727288961e+07   2.1860042423701445e-02
  3.7438527055857742e+10   4.4926232467029287e+01   1.3064428928131736e+06   2.9346778553593412e+07   2.1774048213552895e-02
  3.7589690850411682e+10   4.5107629020494016e+01   1.3013030874688113e+06   2.9349348456265602e+07   2.1688384791146854e-02
  3.7741464991968269e+10   4.5289757990361920e+01   1.2961830565786958e+06   2.9351908471710660e+07   2.1603050942978264e-02
  3.7893851944897758e+10   4.5472622333877311e+01   1.2910827275718078e+06   2.9354458636214104e+07   2.1518045459530129e-02
  3.8046854183519730e+10   4.5656225020223673e+01   1.2860020281158965e+06   2.9356998985942055e+07   2.1433367135264943e-02
  3.8200474192144234e+10   4.5840569030573079e+01   1.2809408861168679e+06   2.9359529556941573e+07   2.1349014768614463e-02
  3.8354714465112999e+10   4.6025657358135597e+01   1.2758992297182570e+06   2.9362050385140873e+07   2.1264987161970950e-02
  3.8509577506837982e+10   4.6211493008205579e+01   1.2708769873007762e+06   2.9364561506349616e+07   2.1181283121679603e-02
  3.8665065831843697e+10   4.6398078998212434e+01   1.2658740874815551e+06   2.9367062956259221e+07   2.1097901458025918e-02
  3.8821181964807449e+10   4.6585418357768937e+01   1.2608904591136356e+06   2.9369554770443186e+07   2.1014840985227261e-02
  3.8977928440599815e+10   4.6773514128719775e+01   1.2559260312854226e+06   2.9372036984357294e+07   2.0932100521423712e-02
  3.9135307804326813e+10   4.6962369365192174e+01   1.2509807333201736e+06   2.9374509633339912e+07   2.0849678888669558e-02
  3.9293322611370689e+10   4.7151987133644823e+01   1.2460544947753360e+06   2.9376972752612337e+07   2.0767574912922266e-02
  3.9451975427430962e+10   4.7342370512917149e+01   1.2411472454420025e+06   2.9379426377278998e+07   2.0685787424033375e-02
  3.9611268828567047e+10   4.7533522594280456e+01   1.2362589153443067e+06   2.9381870542327847e+07   2.0604315255738446e-02
  3.9771205401239586e+10   4.7725446481487502e+01   1.2313894347389746e+06   2.9384305282630518e+07   2.0523157245649577e-02
  3.9931787742351974e+10   4.7918145290822366e+01   1.2265387341146795e+06   2.9386730632942662e+07   2.0442312235244658e-02
  4.0093018459293488e+10   4.8111622151152183e+01   1.2217067441914296e+06   2.9389146627904285e+07   2.0361779069857158e-02
  4.0254900169981125e+10   4.8305880203977345e+01   1.2168933959200170e+06   2.9391553302039996e+07   2.0281556598666952e-02
  4.0417435502901649e+10   4.8500922603481975e+01   1.2120986204815195e+06   2.9393950689759243e+07   2.0201643674691992e-02
  4.0580627097155235e+10   4.8696752516586280e+01   1.2073223492866689e+06   2.9396338825356673e+07   2.0122039154777817e-02
  4.0744477602497810e+10   4.8893373122997367e+01   1.2025645139752636e+06   2.9398717743012376e+07   2.0042741899587727e-02
  4.0908989679383461e+10   4.9090787615260147e+01   1.1978250464156158e+06   2.9401087476792190e+07   1.9963750773593598e-02
  4.1074165999009422e+10   4.9288999198811304e+01   1.1931038787039786e+06   2.9403448060648017e+07   1.9885064645066310e-02
  4.1240009243357277e+10   4.9488011092028728e+01   1.1884009431640292e+06   2.9405799528417990e+07   1.9806682386067153e-02
  4.1406522105237534e+10   4.9687826526285036e+01   1.1837161723462183e+06   2.9408141913826898e+07   1.9728602872436971e-02
  4.1573707288334366e+10   4.9888448746001238e+01   1.1790494990271784e+06   2.9410475250486415e+07   1.9650824983786307e-02
  4.1741567507247261e+10   5.0089881008696707e+01   1.1744008562092525e+06   2.9412799571895380e+07   1.9573347603487543e-02
  4.1910105487537033e+10   5.0292126585044436e+01   1.1697701771198665e+06   2.9415114911440074e+07   1.9496169618664440e-02
  4.2079323965769348e+10   5.0495188758923213e+01   1.1651573952109311e+06   2.9417421302394543e+07   1.9419289920182183e-02
  4.2249225689558678e+10   5.0699070827470408e+01   1.1605624441582949e+06   2.9419718777920861e+07   1.9342707402638250e-02
  4.2419813417613899e+10   5.0903776101136678e+01   1.1559852578611739e+06   2.9422007371069420e+07   1.9266420964352899e-02
  4.2591089919782623e+10   5.1109307903739143e+01   1.1514257704415887e+06   2.9424287114779215e+07   1.9190429507359812e-02
  4.2763057977095604e+10   5.1315669572514722e+01   1.1468839162437723e+06   2.9426558041878123e+07   1.9114731937396205e-02
  4.2935720381812988e+10   5.1522864458175583e+01   1.1423596298335721e+06   2.9428820185083222e+07   1.9039327163892866e-02
  4.3109079937469063e+10   5.1730895924962873e+01   1.1378528459979291e+06   2.9431073577001039e+07   1.8964214099965484e-02
  4.3283139458917313e+10   5.1939767350700770e+01   1.1333634997442998e+06   2.9433318250127852e+07   1.8889391662404997e-02
  4.3457901772377151e+10   5.2149482126852583e+01   1.1288915263000373e+06   2.9435554236849986e+07   1.8814858771667289e-02
  4.3633369715479279e+10   5.2360043658575130e+01   1.1244368611118316e+06   2.9437781569444094e+07   1.8740614351863860e-02
  4.3809546137311050e+10   5.2571455364773257e+01   1.1199994398451927e+06   2.9440000280077413e+07   1.8666657330753213e-02
  4.3986433898464714e+10   5.2783720678157657e+01   1.1155791983838023e+06   2.9442210400808107e+07   1.8592986639730039e-02
  4.4164035871081512e+10   5.2996843045297815e+01   1.1111760728289869e+06   2.9444411963585515e+07   1.8519601213816447e-02
  4.4342354938899399e+10   5.3210825926679277e+01   1.1067899994991259e+06   2.9446605000250444e+07   1.8446499991652099e-02
  4.4521393997300941e+10   5.3425672796761127e+01   1.1024209149290936e+06   2.9448789542535454e+07   1.8373681915484892e-02
  4.4701155953357994e+10   5.3641387144029594e+01   1.0980687558696892e+06   2.9450965622065157e+07   1.8301145931161486e-02
  4.4881643725880882e+10   5.3857972471057053e+01   1.0937334592870148e+06   2.9453133270356499e+07   1.8228890988116912e-02
  4.5062860245465096e+10   5.4075432294558112e+01   1.0894149623619041e+06   2.9455292518819053e+07   1.8156916039365069e-02
  4.5244808454538277e+10   5.4293770145445933e+01   1.0851132024894627e+06   2.9457443398755275e+07   1.8085220041491046e-02
  4.5427491307409142e+10   5.4512989568890966e+01   1.0808281172784262e+06   2.9459585941360794e+07   1.8013801954640436e-02
  4.5610911770314857e+10   5.4733094124377828e+01   1.0765596445505465e+06   2.9461720177724734e+07   1.7942660742509109e-02
  4.5795072821468704e+10   5.4954087385762442e+01   1.0723077223400471e+06   2.9463846138829980e+07   1.7871795372334118e-02
  4.5979977451109489e+10   5.5175972941331388e+01   1.0680722888930570e+06   2.9465963855553474e+07   1.7801204814884283e-02
  4.6165628661549576e+10   5.5398754393859491e+01   1.0638532826670932e+06   2.9468073358666457e+07   1.7730888044451554e-02
  4.6352029467223068e+10   5.5622435360667680e+01   1.0596506423304155e+06   2.9470174678834800e+07   1.7660844038840259e-02
  4.6539182894735855e+10   5.5847019473683027e+01   1.0554643067614455e+06   2.9472267846619278e+07   1.7591071779357426e-02
  4.6727091982914238e+10   5.6072510379497082e+01   1.0512942150482167e+06   2.9474352892475899e+07   1.7521570250803614e-02
  4.6915759782853455e+10   5.6298911739424142e+01   1.0471403064879094e+06   2.9476429846756052e+07   1.7452338441465157e-02
  4.7105189357969376e+10   5.6526227229563247e+01   1.0430025205861240e+06   2.9478498739706941e+07   1.7383375343102067e-02
  4.7295383784045708e+10   5.6754460540854843e+01   1.0388807970563902e+06   2.9480559601471812e+07   1.7314679950939837e-02
  4.7486346149285126e+10   5.6983615379142151e+01   1.0347750758195687e+06   2.9482612462090220e+07   1.7246251263659477e-02
  4.7678079554360535e+10   5.7213695465232639e+01   1.0306852970033204e+06   2.9484657351498347e+07   1.7178088283388675e-02
  4.7870587112462944e+10   5.7444704534955527e+01   1.0266114009415302e+06   2.9486694299529243e+07   1.7110190015692171e-02
  4.8063871949354111e+10   5.7676646339224931e+01   1.0225533281736928e+06   2.9488723335913159e+07   1.7042555469561547e-02
  4.8257937203416557e+10   5.7909524644099868e+01   1.0185110194443578e+06   2.9490744490277823e+07   1.6975183657405964e-02
  4.8452786025703896e+10   5.8143343230844671e+01   1.0144844157026397e+06   2.9492757792148679e+07   1.6908073595043996e-02
  4.8648421579993195e+10   5.8378105895991830e+01   1.0104734581015713e+06   2.9494763270949218e+07   1.6841224301692857e-02
  4.8844847042835777e+10   5.8613816451402933e+01   1.0064780879975428e+06   2.9496760956001233e+07   1.6774634799959047e-02
  4.9042065603608154e+10   5.8850478724329783e+01   1.0024982469497502e+06   2.9498750876525130e+07   1.6708304115829169e-02
  4.9240080464565056e+10   5.9088096557478067e+01   9.9853387671965151e+05   2.9500733061640177e+07   1.6642231278660859e-02
  4.9438894840890793e+10   5.9326673809068950e+01   9.9458491927037772e+05   2.9502707540364824e+07   1.6576415321172960e-02
  4.9638511960750877e+10   5.9566214352901049e+01   9.9065131676616799e+05   2.9504674341616925e+07   1.6510855279436132e-02
  4.9838935065345650e+10   5.9806722078414779e+01   9.8673301157178509e+05   2.9506633494214114e+07   1.6445550192863086e-02
  5.0040167408962273e+10   6.0048200890754721e+01   9.8282994625200611e+05   2.9508585026874002e+07   1.6380499104200103e-02
  5.0242212259027008e+10   6.0290654710832406e+01   9.7894206357103388e+05   2.9510528968214486e+07   1.6315701059517230e-02
  5.0445072896159431e+10   6.0534087475391317e+01   9.7506930649190419e+05   2.9512465346754052e+07   1.6251155108198405e-02
  5.0648752614225166e+10   6.0778503137070196e+01   9.7121161817593861e+05   2.9514394190912038e+07   1.6186860302932309e-02
  5.0853254720388451e+10   6.1023905664466135e+01   9.6736894198223611e+05   2.9516315529008888e+07   1.6122815699703936e-02
  5.1058582535168198e+10   6.1270299042201835e+01   9.6354122146703023e+05   2.9518229389266491e+07   1.6059020357783838e-02
  5.1264739392488945e+10   6.1517687270986734e+01   9.5972840038318362e+05   2.9520135799808417e+07   1.5995473339719728e-02
  5.1471728639737297e+10   6.1766074367684752e+01   9.5593042267958878e+05   2.9522034788660221e+07   1.5932173711326481e-02
  5.1679553637815468e+10   6.2015464365378556e+01   9.5214723250065453e+05   2.9523926383749686e+07   1.5869120541677575e-02
  5.1888217761195168e+10   6.2265861313434200e+01   9.4837877418572071e+05   2.9525810612907149e+07   1.5806312903095344e-02
  5.2097724397973709e+10   6.2517269277568445e+01   9.4462499226848164e+05   2.9527687503865771e+07   1.5743749871141362e-02
  5.2308076949928352e+10   6.2769692339914023e+01   9.4088583147645392e+05   2.9529557084261782e+07   1.5681430524607565e-02
  5.2519278832570930e+10   6.3023134599085111e+01   9.3716123673044681e+05   2.9531419381634783e+07   1.5619353945507447e-02
  5.2731333475204567e+10   6.3277600170245478e+01   9.3345115314393782e+05   2.9533274423428044e+07   1.5557519219065631e-02
  5.2944244320978706e+10   6.3533093185174444e+01   9.2975552602253004e+05   2.9535122236988742e+07   1.5495925433708833e-02
  5.3158014826944412e+10   6.3789617792333289e+01   9.2607430086340790e+05   2.9536962849568307e+07   1.5434571681056799e-02
  5.3372648464111763e+10   6.4047178156934109e+01   9.2240742335486086e+05   2.9538796288322579e+07   1.5373457055914348e-02
  5.3588148717505569e+10   6.4305778461006682e+01   9.1875483937563165e+05   2.9540622580312192e+07   1.5312580656260528e-02
  5.3804519086221321e+10   6.4565422903465588e+01   9.1511649499438237e+05   2.9542441752502818e+07   1.5251941583239706e-02
  5.4021763083483276e+10   6.4826115700179926e+01   9.1149233646912046e+05   2.9544253831765447e+07   1.5191538941152008e-02
  5.4239884236700905e+10   6.5087861084041080e+01   9.0788231024671695e+05   2.9546058844876654e+07   1.5131371837445283e-02
  5.4458886087525215e+10   6.5350663305030253e+01   9.0428636296233209e+05   2.9547856818518847e+07   1.5071439382705535e-02
  5.4678772191908768e+10   6.5614526630290513e+01   9.0070444143879612e+05   2.9549647779280607e+07   1.5011740690646602e-02
  5.4899546120160461e+10   6.5879455344192550e+01   8.9713649268610915e+05   2.9551431753656954e+07   1.4952274878101818e-02
  5.5121211457004875e+10   6.6145453748405842e+01   8.9358246390091523e+05   2.9553208768049546e+07   1.4893041065015255e-02
  5.5343771801641800e+10   6.6412526161970163e+01   8.9004230246594036e+05   2.9554978848767038e+07   1.4834038374432340e-02
  5.5567230767801788e+10   6.6680676921362149e+01   8.8651595594943024e+05   2.9556742022025291e+07   1.4775265932490504e-02
  5.5791591983807274e+10   6.6949910380568724e+01   8.8300337210457854e+05   2.9558498313947719e+07   1.4716722868409643e-02
  5.6016859092630600e+10   6.7220230911156719e+01   8.7950449886901444e+05   2.9560247750565507e+07   1.4658408314483574e-02
  5.6243035751952499e+10   6.7491642902343003e+01   8.7601928436429321e+05   2.9561990357817862e+07   1.4600321406071554e-02
  5.6470125634222824e+10   6.7764150761067384e+01   8.7254767689527536e+05   2.9563726161552370e+07   1.4542461281587923e-02
  5.6698132426719505e+10   6.8037758912063410e+01   8.6908962494960160e+05   2.9565455187525209e+07   1.4484827082493360e-02
  5.6927059831607750e+10   6.8312471797929291e+01   8.6564507719717338e+05   2.9567177461401422e+07   1.4427417953286222e-02
  5.7156911566001488e+10   6.8588293879201785e+01   8.6221398248962674e+05   2.9568893008755196e+07   1.4370233041493779e-02
  5.7387691362023094e+10   6.8865229634427706e+01   8.5879628985974065e+05   2.9570601855070140e+07   1.4313271497662344e-02
  5.7619402966863258e+10   6.9143283560235901e+01   8.5539194852091745e+05   2.9572304025739551e+07   1.4256532475348624e-02
  5.7852050142843208e+10   6.9422460171411842e+01   8.5200090786663187e+05   2.9573999546066698e+07   1.4200015131110530e-02
  5.8085636667475151e+10   6.9702764000970177e+01   8.4862311746993230e+05   2.9575688441265043e+07   1.4143718624498872e-02
  5.8320166333522598e+10   6.9984199600227115e+01   8.4525852708286839e+05   2.9577370736458573e+07   1.4087642118047807e-02
  5.8555642949064621e+10   7.0266771538877535e+01   8.4190708663592220e+05   2.9579046456682052e+07   1.4031784777265370e-02
  5.8792070337554550e+10   7.0550484405065461e+01   8.3856874623752630e+05   2.9580715626881246e+07   1.3976145770625439e-02
  5.9029452337883484e+10   7.0835342805460172e+01   8.3524345617353171e+05   2.9582378271913242e+07   1.3920724269558862e-02
  5.9267792804444092e+10   7.1121351365332913e+01   8.3193116690660920e+05   2.9584034416546695e+07   1.3865519448443487e-02
  5.9507095607190041e+10   7.1408514728628049e+01   8.2863182907576754e+05   2.9585684085462127e+07   1.3810530484596125e-02
  5.9747364631701523e+10   7.1696837558041821e+01   8.2534539349579439e+05   2.9587327303252108e+07   1.3755756558263240e-02
  5.9988603779247322e+10   7.1986324535096784e+01   8.2207181115675101e+05   2.9588964094421633e+07   1.3701196852612518e-02
  6.0230816966847481e+10   7.2276980360216967e+01   8.1881103322341724e+05   2.9590594483388294e+07   1.3646850553723621e-02
  6.0474008127338348e+10   7.2568809752806018e+01   8.1556301103474537e+05   2.9592218494482636e+07   1.3592716850579089e-02
  6.0718181209435699e+10   7.2861817451322835e+01   8.1232769610335992e+05   2.9593836151948329e+07   1.3538794935055999e-02
  6.0963340177798111e+10   7.3156008213357737e+01   8.0910504011503374e+05   2.9595447479942489e+07   1.3485084001917230e-02
  6.1209489013092827e+10   7.3451386815711388e+01   8.0589499492812215e+05   2.9597052502535943e+07   1.3431583248802037e-02
  6.1456631712059631e+10   7.3747958054471553e+01   8.0269751257304661e+05   2.9598651243713487e+07   1.3378291876217443e-02
  6.1704772287575020e+10   7.4045726745090022e+01   7.9951254525181034e+05   2.9600243727374103e+07   1.3325209087530172e-02
  6.1953914768718849e+10   7.4344697722462612e+01   7.9634004533742194e+05   2.9601829977331303e+07   1.3272334088957033e-02
  6.2204063200838997e+10   7.4644875841006794e+01   7.9317996537337068e+05   2.9603410017313324e+07   1.3219666089556178e-02
  6.2455221645616035e+10   7.4946265974739234e+01   7.9003225807310443e+05   2.9604983870963458e+07   1.3167204301218408e-02
  6.2707394181131989e+10   7.5248873017358378e+01   7.8689687631952146e+05   2.9606551561840251e+07   1.3114947938658691e-02
  6.2960584901933228e+10   7.5552701882319866e+01   7.8377377316450409e+05   2.9608113113417756e+07   1.3062896219408402e-02
  6.3214797919098465e+10   7.5857757502918147e+01   7.8066290182830405e+05   2.9609668549085855e+07   1.3011048363805067e-02
  6.3470037360307083e+10   7.6164044832368489e+01   7.7756421569902427e+05   2.9611217892150495e+07   1.2959403594983737e-02
  6.3726307369902802e+10   7.6471568843883361e+01   7.7447766833214811e+05   2.9612761165833935e+07   1.2907961138869136e-02
  6.3983612108963783e+10   7.6780334530756534e+01   7.7140321345003671e+05   2.9614298393274996e+07   1.2856720224167279e-02
  6.4241955755369194e+10   7.7090346906443031e+01   7.6834080494134978e+05   2.9615829597529337e+07   1.2805680082355830e-02
  6.4501342503866241e+10   7.7401611004639491e+01   7.6529039686055132e+05   2.9617354801569737e+07   1.2754839947675855e-02
  6.4761776566139847e+10   7.7714131879367812e+01   7.6225194342737307e+05   2.9618874028286327e+07   1.2704199057122884e-02
  6.5023262170880272e+10   7.8027914605056324e+01   7.5922539902637561e+05   2.9620387300486825e+07   1.2653756650439593e-02
  6.5285803563850960e+10   7.8342964276621146e+01   7.5621071820637560e+05   2.9621894640896823e+07   1.2603511970106260e-02
  6.5549405007959061e+10   7.8659286009550868e+01   7.5320785567991727e+05   2.9623396072160058e+07   1.2553464261331955e-02
  6.5814070783323891e+10   7.8976884939988665e+01   7.5021676632277004e+05   2.9624891616838630e+07   1.2503612772046167e-02
  6.6079805187345581e+10   7.9295766224814699e+01   7.4723740517346980e+05   2.9626381297413282e+07   1.2453956752891163e-02
  6.6346612534776489e+10   7.9615935041731788e+01   7.4426972743275447e+05   2.9627865136283636e+07   1.2404495457212575e-02
  6.6614497157790451e+10   7.9937396589348538e+01   7.4131368846305471e+05   2.9629343155768484e+07   1.2355228141050912e-02
  6.6883463406052292e+10   8.0260156087262743e+01   7.3836924378799519e+05   2.9630815378106013e+07   1.2306154063133254e-02
  6.7153515646790108e+10   8.0584218776148120e+01   7.3543634909191029e+05   2.9632281825454056e+07   1.2257272484865172e-02
  6.7424658264865341e+10   8.0909589917838403e+01   7.3251496021931781e+05   2.9633742519890353e+07   1.2208582670321964e-02
  6.7696895662842888e+10   8.1236274795411461e+01   7.2960503317441337e+05   2.9635197483412806e+07   1.2160083886240222e-02
  6.7970232261065598e+10   8.1564278713278711e+01   7.2670652412053512e+05   2.9636646737939749e+07   1.2111775402008919e-02
  6.8244672497722481e+10   8.1893606997266971e+01   7.2381938937973138e+05   2.9638090305310145e+07   1.2063656489662190e-02
  6.8520220828922417e+10   8.2224264994706900e+01   7.2094358543221885e+05   2.9639528207283903e+07   1.2015726423870315e-02
  6.8796881728768173e+10   8.2556258074521807e+01   7.1807906891585188e+05   2.9640960465542089e+07   1.1967984481930864e-02
  6.9074659689425446e+10   8.2889591627310537e+01   7.1522579662566225e+05   2.9642387101687185e+07   1.1920429943761038e-02
  6.9353559221198853e+10   8.3224271065438614e+01   7.1238372551335674e+05   2.9643808137243334e+07   1.1873062091889279e-02
  6.9633584852604050e+10   8.3560301823124860e+01   7.0955281268680992e+05   2.9645223593656607e+07   1.1825880211446833e-02
  6.9914741130440445e+10   8.3897689356528531e+01   7.0673301540956344e+05   2.9646633492295232e+07   1.1778883590159391e-02
  7.0197032619866684e+10   8.4236439143840016e+01   7.0392429110031913e+05   2.9648037854449857e+07   1.1732071518338652e-02
  7.0480463904473938e+10   8.4576556685368715e+01   7.0112659733247722e+05   2.9649436701333776e+07   1.1685443288874621e-02
  7.0765039586359482e+10   8.4918047503631371e+01   6.9833989183362515e+05   2.9650830054083202e+07   1.1638998197227086e-02
  7.1050764286203110e+10   8.5260917143443734e+01   6.9556413248502440e+05   2.9652217933757506e+07   1.1592735541417072e-02
  7.1337642643341339e+10   8.5605171172009605e+01   6.9279927732113190e+05   2.9653600361339454e+07   1.1546654622018865e-02
  7.1625679315841843e+10   8.5950815179010206e+01   6.9004528452913777e+05   2.9654977357735451e+07   1.1500754742152296e-02
  7.1914878980580795e+10   8.6297854776696951e+01   6.8730211244843248e+05   2.9656348943775799e+07   1.1455035207473875e-02
  7.2205246333318054e+10   8.6646295599981656e+01   6.8456971957012708e+05   2.9657715140214954e+07   1.1409495326168785e-02
  7.2496786088772079e+10   8.6996143306526491e+01   6.8184806453658862e+05   2.9659075967731725e+07   1.1364134408943143e-02
  7.2789502980699829e+10   8.7347403576839795e+01   6.7913710614093416e+05   2.9660431446929548e+07   1.1318951769015569e-02
  7.3083401761969742e+10   8.7700082114363681e+01   6.7643680332654633e+05   2.9661781598336741e+07   1.1273946722109105e-02
  7.3378487204640717e+10   8.8054184645568853e+01   6.7374711518657440e+05   2.9663126442406733e+07   1.1229118586442906e-02
  7.3674764100041306e+10   8.8409716920049561e+01   6.7106800096343365e+05   2.9664465999518301e+07   1.1184466682723894e-02
  7.3972237258843750e+10   8.8766684710612495e+01   6.6839942004843266e+05   2.9665800289975800e+07   1.1139990334140544e-02
  7.4270911511145294e+10   8.9125093813374349e+01   6.6574133198117826e+05   2.9667129334009435e+07   1.1095688866352971e-02
  7.4570791706545441e+10   8.9484950047854525e+01   6.6309369644911669e+05   2.9668453151775457e+07   1.1051561607485279e-02
  7.4871882714223770e+10   8.9846259257068525e+01   6.6045647328705923e+05   2.9669771763356496e+07   1.1007607888117653e-02
  7.5174189423020874e+10   9.0209027307625050e+01   6.5782962247673282e+05   2.9671085188761652e+07   1.0963827041278880e-02
  7.5477716741516754e+10   9.0573260089820096e+01   6.5521310414628102e+05   2.9672393447926879e+07   1.0920218402438018e-02
  7.5782469598109650e+10   9.0938963517731580e+01   6.5260687856977654e+05   2.9673696560715131e+07   1.0876781309496276e-02
  7.6088452941097885e+10   9.1306143529317453e+01   6.5001090616672894e+05   2.9674994546916652e+07   1.0833515102778815e-02
  7.6395671738759293e+10   9.1674806086511140e+01   6.4742514750165842e+05   2.9676287426249191e+07   1.0790419125027640e-02
  7.6704130979430969e+10   9.2044957175317165e+01   6.4484956328362681e+05   2.9677575218358207e+07   1.0747492721393781e-02
  7.7013835671592102e+10   9.2416602805910514e+01   6.4228411436571029e+05   2.9678857942817163e+07   1.0704735239428505e-02
  7.7324790843944412e+10   9.2789749012733296e+01   6.3972876174454647e+05   2.9680135619127747e+07   1.0662146029075774e-02
  7.7637001545492493e+10   9.3164401854590992e+01   6.3718346655989089e+05   2.9681408266720071e+07   1.0619724442664848e-02
  7.7950472845629288e+10   9.3540567414755145e+01   6.3464819009413477e+05   2.9682675904952951e+07   1.0577469834902245e-02
  7.8265209834214294e+10   9.3918251801057153e+01   6.3212289377183036e+05   2.9683938553114109e+07   1.0535381562863839e-02
  7.8581217621658066e+10   9.4297461145989672e+01   6.2960753915921808e+05   2.9685196230420411e+07   1.0493458985986968e-02
  7.8898501339007187e+10   9.4678201606808614e+01   6.2710208796375676e+05   2.9686448956018142e+07   1.0451701466062613e-02
  7.9217066138023361e+10   9.5060479365628026e+01   6.2460650203371386e+05   2.9687696748983171e+07   1.0410108367228565e-02
  7.9536917191270599e+10   9.5444300629524719e+01   6.2212074335763277e+05   2.9688939628321201e+07   1.0368679055960546e-02
  7.9858059692197952e+10   9.5829671630637534e+01   6.1964477406388882e+05   2.9690177612968076e+07   1.0327412901064814e-02
  8.0180498855222824e+10   9.6216598626267384e+01   6.1717855642024556e+05   2.9691410721789896e+07   1.0286309273670760e-02
  8.0504239915817627e+10   9.6605087898981154e+01   6.1472205283339636e+05   2.9692638973583322e+07   1.0245367547223272e-02
  8.0829288130593781e+10   9.6995145756712532e+01   6.1227522584848001e+05   2.9693862387075782e+07   1.0204587097474667e-02
  8.1155648777386093e+10   9.7386778532863303e+01   6.0983803814863623e+05   2.9695080980925698e+07   1.0163967302477270e-02
  8.1483327155340439e+10   9.7779992586408525e+01   6.0741045255454397e+05   2.9696294773722749e+07   1.0123507542575733e-02
  8.1812328584998810e+10   9.8174794301998574e+01   6.0499243202398438e+05   2.9697503783988025e+07   1.0083207200399740e-02
  8.2142658408384689e+10   9.8571190090061620e+01   6.0258393965136749e+05   2.9698708030174334e+07   1.0043065660856125e-02
  8.2474321989091827e+10   9.8969186386910195e+01   6.0018493866726523e+05   2.9699907530666385e+07   1.0003082311121087e-02
  8.2807324712370255e+10   9.9368789654844306e+01   5.9779539243798598e+05   2.9701102303781029e+07   9.9632565406330992e-03
  8.3141671985212830e+10   9.9770006382255389e+01   5.9541526446512504e+05   2.9702292367767457e+07   9.9235877410854181e-03
  8.3477369236444946e+10   1.0017284308373394e+02   5.9304451838508539e+05   2.9703477740807474e+07   9.8840753064180897e-03
  8.3814421916811707e+10   1.0057730630017404e+02   5.9068311796863785e+05   2.9704658441015698e+07   9.8447186328106309e-03
  8.4152835499065125e+10   1.0098340259887814e+02   5.8833102712049987e+05   2.9705834486439757e+07   9.8055171186749984e-03
  8.4492615478056610e+10   1.0139113857366793e+02   5.8598820987885108e+05   2.9707005895060591e+07   9.7664701646475172e-03
  8.4833767370821518e+10   1.0180052084498581e+02   5.8365463041491352e+05   2.9708172684792552e+07   9.7275771735818913e-03
  8.5176296716672470e+10   1.0221155606000696e+02   5.8133025303248269e+05   2.9709334873483773e+07   9.6888375505413786e-03
  8.5520209077287888e+10   1.0262425089274547e+02   5.7901504216751712e+05   2.9710492478916254e+07   9.6502507027919522e-03
  8.5865510036801270e+10   1.0303861204416152e+02   5.7670896238767309e+05   2.9711645518806178e+07   9.6118160397945518e-03
  8.6212205201893982e+10   1.0345464624227277e+02   5.7441197839184839e+05   2.9712794010804094e+07   9.5735329731974732e-03
  8.6560300201885208e+10   1.0387236024226225e+02   5.7212405500973808e+05   2.9713937972495150e+07   9.5354009168289681e-03
  8.6909800688822342e+10   1.0429176082658681e+02   5.6984515720145695e+05   2.9715077421399292e+07   9.4974192866909488e-03
  8.7260712337574814e+10   1.0471285480508978e+02   5.6757525005706307e+05   2.9716212374971487e+07   9.4595875009510517e-03
  8.7613040845925232e+10   1.0513564901511027e+02   5.6531429879609798e+05   2.9717342850601964e+07   9.4219049799349665e-03
  8.7966791934660797e+10   1.0556015032159296e+02   5.6306226876716549e+05   2.9718468865616437e+07   9.3843711461194246e-03
  8.8321971347668320e+10   1.0598636561720198e+02   5.6081912544749957e+05   2.9719590437276267e+07   9.3469854241249924e-03
  8.8678584852026489e+10   1.0641430182243178e+02   5.5858483444255812e+05   2.9720707582778737e+07   9.3097472407093016e-03
  8.9036638238098312e+10   1.0684396588571796e+02   5.5635936148554960e+05   2.9721820319257241e+07   9.2726560247591606e-03
  8.9396137319627411e+10   1.0727536478355289e+02   5.5414267243699636e+05   2.9722928663781513e+07   9.2357112072832728e-03
  8.9757087933831268e+10   1.0770850552059751e+02   5.5193473328431894e+05   2.9724032633357849e+07   9.1989122214053160e-03
  9.0119495941494553e+10   1.0814339512979346e+02   5.4973551014145708e+05   2.9725132244929280e+07   9.1622585023576186e-03
  9.0483367227068344e+10   1.0858004067248201e+02   5.4754496924835816e+05   2.9726227515375834e+07   9.1257494874726359e-03
  9.0848707698760880e+10   1.0901844923851306e+02   5.4536307697059296e+05   2.9727318461514715e+07   9.0893846161765497e-03
  9.1215523288635666e+10   1.0945862794636280e+02   5.4318979979891633e+05   2.9728405100100547e+07   9.0531633299819388e-03
  9.1583819952710098e+10   1.0990058394325212e+02   5.4102510434885963e+05   2.9729487447825581e+07   9.0170850724809945e-03
  9.1953603671047272e+10   1.1034432440525671e+02   5.3886895736030175e+05   2.9730565521319855e+07   8.9811492893383631e-03
  9.2324880447857193e+10   1.1078985653742862e+02   5.3672132569702098e+05   2.9731639337151498e+07   8.9453554282836831e-03
  9.2697656311592804e+10   1.1123718757391136e+02   5.3458217634628573e+05   2.9732708911826868e+07   8.9097029391047630e-03
  9.3071937315046707e+10   1.1168632477805605e+02   5.3245147641847166e+05   2.9733774261790771e+07   8.8741912736411948e-03
  9.3447729535451721e+10   1.1213727544254206e+02   5.3032919314659550e+05   2.9734835403426718e+07   8.8388198857765922e-03
  9.3825039074578430e+10   1.1259004688949410e+02   5.2821529388590367e+05   2.9735892353057053e+07   8.8035882314317273e-03
  9.4203872058833099e+10   1.1304464647059972e+02   5.2610974611346412e+05   2.9736945126943279e+07   8.7684957685577360e-03
  9.4584234639359467e+10   1.1350108156723135e+02   5.2401251742776239e+05   2.9737993741286125e+07   8.7335419571293732e-03
  9.4966132992137421e+10   1.1395935959056490e+02   5.2192357554826577e+05   2.9739038212225877e+07   8.6987262591377620e-03
  9.5349573318082199e+10   1.1441948798169864e+02   5.1984288831501646e+05   2.9740078555842504e+07   8.6640481385836070e-03
  9.5734561843147324e+10   1.1488147421177678e+02   5.1777042368820752e+05   2.9741114788155910e+07   8.6295070614701257e-03
  9.6121104818424545e+10   1.1534532578210946e+02   5.1570614974780084e+05   2.9742146925126113e+07   8.5951024957966801e-03
  9.6509208520243835e+10   1.1581105022429260e+02   5.1365003469309822e+05   2.9743174982653461e+07   8.5608339115516366e-03
  9.6898879250279526e+10   1.1627865510033543e+02   5.1160204684231075e+05   2.9744198976578858e+07   8.5267007807051792e-03
  9.7290123335647568e+10   1.1674814800277707e+02   5.0956215463218209e+05   2.9745218922683921e+07   8.4927025772030349e-03
  9.7682947129010605e+10   1.1721953655481272e+02   5.0753032661758497e+05   2.9746234836691219e+07   8.4588387769597498e-03
  9.8077357008683533e+10   1.1769282841042023e+02   5.0550653147107881e+05   2.9747246734264474e+07   8.4251088578513132e-03
  9.8473359378731857e+10   1.1816803125447822e+02   5.0349073798253550e+05   2.9748254631008744e+07   8.3915122997089246e-03
  9.8870960669080109e+10   1.1864515280289612e+02   5.0148291505871917e+05   2.9749258542470653e+07   8.3580485843119858e-03
  9.9270167335614624e+10   1.1912420080273755e+02   4.9948303172289976e+05   2.9750258484138560e+07   8.3247171953816628e-03
  9.9670985860287109e+10   1.1960518303234453e+02   4.9749105711443926e+05   2.9751254471442789e+07   8.2915176185739872e-03
  1.0007342275122243e+11   1.2008810730146691e+02   4.9550696048838197e+05   2.9752246519755829e+07   8.2584493414730332e-03
  1.0047748454282297e+11   1.2057298145138755e+02   4.9353071121507761e+05   2.9753234644392472e+07   8.2255118535846262e-03
  1.0088317779587350e+11   1.2105981335504821e+02   4.9156227877977886e+05   2.9754218860610127e+07   8.1927046463296481e-03
  1.0129050909765030e+11   1.2154861091718035e+02   4.8960163278221904e+05   2.9755199183608901e+07   8.1600272130369841e-03
  1.0169948506202667e+11   1.2203938207443200e+02   4.8764874293621926e+05   2.9756175628531903e+07   8.1274790489369881e-03
  1.0211011232957928e+11   1.2253213479549514e+02   4.8570357906931656e+05   2.9757148210465357e+07   8.0950596511552755e-03
  1.0252239756769836e+11   1.2302687708123803e+02   4.8376611112239014e+05   2.9758116944438819e+07   8.0627685187065028e-03
  1.0293634747069476e+11   1.2352361696483371e+02   4.8183630914921506e+05   2.9759081845425405e+07   8.0306051524869169e-03
  1.0335196875990694e+11   1.2402236251188832e+02   4.7991414331609325e+05   2.9760042928341962e+07   7.9985690552682211e-03
  1.0376926818381477e+11   1.2452312182057773e+02   4.7799958390144329e+05   2.9761000208049290e+07   7.9666597316907211e-03
  1.0418825251814359e+11   1.2502590302177229e+02   4.7609260129547119e+05   2.9761953699352279e+07   7.9348766882578539e-03
  1.0460892856597678e+11   1.2553071427917213e+02   4.7419316599972703e+05   2.9762903417000148e+07   7.9032194333287838e-03
  1.0503130315786874e+11   1.2603756378944249e+02   4.7230124862670997e+05   2.9763849375686660e+07   7.8716874771118332e-03
  1.0545538315195035e+11   1.2654645978234041e+02   4.7041681989950506e+05   2.9764791590050261e+07   7.8402803316584176e-03
  1.0588117543404488e+11   1.2705741052085385e+02   4.6853985065141798e+05   2.9765730074674305e+07   7.8089975108569659e-03
  1.0630868691777823e+11   1.2757042430133387e+02   4.6667031182556262e+05   2.9766664844087232e+07   7.7778385304260438e-03
  1.0673792454468980e+11   1.2808550945362776e+02   4.6480817447447998e+05   2.9767595912762776e+07   7.7468029079079993e-03
  1.0716889528434784e+11   1.2860267434121741e+02   4.6295340975974617e+05   2.9768523295120135e+07   7.7158901626624360e-03
  1.0760160613446127e+11   1.2912192736135353e+02   4.6110598895162181e+05   2.9769447005524207e+07   7.6850998158603636e-03
  1.0803606412099207e+11   1.2964327694519048e+02   4.5926588342866179e+05   2.9770367058285683e+07   7.6544313904776968e-03
  1.0847227629827187e+11   1.3016673155792623e+02   4.5743306467731524e+05   2.9771283467661355e+07   7.6238844112885874e-03
  1.0891024974911531e+11   1.3069229969893837e+02   4.5560750429155346e+05   2.9772196247854233e+07   7.5934584048592242e-03
  1.0934999158493361e+11   1.3121998990192031e+02   4.5378917397252447e+05   2.9773105413013749e+07   7.5631528995420746e-03
  1.0979150894585275e+11   1.3174981073502329e+02   4.5197804552815179e+05   2.9774010977235939e+07   7.5329674254691970e-03
  1.1023480900082809e+11   1.3228177080099371e+02   4.5017409087275481e+05   2.9774912954563633e+07   7.5029015145459139e-03
  1.1067989894775935e+11   1.3281587873731121e+02   4.4837728202668263e+05   2.9775811358986672e+07   7.4729547004447104e-03
  1.1112678601361026e+11   1.3335214321633231e+02   4.4658759111595084e+05   2.9776706204442035e+07   7.4431265185991805e-03
  1.1157547745452452e+11   1.3389057294542943e+02   4.4480499037186382e+05   2.9777597504814081e+07   7.4134165061977304e-03
  1.1202598055594180e+11   1.3443117666713016e+02   4.4302945213064377e+05   2.9778485273934692e+07   7.3838242021773961e-03
  1.1247830263272104e+11   1.3497396315926525e+02   4.4126094883304217e+05   2.9779369525583491e+07   7.3543491472173698e-03
  1.1293245102925331e+11   1.3551894123510397e+02   4.3949945302401501e+05   2.9780250273488004e+07   7.3249908837335837e-03
  1.1338843311958377e+11   1.3606611974350051e+02   4.3774493735233019e+05   2.9781127531323846e+07   7.2957489558721699e-03
  1.1384625630753419e+11   1.3661550756904103e+02   4.3599737457018724e+05   2.9782001312714919e+07   7.2666229095031207e-03
  1.1430592802681718e+11   1.3716711363218062e+02   4.3425673753287591e+05   2.9782871631233577e+07   7.2376122922145980e-03
  1.1476745574116196e+11   1.3772094688939436e+02   4.3252299919841031e+05   2.9783738500400815e+07   7.2087166533068387e-03
  1.1523084694443369e+11   1.3827701633332040e+02   4.3079613262715825e+05   2.9784601933686439e+07   7.1799355437859712e-03
  1.1569610916075372e+11   1.3883533099290446e+02   4.2907611098148231e+05   2.9785461944509275e+07   7.1512685163580385e-03
  1.1616324994462469e+11   1.3939589993354963e+02   4.2736290752537199e+05   2.9786318546237331e+07   7.1227151254228665e-03
  1.1663227688105165e+11   1.3995873225726197e+02   4.2565649562410300e+05   2.9787171752187967e+07   7.0942749270683832e-03
  1.1710319758566383e+11   1.4052383710279659e+02   4.2395684874386730e+05   2.9788021575628083e+07   7.0659474790644551e-03
  1.1757601970484120e+11   1.4109122364580944e+02   4.2226394045140716e+05   2.9788868029774316e+07   7.0377323408567860e-03
  1.1805075091583714e+11   1.4166090109900458e+02   4.2057774441367120e+05   2.9789711127793182e+07   7.0096290735611865e-03
  1.1852739892690170e+11   1.4223287871228203e+02   4.1889823439747072e+05   2.9790550882801283e+07   6.9816372399578450e-03
  1.1900597147740958e+11   1.4280716577289149e+02   4.1722538426909578e+05   2.9791387307865471e+07   6.9537564044849301e-03
  1.1948647633798442e+11   1.4338377160558130e+02   4.1555916799396713e+05   2.9792220416003037e+07   6.9259861332327853e-03
  1.1996892131062300e+11   1.4396270557274758e+02   4.1389955963629327e+05   2.9793050220181864e+07   6.8983259939382211e-03
  1.2045331422882726e+11   1.4454397707459270e+02   4.1224653335874592e+05   2.9793876733320642e+07   6.8707755559790987e-03
  1.2093966295772517e+11   1.4512759554927021e+02   4.1060006342207914e+05   2.9794699968288977e+07   6.8433343903679857e-03
  1.2142797539420139e+11   1.4571357047304164e+02   4.0896012418477802e+05   2.9795519937907625e+07   6.8160020697463006e-03
  1.2191825946702837e+11   1.4630191136043402e+02   4.0732669010270067e+05   2.9796336654948670e+07   6.7887781683783448e-03
  1.2241052313698877e+11   1.4689262776438650e+02   4.0569973572878190e+05   2.9797150132135630e+07   6.7616622621463653e-03
  1.2290477439701010e+11   1.4748572927641212e+02   4.0407923571264691e+05   2.9797960382143695e+07   6.7346539285441150e-03
  1.2340102127229256e+11   1.4808122552675107e+02   4.0246516480026394e+05   2.9798767417599887e+07   6.7077527466710661e-03
  1.2389927182043779e+11   1.4867912618452533e+02   4.0085749783360591e+05   2.9799571251083218e+07   6.6809582972267656e-03
  1.2439953413158278e+11   1.4927944095789934e+02   3.9925620975032559e+05   2.9800371895124856e+07   6.6542701625054270e-03
  1.2490181632852966e+11   1.4988217959423559e+02   3.9766127558340912e+05   2.9801169362208314e+07   6.6276879263901523e-03
  1.2540612656687613e+11   1.5048735188025134e+02   3.9607267046082148e+05   2.9801963664769609e+07   6.6012111743470247e-03
  1.2591247303515083e+11   1.5109496764218099e+02   3.9449036960516270e+05   2.9802754815197434e+07   6.5748394934193781e-03
  1.2642086395494492e+11   1.5170503674593388e+02   3.9291434833334782e+05   2.9803542825833343e+07   6.5485724722224633e-03
  1.2693130758104388e+11   1.5231756909725266e+02   3.9134458205627603e+05   2.9804327708971880e+07   6.5224097009379343e-03
  1.2744381220156479e+11   1.5293257464187775e+02   3.8978104627846635e+05   2.9805109476860784e+07   6.4963507713077726e-03
  1.2795838613808917e+11   1.5355006336570699e+02   3.8822371659772901e+05   2.9805888141701151e+07   6.4703952766288165e-03
  1.2847503774579619e+11   1.5417004529495543e+02   3.8667256870485120e+05   2.9806663715647589e+07   6.4445428117475200e-03
  1.2899377541360397e+11   1.5479253049632476e+02   3.8512757838325092e+05   2.9807436210808389e+07   6.4187929730541819e-03
  1.2951460756429906e+11   1.5541752907715886e+02   3.8358872150864464e+05   2.9808205639245693e+07   6.3931453584774103e-03
  1.3003754265467622e+11   1.5604505118561147e+02   3.8205597404871089e+05   2.9808972012975655e+07   6.3675995674785145e-03
  1.3056258917567909e+11   1.5667510701081491e+02   3.8052931206276116e+05   2.9809735343968634e+07   6.3421552010460196e-03
  1.3108975565253102e+11   1.5730770678303722e+02   3.7900871170143440e+05   2.9810495644149296e+07   6.3168118616905734e-03
  1.3161905064487938e+11   1.5794286077385524e+02   3.7749414920633548e+05   2.9811252925396841e+07   6.2915691534389251e-03
  1.3215048274693248e+11   1.5858057929631897e+02   3.7598560090971662e+05   2.9812007199545156e+07   6.2664266818286104e-03
  1.3268406058759741e+11   1.5922087270511688e+02   3.7448304323416791e+05   2.9812758478382926e+07   6.2413840539027989e-03
  1.3321979283062343e+11   1.5986375139674811e+02   3.7298645269228128e+05   2.9813506773653872e+07   6.2164408782046880e-03
  1.3375768817474101e+11   1.6050922580968921e+02   3.7149580588631978e+05   2.9814252097056851e+07   6.1915967647719963e-03
  1.3429775535380145e+11   1.6115730642456174e+02   3.7001107950790069e+05   2.9814994460246067e+07   6.1668513251316786e-03
  1.3484000313692195e+11   1.6180800376430633e+02   3.6853225033767690e+05   2.9815733874831170e+07   6.1422041722946153e-03
  1.3538444032862637e+11   1.6246132839435165e+02   3.6705929524501361e+05   2.9816470352377508e+07   6.1176549207502271e-03
  1.3593107576898654e+11   1.6311729092278384e+02   3.6559219118766679e+05   2.9817203904406179e+07   6.0932031864611132e-03
  1.3647991833376909e+11   1.6377590200052290e+02   3.6413091521145590e+05   2.9817934542394288e+07   6.0688485868575981e-03
  1.3703097693457790e+11   1.6443717232149348e+02   3.6267544444996369e+05   2.9818662277775038e+07   6.0445907408327284e-03
  1.3758426051899713e+11   1.6510111262279656e+02   3.6122575612421182e+05   2.9819387121937905e+07   6.0204292687368634e-03
  1.3813977807073996e+11   1.6576773368488796e+02   3.5978182754233398e+05   2.9820109086228844e+07   5.9963637923722331e-03
  1.3869753860979257e+11   1.6643704633175108e+02   3.5834363609926979e+05   2.9820828181950379e+07   5.9723939349878297e-03
  1.3925755119255853e+11   1.6710906143107024e+02   3.5691115927646722e+05   2.9821544420361780e+07   5.9485193212744534e-03
  1.3981982491201199e+11   1.6778378989441438e+02   3.5548437464153470e+05   2.9822257812679242e+07   5.9247395773589116e-03
  1.4038436889783737e+11   1.6846124267740484e+02   3.5406325984794967e+05   2.9822968370076038e+07   5.9010543307991608e-03
  1.4095119231658386e+11   1.6914143077990062e+02   3.5264779263472860e+05   2.9823676103682648e+07   5.8774632105788099e-03
  1.4152030437181207e+11   1.6982436524617447e+02   3.5123795082616102e+05   2.9824381024586931e+07   5.8539658471026840e-03
  1.4209171430424161e+11   1.7051005716508993e+02   3.4983371233147243e+05   2.9825083143834282e+07   5.8305618721912070e-03
  1.4266543139190466e+11   1.7119851767028558e+02   3.4843505514450232e+05   2.9825782472427763e+07   5.8072509190750382e-03
  1.4324146495029486e+11   1.7188975794035383e+02   3.4704195734340290e+05   2.9826479021328311e+07   5.7840326223900481e-03
  1.4381982433251691e+11   1.7258378919902029e+02   3.4565439709035761e+05   2.9827172801454831e+07   5.7609066181726265e-03
  1.4440051892944174e+11   1.7328062271533008e+02   3.4427235263126012e+05   2.9827863823684383e+07   5.7378725438543355e-03
  1.4498355816985748e+11   1.7398026980382897e+02   3.4289580229539861e+05   2.9828552098852310e+07   5.7149300382566435e-03
  1.4556895152062061e+11   1.7468274182474471e+02   3.4152472449515824e+05   2.9829237637752432e+07   5.6920787415859703e-03
  1.4615670848681326e+11   1.7538805018417591e+02   3.4015909772572498e+05   2.9829920451137152e+07   5.6693182954287496e-03
  1.4674683861189581e+11   1.7609620633427497e+02   3.3879890056479833e+05   2.9830600549717609e+07   5.6466483427466390e-03
  1.4733935147786005e+11   1.7680722177343205e+02   3.3744411167226697e+05   2.9831277944163878e+07   5.6240685278711160e-03
  1.4793425670538824e+11   1.7752110804646588e+02   3.3609470978990803e+05   2.9831952645105060e+07   5.6015784964984668e-03
  1.4853156395400778e+11   1.7823787674480934e+02   3.3475067374109908e+05   2.9832624663129464e+07   5.5791778956849848e-03
  1.4913128292224533e+11   1.7895753950669439e+02   3.3341198243053810e+05   2.9833294008784741e+07   5.5568663738423014e-03
  1.4973342334779114e+11   1.7968010801734937e+02   3.3207861484391015e+05   2.9833960692578059e+07   5.5346435807318356e-03
  1.5033799500764926e+11   1.8040559400917911e+02   3.3075055004761217e+05   2.9834624724976204e+07   5.5125091674602025e-03
  1.5094500771829980e+11   1.8113400926195976e+02   3.2942776718845603e+05   2.9835286116405785e+07   5.4904627864742674e-03
  1.5155447133586221e+11   1.8186536560303466e+02   3.2811024549338140e+05   2.9835944877253316e+07   5.4685040915563570e-03
  1.5216639575624713e+11   1.8259967490749654e+02   3.2679796426915686e+05   2.9836601017865431e+07   5.4466327378192812e-03
  1.5278079091532397e+11   1.8333694909838877e+02   3.2549090290207788e+05   2.9837254548548970e+07   5.4248483817012976e-03
  1.5339766678907974e+11   1.8407720014689568e+02   3.2418904085768602e+05   2.9837905479571164e+07   5.4031506809614337e-03
  1.5401703339377917e+11   1.8482044007253501e+02   3.2289235768049356e+05   2.9838553821159769e+07   5.3815392946748924e-03
  1.5463890078613101e+11   1.8556668094335720e+02   3.2160083299366938e+05   2.9839199583503176e+07   5.3600138832278228e-03
  1.5526327906344955e+11   1.8631593487613947e+02   3.2031444649875618e+05   2.9839842776750635e+07   5.3385741083126033e-03
  1.5589017836381671e+11   1.8706821403658003e+02   3.1903317797539447e+05   2.9840483411012322e+07   5.3172196329232414e-03
  1.5651960886625024e+11   1.8782353063950029e+02   3.1775700728103501e+05   2.9841121496359490e+07   5.2959501213505839e-03
  1.5715158079086734e+11   1.8858189694904081e+02   3.1648591435064224e+05   2.9841757042824693e+07   5.2747652391773705e-03
  1.5778610439904855e+11   1.8934332527885826e+02   3.1521987919641694e+05   2.9842390060401805e+07   5.2536646532736157e-03
  1.5842318999360818e+11   1.9010782799232982e+02   3.1395888190751302e+05   2.9843020559046254e+07   5.2326480317918837e-03
  1.5906284791895987e+11   1.9087541750275184e+02   3.1270290264975850e+05   2.9843648548675135e+07   5.2117150441626419e-03
  1.5970508856128168e+11   1.9164610627353801e+02   3.1145192166537076e+05   2.9844274039167326e+07   5.1908653610895127e-03
  1.6034992234869208e+11   1.9241990681843049e+02   3.1020591927266284e+05   2.9844897040363684e+07   5.1700986545443811e-03
  1.6099735975141074e+11   1.9319683170169287e+02   3.0896487586579006e+05   2.9845517562067118e+07   5.1494145977631677e-03
  1.6164741128193243e+11   1.9397689353831890e+02   3.0772877191445784e+05   2.9846135614042789e+07   5.1288128652409639e-03
  1.6230008749520172e+11   1.9476010499424206e+02   3.0649758796363242e+05   2.9846751206018195e+07   5.1082931327272067e-03
  1.6295539898877576e+11   1.9554647878653091e+02   3.0527130463328172e+05   2.9847364347683381e+07   5.0878550772213618e-03
  1.6361335640300351e+11   1.9633602768360421e+02   3.0404990261809825e+05   2.9847975048690964e+07   5.0674983769683039e-03
  1.6427397042119614e+11   1.9712876450543536e+02   3.0283336268721306e+05   2.9848583318656411e+07   5.0472227114535511e-03
  1.6493725176979816e+11   1.9792470212375778e+02   3.0162166568392480e+05   2.9849189167158056e+07   5.0270277613987469e-03
  1.6560321121856589e+11   1.9872385346227907e+02   3.0041479252541461e+05   2.9849792603737302e+07   5.0069132087569102e-03
  1.6627185958074014e+11   1.9952623149688816e+02   2.9921272420250613e+05   2.9850393637898754e+07   4.9868787367084357e-03
  1.6694320771321976e+11   2.0033184925586369e+02   2.9801544177938427e+05   2.9850992279110320e+07   4.9669240296564042e-03
  1.6761726651674210e+11   2.0114071982009051e+02   2.9682292639330111e+05   2.9851588536803365e+07   4.9470487732216854e-03
  1.6829404693605786e+11   2.0195285632326943e+02   2.9563515925431560e+05   2.9852182420372855e+07   4.9272526542385930e-03
  1.6897355996010687e+11   2.0276827195212823e+02   2.9445212164503860e+05   2.9852773939177494e+07   4.9075353607506431e-03
  1.6965581662220047e+11   2.0358697994664055e+02   2.9327379492036463e+05   2.9853363102539830e+07   4.8878965820060771e-03
  1.7034082800019873e+11   2.0440899360023846e+02   2.9210016050718620e+05   2.9853949919746421e+07   4.8683360084531037e-03
  1.7102860521668750e+11   2.0523432626002500e+02   2.9093119990413688e+05   2.9854534400047947e+07   4.8488533317356149e-03
  1.7171915943916660e+11   2.0606299132699991e+02   2.8976689468131855e+05   2.9855116552659351e+07   4.8294482446886427e-03
  1.7241250188022226e+11   2.0689500225626671e+02   2.8860722648007132e+05   2.9855696386759974e+07   4.8101204413345221e-03
  1.7310864379771310e+11   2.0773037255725572e+02   2.8745217701267428e+05   2.9856273911493678e+07   4.7908696168779043e-03
  1.7380759649495746e+11   2.0856911579394895e+02   2.8630172806208191e+05   2.9856849135968976e+07   4.7716954677013649e-03
  1.7450937132090750e+11   2.0941124558508898e+02   2.8515586148167984e+05   2.9857422069259170e+07   4.7525976913613309e-03
  1.7521397967034137e+11   2.1025677560440963e+02   2.8401455919502681e+05   2.9857992720402498e+07   4.7335759865837802e-03
  1.7592143298404538e+11   2.1110571958085444e+02   2.8287780319557898e+05   2.9858561098402224e+07   4.7146300532596493e-03
  1.7663174274899771e+11   2.1195809129879726e+02   2.8174557554643613e+05   2.9859127212226793e+07   4.6957595924406025e-03
  1.7734492049855896e+11   2.1281390459827074e+02   2.8061785838007944e+05   2.9859691070809979e+07   4.6769643063346578e-03
  1.7806097781265765e+11   2.1367317337518918e+02   2.7949463389813306e+05   2.9860252683050945e+07   4.6582438983022176e-03
  1.7877992631797568e+11   2.1453591158157082e+02   2.7837588437109132e+05   2.9860812057814468e+07   4.6395980728515217e-03
  1.7950177768814175e+11   2.1540213322577009e+02   2.7726159213805862e+05   2.9861369203930985e+07   4.6210265356343106e-03
  1.8022654364391858e+11   2.1627185237270228e+02   2.7615173960650043e+05   2.9861924130196765e+07   4.6025289934416742e-03
  1.8095423595339111e+11   2.1714508314406933e+02   2.7504630925200495e+05   2.9862476845374014e+07   4.5841051542000822e-03
  1.8168486643216193e+11   2.1802183971859429e+02   2.7394528361800726e+05   2.9863027358191013e+07   4.5657547269667880e-03
  1.8241844694354086e+11   2.1890213633224903e+02   2.7284864531554340e+05   2.9863575677342247e+07   4.5474774219257229e-03
  1.8315498939873550e+11   2.1978598727848259e+02   2.7175637702300283e+05   2.9864121811488517e+07   4.5292729503833805e-03
  1.8389450575704904e+11   2.2067340690845884e+02   2.7066846148588334e+05   2.9864665769257069e+07   4.5111410247647222e-03
  1.8463700802607208e+11   2.2156440963128648e+02   2.6958488151652942e+05   2.9865207559241749e+07   4.4930813586088235e-03
  1.8538250826187485e+11   2.2245900991424980e+02   2.6850561999389000e+05   2.9865747190003071e+07   4.4750936665648331e-03
  1.8613101856921094e+11   2.2335722228305312e+02   2.6743065986326261e+05   2.9866284670068391e+07   4.4571776643877103e-03
  1.8688255110170432e+11   2.2425906132204517e+02   2.6635998413606611e+05   2.9866820007931985e+07   4.4393330689344347e-03
  1.8763711806205099e+11   2.2516454167446119e+02   2.6529357588957652e+05   2.9867353212055232e+07   4.4215595981596089e-03
  1.8839473170222186e+11   2.2607367804266622e+02   2.6423141826667677e+05   2.9867884290866680e+07   4.4038569711112793e-03
  1.8915540432365164e+11   2.2698648518838195e+02   2.6317349447563308e+05   2.9868413252762202e+07   4.3862249079272180e-03
  1.8991914827744708e+11   2.2790297793293649e+02   2.6211978778983763e+05   2.9868940106105100e+07   4.3686631298306272e-03
  1.9068597596458435e+11   2.2882317115750121e+02   2.6107028154756458e+05   2.9869464859226234e+07   4.3511713591260761e-03
  1.9145589983610822e+11   2.2974707980332985e+02   2.6002495915173198e+05   2.9869987520424146e+07   4.3337493191955333e-03
  1.9222893239333878e+11   2.3067471887200651e+02   2.5898380406966456e+05   2.9870508097965185e+07   4.3163967344944090e-03
  1.9300508618807205e+11   2.3160610342568646e+02   2.5794679983284621e+05   2.9871026600083597e+07   4.2991133305474369e-03
  1.9378437382278159e+11   2.3254124858733789e+02   2.5691393003668057e+05   2.9871543034981675e+07   4.2818988339446765e-03
  1.9456680795082767e+11   2.3348016954099319e+02   2.5588517834024227e+05   2.9872057410829891e+07   4.2647529723373713e-03
  1.9535240127666049e+11   2.3442288153199257e+02   2.5486052846606149e+05   2.9872569735766985e+07   4.2476754744343584e-03
  1.9614116655602402e+11   2.3536939986722882e+02   2.5383996419988977e+05   2.9873080017900072e+07   4.2306660699981628e-03
  1.9693311659616788e+11   2.3631973991540144e+02   2.5282346939043608e+05   2.9873588265304800e+07   4.2137244898406015e-03
  1.9772826425605295e+11   2.3727391710726351e+02   2.5181102794914070e+05   2.9874094486025449e+07   4.1968504658190121e-03
  1.9852662244655688e+11   2.3823194693586825e+02   2.5080262384994962e+05   2.9874598688075043e+07   4.1800437308324940e-03
  1.9932820413069266e+11   2.3919384495683119e+02   2.4979824112908239e+05   2.9875100879435476e+07   4.1633040188180396e-03
  2.0013302232380856e+11   2.4015962678857025e+02   2.4879786388478935e+05   2.9875601068057623e+07   4.1466310647464890e-03
  2.0094109009380432e+11   2.4112930811256518e+02   2.4780147627711709e+05   2.9876099261861458e+07   4.1300246046186186e-03
  2.0175242056134821e+11   2.4210290467361784e+02   2.4680906252767323e+05   2.9876595468736183e+07   4.1134843754612209e-03
  2.0256702690007947e+11   2.4308043228009535e+02   2.4582060691942877e+05   2.9877089696540304e+07   4.0970101153238129e-03
  2.0338492233683124e+11   2.4406190680419746e+02   2.4483609379645222e+05   2.9877581953101795e+07   4.0806015632742039e-03
  2.0420612015184201e+11   2.4504734418221040e+02   2.4385550756368824e+05   2.9878072246218171e+07   4.0642584593948037e-03
  2.0503063367896881e+11   2.4603676041476257e+02   2.4287883268673322e+05   2.9878560583656654e+07   4.0479805447788874e-03
  2.0585847630590863e+11   2.4703017156709035e+02   2.4190605369161634e+05   2.9879046973154210e+07   4.0317675615269390e-03
  2.0668966147441336e+11   2.4802759376929603e+02   2.4093715516455955e+05   2.9879531422417741e+07   4.0156192527426591e-03
  2.0752420268050549e+11   2.4902904321660657e+02   2.3997212175175521e+05   2.9880013939124141e+07   3.9995353625292534e-03
  2.0836211347470233e+11   2.5003453616964279e+02   2.3901093815913543e+05   2.9880494530920450e+07   3.9835156359855906e-03
  2.0920340746223343e+11   2.5104408895468009e+02   2.3805358915216534e+05   2.9880973205423936e+07   3.9675598192027558e-03
  2.1004809830325900e+11   2.5205771796391079e+02   2.3710005955560732e+05   2.9881449970222216e+07   3.9516676592601220e-03
  2.1089619971309686e+11   2.5307543965571622e+02   2.3615033425329227e+05   2.9881924832873374e+07   3.9358389042215376e-03
  2.1174772546244250e+11   2.5409727055493099e+02   2.3520439818790159e+05   2.9882397800906070e+07   3.9200733031316930e-03
  2.1260268937758920e+11   2.5512322725310702e+02   2.3426223636076119e+05   2.9882868881819639e+07   3.9043706060126865e-03
  2.1346110534066220e+11   2.5615332640879461e+02   2.3332383383159808e+05   2.9883338083084218e+07   3.8887305638599678e-03
  2.1432298728983258e+11   2.5718758474779906e+02   2.3238917571833343e+05   2.9883805412140850e+07   3.8731529286388905e-03
  2.1518834921954907e+11   2.5822601906345886e+02   2.3145824719685831e+05   2.9884270876401588e+07   3.8576374532809719e-03
  2.1605720518077029e+11   2.5926864621692437e+02   2.3053103350082066e+05   2.9884734483249608e+07   3.8421838916803445e-03
  2.1692956928118164e+11   2.6031548313741797e+02   2.2960751992140757e+05   2.9885196240039319e+07   3.8267919986901262e-03
  2.1780545568543402e+11   2.6136654682252083e+02   2.2868769180711935e+05   2.9885656154096454e+07   3.8114615301186559e-03
  2.1868487861537024e+11   2.6242185433844429e+02   2.2777153456355963e+05   2.9886114232718240e+07   3.7961922427259937e-03
  2.1956785235025333e+11   2.6348142282030398e+02   2.2685903365322965e+05   2.9886570483173400e+07   3.7809838942204940e-03
  2.2045439122700369e+11   2.6454526947240441e+02   2.2595017459529798e+05   2.9887024912702370e+07   3.7658362432549664e-03
  2.2134450964042929e+11   2.6561341156851512e+02   2.2504494296539103e+05   2.9887477528517324e+07   3.7507490494231837e-03
  2.2223822204345657e+11   2.6668586645214788e+02   2.2414332439538679e+05   2.9887928337802324e+07   3.7357220732564464e-03
  2.2313554294737067e+11   2.6776265153684477e+02   2.2324530457319904e+05   2.9888377347713422e+07   3.7207550762199840e-03
  2.2403648692204819e+11   2.6884378430645779e+02   2.2235086924256175e+05   2.9888824565378740e+07   3.7058478207093624e-03
  2.2494106859619119e+11   2.6992928231542942e+02   2.2146000420282222e+05   2.9889269997898608e+07   3.6910000700470370e-03
  2.2584930265757001e+11   2.7101916318908400e+02   2.2057269530873362e+05   2.9889713652345654e+07   3.6762115884788936e-03
  2.2676120385325916e+11   2.7211344462391099e+02   2.1968892847024236e+05   2.9890155535764895e+07   3.6614821411707060e-03
  2.2767678698987399e+11   2.7321214438784875e+02   2.1880868965227754e+05   2.9890595655173879e+07   3.6468114942046254e-03
  2.2859606693381659e+11   2.7431528032057992e+02   2.1793196487453592e+05   2.9891034017562751e+07   3.6321994145755987e-03
  2.2951905861151440e+11   2.7542287033381729e+02   2.1705874021128914e+05   2.9891470629894376e+07   3.6176456701881524e-03
  2.3044577700965887e+11   2.7653493241159066e+02   2.1618900179118931e+05   2.9891905499104425e+07   3.6031500298531549e-03
  2.3137623717545908e+11   2.7765148461055088e+02   2.1532273579703018e+05   2.9892338632101510e+07   3.5887122632838366e-03
  2.3231045421687299e+11   2.7877254506024758e+02   2.1445992846556101e+05   2.9892770035767239e+07   3.5743321410926835e-03
  2.3324844330286295e+11   2.7989813196343550e+02   2.1360056608727522e+05   2.9893199716956381e+07   3.5600094347879203e-03
  2.3419021966363840e+11   2.8102826359636606e+02   2.1274463500622430e+05   2.9893627682496905e+07   3.5457439167704049e-03
  2.3513579859090018e+11   2.8216295830908018e+02   2.1189212161979781e+05   2.9894053939190123e+07   3.5315353603299635e-03
  2.3608519543809457e+11   2.8330223452571346e+02   2.1104301237851905e+05   2.9894478493810758e+07   3.5173835396419841e-03
  2.3703842562065982e+11   2.8444611074479178e+02   2.1019729378584638e+05   2.9894901353107095e+07   3.5032882297641064e-03
  2.3799550461627344e+11   2.8559460553952812e+02   2.0935495239799412e+05   2.9895322523801029e+07   3.4892492066332351e-03
  2.3895644796510928e+11   2.8674773755813112e+02   2.0851597482370763e+05   2.9895742012588162e+07   3.4752662470617936e-03
  2.3992127127008713e+11   2.8790552552410452e+02   2.0768034772406801e+05   2.9896159826137986e+07   3.4613391287344670e-03
  2.4088999019712299e+11   2.8906798823654759e+02   2.0684805781229690e+05   2.9896575971093871e+07   3.4474676302049482e-03
  2.4186262047538928e+11   2.9023514457046713e+02   2.0601909185356594e+05   2.9896990454073239e+07   3.4336515308927658e-03
  2.4283917789756750e+11   2.9140701347708097e+02   2.0519343666479047e+05   2.9897403281667624e+07   3.4198906110798413e-03
  2.4381967832010144e+11   2.9258361398412171e+02   2.0437107911443469e+05   2.9897814460442796e+07   3.4061846519072448e-03
  2.4480413766346072e+11   2.9376496519615284e+02   2.0355200612231094e+05   2.9898223996938866e+07   3.3925334353718489e-03
  2.4579257191239633e+11   2.9495108629487561e+02   2.0273620465939949e+05   2.9898631897670325e+07   3.3789367443233247e-03
  2.4678499711619611e+11   2.9614199653943530e+02   2.0192366174764733e+05   2.9899038169126201e+07   3.3653943624607891e-03
  2.4778142938895639e+11   2.9733771526674764e+02   2.0111436445976348e+05   2.9899442817770142e+07   3.3519060743293916e-03
  2.4878188490983063e+11   2.9853826189179676e+02   2.0030829991903735e+05   2.9899845850040503e+07   3.3384716653172891e-03
  2.4978637992329803e+11   2.9974365590795765e+02   1.9950545529915197e+05   2.9900247272350449e+07   3.3250909216525331e-03
  2.5079493073943353e+11   3.0095391688732025e+02   1.9870581782397829e+05   2.9900647091088034e+07   3.3117636303996380e-03
  2.5180755373415930e+11   3.0216906448099115e+02   1.9790937476739378e+05   2.9901045312616322e+07   3.2984895794565630e-03
  2.5282426534952197e+11   3.0338911841942632e+02   1.9711611345308408e+05   2.9901441943273477e+07   3.2852685575514014e-03
  2.5384508209395544e+11   3.0461409851274652e+02   1.9632602125436571e+05   2.9901836989372838e+07   3.2721003542394286e-03
  2.5487002054254578e+11   3.0584402465105489e+02   1.9553908559399052e+05   2.9902230457203019e+07   3.2589847598998418e-03
  2.5589909733730664e+11   3.0707891680476797e+02   1.9475529394395251e+05   2.9902622353028044e+07   3.2459215657325417e-03
  2.5693232918744647e+11   3.0831879502493575e+02   1.9397463382530422e+05   2.9903012683087368e+07   3.2329105637550703e-03
  2.5796973286963644e+11   3.0956367944356373e+02   1.9319709280797912e+05   2.9903401453596026e+07   3.2199515467996520e-03
  2.5901132522828928e+11   3.1081359027394711e+02   1.9242265851059227e+05   2.9903788670744725e+07   3.2070443085098713e-03
  2.6005712317582965e+11   3.1206854781099554e+02   1.9165131860025774e+05   2.9904174340699892e+07   3.1941886433376290e-03
  2.6110714369296558e+11   3.1332857243155865e+02   1.9088306079240871e+05   2.9904558469603814e+07   3.1813843465401453e-03
  2.6216140382897037e+11   3.1459368459476445e+02   1.9011787285061256e+05   2.9904941063574709e+07   3.1686312141768762e-03
  2.6321992070195648e+11   3.1586390484234778e+02   1.8935574258638217e+05   2.9905322128706828e+07   3.1559290431063696e-03
  2.6428271149914911e+11   3.1713925379897893e+02   1.8859665785899785e+05   2.9905701671070520e+07   3.1432776309832976e-03
  2.6534979347717694e+11   3.1841975217261233e+02   1.8784060657532251e+05   2.9906079696712367e+07   3.1306767762553753e-03
  2.6642118396233859e+11   3.1970542075480631e+02   1.8708757668962696e+05   2.9906456211655211e+07   3.1181262781604492e-03
  2.6749690035089014e+11   3.2099628042106815e+02   1.8633755620339929e+05   2.9906831221898325e+07   3.1056259367233216e-03
  2.6857696010933432e+11   3.2229235213120114e+02   1.8559053316515885e+05   2.9907204733417444e+07   3.0931755527526476e-03
  2.6966138077468991e+11   3.2359365692962785e+02   1.8484649567029340e+05   2.9907576752164874e+07   3.0807749278382235e-03
  2.7075017995478842e+11   3.2490021594574608e+02   1.8410543186088468e+05   2.9907947284069583e+07   3.0684238643480782e-03
  2.7184337532855573e+11   3.2621205039426684e+02   1.8336732992550955e+05   2.9908316335037269e+07   3.0561221654251593e-03
  2.7294098464629578e+11   3.2752918157555490e+02   1.8263217809907123e+05   2.9908683910950489e+07   3.0438696349845205e-03
  2.7404302572998535e+11   3.2885163087598238e+02   1.8189996466261832e+05   2.9909050017668720e+07   3.0316660777103053e-03
  2.7514951647356024e+11   3.3017941976827228e+02   1.8117067794318422e+05   2.9909414661028437e+07   3.0195112990530704e-03
  2.7626047484320245e+11   3.3151256981184292e+02   1.8044430631359681e+05   2.9909777846843228e+07   3.0074051052266133e-03
  2.7737591887763849e+11   3.3285110265316615e+02   1.7972083819230093e+05   2.9910139580903877e+07   2.9953473032050155e-03
  2.7849586668842896e+11   3.3419504002611473e+02   1.7900026204318533e+05   2.9910499868978430e+07   2.9833377007197556e-03
  2.7962033646025934e+11   3.3554440375231121e+02   1.7828256637542738e+05   2.9910858716812316e+07   2.9713761062571233e-03
  2.8074934645124200e+11   3.3689921574149037e+02   1.7756773974330036e+05   2.9911216130128372e+07   2.9594623290550063e-03
  2.8188291499320917e+11   3.3825949799185099e+02   1.7685577074600291e+05   2.9911572114627022e+07   2.9475961791000484e-03
  2.8302106049200604e+11   3.3962527259040723e+02   1.7614664802749004e+05   2.9911926675986283e+07   2.9357774671248341e-03
  2.8416380142780249e+11   3.4099656171336295e+02   1.7544036027630456e+05   2.9912279819861878e+07   2.9240060046050761e-03
  2.8531115635537769e+11   3.4237338762645322e+02   1.7473689622540728e+05   2.9912631551887322e+07   2.9122816037567881e-03
  2.8646314390442883e+11   3.4375577268531458e+02   1.7403624465200020e+05   2.9912981877674028e+07   2.9006040775333367e-03
  2.8761978277988019e+11   3.4514373933585620e+02   1.7333839437735308e+05   2.9913330802811351e+07   2.8889732396225514e-03
  2.8878109176217194e+11   3.4653731011460633e+02   1.7264333426665390e+05   2.9913678332866702e+07   2.8773889044442316e-03
  2.8994708970757782e+11   3.4793650764909336e+02   1.7195105322882548e+05   2.9914024473385613e+07   2.8658508871470911e-03
  2.9111779554850671e+11   3.4934135465820805e+02   1.7126154021635797e+05   2.9914369229891848e+07   2.8543590036059661e-03
  2.9229322829380646e+11   3.5075187395256773e+02   1.7057478422514439e+05   2.9914712607887447e+07   2.8429130704190732e-03
  2.9347340702907941e+11   3.5216808843489525e+02   1.6989077429431872e+05   2.9915054612852860e+07   2.8315129049053121e-03
  2.9465835091698932e+11   3.5359002110038716e+02   1.6920949950608521e+05   2.9915395250246983e+07   2.8201583251014203e-03
  2.9584807919756818e+11   3.5501769503708181e+02   1.6853094898555370e+05   2.9915734525507241e+07   2.8088491497592284e-03
  2.9704261118853638e+11   3.5645113342624364e+02   1.6785511190057124e+05   2.9916072444049735e+07   2.7975851983428539e-03
  2.9824196628561261e+11   3.5789035954273510e+02   1.6718197746156782e+05   2.9916409011269238e+07   2.7863662910261305e-03
  2.9944616396282489e+11   3.5933539675538987e+02   1.6651153492138817e+05   2.9916744232539330e+07   2.7751922486898028e-03
  3.0065522377283447e+11   3.6078626852740138e+02   1.6584377357512387e+05   2.9917078113212463e+07   2.7640628929187310e-03
  3.0186916534724939e+11   3.6224299841669927e+02   1.6517868275995413e+05   2.9917410658620041e+07   2.7529780459992353e-03
  3.0308800839693964e+11   3.6370561007632756e+02   1.6451625185499270e+05   2.9917741874072526e+07   2.7419375309165449e-03
  3.0431177271236456e+11   3.6517412725483746e+02   1.6385647028111544e+05   2.9918071764859464e+07   2.7309411713519242e-03
  3.0554047816389056e+11   3.6664857379666864e+02   1.6319932750080223e+05   2.9918400336249620e+07   2.7199887916800371e-03
  3.0677414470210858e+11   3.6812897364253030e+02   1.6254481301798148e+05   2.9918727593491025e+07   2.7090802169663581e-03
  3.0801279235817212e+11   3.6961535082980652e+02   1.6189291637786763e+05   2.9919053541811086e+07   2.6982152729644604e-03
  3.0925644124410571e+11   3.7110772949292686e+02   1.6124362716680462e+05   2.9919378186416619e+07   2.6873937861134102e-03
  3.1050511155313959e+11   3.7260613386376747e+02   1.6059693501210472e+05   2.9919701532493971e+07   2.6766155835350786e-03
  3.1175882356004456e+11   3.7411058827205346e+02   1.5995282958189151e+05   2.9920023585209075e+07   2.6658804930315251e-03
  3.1301759762144513e+11   3.7562111714573416e+02   1.5931130058495057e+05   2.9920344349707544e+07   2.6551883430825096e-03
  3.1428145417616400e+11   3.7713774501139676e+02   1.5867233777056015e+05   2.9920663831114739e+07   2.6445389628426690e-03
  3.1555041374554865e+11   3.7866049649465833e+02   1.5803593092833736e+05   2.9920982034535855e+07   2.6339321821389561e-03
  3.1682449693380084e+11   3.8018939632056100e+02   1.5740206988808891e+05   2.9921298965055980e+07   2.6233678314681484e-03
  3.1810372442831873e+11   3.8172446931398247e+02   1.5677074451966648e+05   2.9921614627740189e+07   2.6128457419944415e-03
  3.1938811700002917e+11   3.8326574040003499e+02   1.5614194473279308e+05   2.9921929027633622e+07   2.6023657455465513e-03
  3.2067769550372076e+11   3.8481323460446492e+02   1.5551566047691679e+05   2.9922242169761568e+07   2.5919276746152798e-03
  3.2197248087839056e+11   3.8636697705406868e+02   1.5489188174105412e+05   2.9922554059129488e+07   2.5815313623509021e-03
  3.2327249414757996e+11   3.8792699297709595e+02   1.5427059855365142e+05   2.9922864700723190e+07   2.5711766425608571e-03
  3.2457775641971222e+11   3.8949330770365464e+02   1.5365180098242167e+05   2.9923174099508807e+07   2.5608633497070277e-03
  3.2588828888844293e+11   3.9106594666613148e+02   1.5303547913418952e+05   2.9923482260432921e+07   2.5505913189031587e-03
  3.2720411283300055e+11   3.9264493539960063e+02   1.5242162315474218e+05   2.9923789188422650e+07   2.5403603859123695e-03
  3.2852524961852618e+11   3.9423029954223142e+02   1.5181022322869525e+05   2.9924094888385676e+07   2.5301703871449207e-03
  3.2985172069643530e+11   3.9582206483572236e+02   1.5120126957932493e+05   2.9924399365210358e+07   2.5200211596554155e-03
  3.3118354760474890e+11   3.9742025712569864e+02   1.5059475246842537e+05   2.9924702623765804e+07   2.5099125411404228e-03
  3.3252075196845081e+11   3.9902490236214095e+02   1.4999066219615692e+05   2.9925004668901943e+07   2.4998443699359488e-03
  3.3386335549984735e+11   4.0063602659981683e+02   1.4938898910090298e+05   2.9925305505449567e+07   2.4898164850150496e-03
  3.3521137999890192e+11   4.0225365599868229e+02   1.4878972355912448e+05   2.9925605138220455e+07   2.4798287259854080e-03
  3.3656484735360425e+11   4.0387781682432507e+02   1.4819285598520376e+05   2.9925903572007414e+07   2.4698809330867292e-03
  3.3792377954032007e+11   4.0550853544838407e+02   1.4759837683130027e+05   2.9926200811584368e+07   2.4599729471883377e-03
  3.3928819862414398e+11   4.0714583834897275e+02   1.4700627658721519e+05   2.9926496861706410e+07   2.4501046097869200e-03
  3.4065812675926587e+11   4.0878975211111901e+02   1.4641654578023753e+05   2.9926791727109902e+07   2.4402757630039591e-03
  3.4203358618932666e+11   4.1044030342719196e+02   1.4582917497499785e+05   2.9927085412512518e+07   2.4304862495832975e-03
  3.4341459924777515e+11   4.1209751909733018e+02   1.4524415477332615e+05   2.9927377922613360e+07   2.4207359128887692e-03
  3.4480118835823901e+11   4.1376142602988682e+02   1.4466147581411185e+05   2.9927669262092963e+07   2.4110245969018642e-03
  3.4619337603488483e+11   4.1543205124186176e+02   1.4408112877315766e+05   2.9927959435613442e+07   2.4013521462192943e-03
  3.4759118488277936e+11   4.1710942185933521e+02   1.4350310436303649e+05   2.9928248447818503e+07   2.3917184060506082e-03
  3.4899463759826495e+11   4.1879356511791792e+02   1.4292739333294609e+05   2.9928536303333547e+07   2.3821232222157682e-03
  3.5040375696932404e+11   4.2048450836318881e+02   1.4235398646857587e+05   2.9928823006765734e+07   2.3725664411429312e-03
  3.5181856587594324e+11   4.2218227905113184e+02   1.4178287459196258e+05   2.9929108562704038e+07   2.3630479098660428e-03
  3.5323908729050055e+11   4.2388690474860061e+02   1.4121404856134276e+05   2.9929392975719351e+07   2.3535674760223795e-03
  3.5466534427812012e+11   4.2559841313374415e+02   1.4064749927102035e+05   2.9929676250364508e+07   2.3441249878503392e-03
  3.5609735999705475e+11   4.2731683199646568e+02   1.4008321765122967e+05   2.9929958391174406e+07   2.3347202941871614e-03
  3.5753515769907123e+11   4.2904218923888544e+02   1.3952119466798703e+05   2.9930239402666029e+07   2.3253532444664506e-03
  3.5897876072980847e+11   4.3077451287577014e+02   1.3896142132295974e+05   2.9930519289338540e+07   2.3160236887159956e-03
  3.6042819252917303e+11   4.3251383103500763e+02   1.3840388865332311e+05   2.9930798055673361e+07   2.3067314775553852e-03
  3.6188347663171362e+11   4.3426017195805633e+02   1.3784858773162920e+05   2.9931075706134208e+07   2.2974764621938202e-03
  3.6334463666699884e+11   4.3601356400039856e+02   1.3729550966566603e+05   2.9931352245167192e+07   2.2882584944277670e-03
  3.6481169636000977e+11   4.3777403563201170e+02   1.3674464559831843e+05   2.9931627677200869e+07   2.2790774266386407e-03
  3.6628467953152075e+11   4.3954161543782487e+02   1.3619598670743741e+05   2.9931902006646305e+07   2.2699331117906232e-03
  3.6776361009848163e+11   4.4131633211817791e+02   1.3564952420570634e+05   2.9932175237897173e+07   2.2608254034284393e-03
  3.6924851207441516e+11   4.4309821448929819e+02   1.3510524934049739e+05   2.9932447375329774e+07   2.2517541556749568e-03
  3.7073940956980231e+11   4.4488729148376274e+02   1.3456315339373870e+05   2.9932718423303157e+07   2.2427192232289785e-03
  3.7223632679246930e+11   4.4668359215096314e+02   1.3402322768178425e+05   2.9932988386159129e+07   2.2337204613630708e-03
  3.7373928804798981e+11   4.4848714565758775e+02   1.3348546355529039e+05   2.9933257268222377e+07   2.2247577259215064e-03
  3.7524831774007489e+11   4.5029798128808983e+02   1.3294985239906644e+05   2.9933525073800489e+07   2.2158308733177738e-03
  3.7676344037096478e+11   4.5211612844515770e+02   1.3241638563194769e+05   2.9933791807184044e+07   2.2069397605324614e-03
  3.7828468054183575e+11   4.5394161665020289e+02   1.3188505470666059e+05   2.9934057472646695e+07   2.1980842451110099e-03
  3.7981206295319531e+11   4.5577447554383434e+02   1.3135585110970290e+05   2.9934322074445169e+07   2.1892641851617147e-03
  3.8134561240527673e+11   4.5761473488633203e+02   1.3082876636120425e+05   2.9934585616819423e+07   2.1804794393534043e-03
  3.8288535379845892e+11   4.5946242455815070e+02   1.3030379201478983e+05   2.9934848103992630e+07   2.1717298669131639e-03
  3.8443131213364899e+11   4.6131757456037877e+02   1.2978091965745711e+05   2.9935109540171295e+07   2.1630153276242852e-03
  3.8598351251270526e+11   4.6318021501524629e+02   1.2926014090945182e+05   2.9935369929545294e+07   2.1543356818241968e-03
  3.8754198013883875e+11   4.6505037616660650e+02   1.2874144742413287e+05   2.9935629276287958e+07   2.1456907904022146e-03
  3.8910674031701746e+11   4.6692808838042095e+02   1.2822483088784294e+05   2.9935887584556103e+07   2.1370805147973822e-03
  3.9067781845438690e+11   4.6881338214526426e+02   1.2771028301977787e+05   2.9936144858490132e+07   2.1285047169962977e-03
  3.9225524006067780e+11   4.7070628807281332e+02   1.2719779557186752e+05   2.9936401102214087e+07   2.1199632595311252e-03
  3.9383903074861566e+11   4.7260683689833877e+02   1.2668736032864648e+05   2.9936656319835696e+07   2.1114560054774413e-03
  3.9542921623434589e+11   4.7451505948121502e+02   1.2617896910712097e+05   2.9936910515446465e+07   2.1029828184520160e-03
  3.9702582233784692e+11   4.7643098680541630e+02   1.2567261375664458e+05   2.9937163693121694e+07   2.0945435626107431e-03
  3.9862887498334442e+11   4.7835464998001328e+02   1.2516828615880074e+05   2.9937415856920622e+07   2.0861381026466789e-03
  4.0023840019974207e+11   4.8028608023969048e+02   1.2466597822727129e+05   2.9937667010886390e+07   2.0777663037878547e-03
  4.0185442412103900e+11   4.8222530894524675e+02   1.2416568190770980e+05   2.9937917159046162e+07   2.0694280317951636e-03
  4.0347697298674963e+11   4.8417236758409956e+02   1.2366738917761938e+05   2.9938166305411208e+07   2.0611231529603230e-03
  4.0510607314233942e+11   4.8612728777080730e+02   1.2317109204623140e+05   2.9938414453976907e+07   2.0528515341038567e-03
  4.0674175103964758e+11   4.8809010124757708e+02   1.2267678255438060e+05   2.9938661608722828e+07   2.0446130425730100e-03
  4.0838403323731006e+11   4.9006083988477207e+02   1.2218445277438172e+05   2.9938907773612827e+07   2.0364075462396955e-03
  4.1003294640120898e+11   4.9203953568145073e+02   1.2169409480990202e+05   2.9939152952595070e+07   2.0282349134983671e-03
  4.1168851730488422e+11   4.9402622076586101e+02   1.2120570079585104e+05   2.9939397149602100e+07   2.0200950132641840e-03
  4.1335077282997772e+11   4.9602092739597322e+02   1.2071926289825227e+05   2.9939640368550893e+07   2.0119877149708714e-03
  4.1501973996668042e+11   4.9802368796001650e+02   1.2023477331411777e+05   2.9939882613342963e+07   2.0039128885686298e-03
  4.1669544581414832e+11   5.0003453497697797e+02   1.1975222427133452e+05   2.9940123887864355e+07   1.9958704045222419e-03
  4.1837791758096136e+11   5.0205350109715363e+02   1.1927160802854355e+05   2.9940364195985746e+07   1.9878601338090590e-03
  4.2006718258555817e+11   5.0408061910266980e+02   1.1879291687501778e+05   2.9940603541562513e+07   1.9798819479169630e-03
  4.2176326825667468e+11   5.0611592190800957e+02   1.1831614313054380e+05   2.9940841928434752e+07   1.9719357188423968e-03
  4.2346620213379968e+11   5.0815944256055957e+02   1.1784127914530122e+05   2.9941079360427368e+07   1.9640213190883537e-03
  4.2517601186761700e+11   5.1021121424114040e+02   1.1736831729974928e+05   2.9941315841350146e+07   1.9561386216624880e-03
  4.2689272522044897e+11   5.1227127026453877e+02   1.1689725000450569e+05   2.9941551374997769e+07   1.9482875000750950e-03
  4.2861637006671783e+11   5.1433964408006136e+02   1.1642806970022693e+05   2.9941785965149906e+07   1.9404678283371155e-03
  4.3034697439339319e+11   5.1641636927207185e+02   1.1596076885749522e+05   2.9942019615571279e+07   1.9326794809582536e-03
  4.3208456630044086e+11   5.1850147956052899e+02   1.1549533997670402e+05   2.9942252330011673e+07   1.9249223329450671e-03
  4.3382917400128998e+11   5.2059500880154792e+02   1.1503177558793437e+05   2.9942484112206053e+07   1.9171962597989063e-03
  4.3558082582328583e+11   5.2269699098794297e+02   1.1457006825084030e+05   2.9942714965874605e+07   1.9095011375140050e-03
  4.3733955020814240e+11   5.2480746024977088e+02   1.1411021055453701e+05   2.9942944894722756e+07   1.9018368425756170e-03
  4.3910537571242407e+11   5.2692645085490881e+02   1.1365219511749275e+05   2.9943173902441282e+07   1.8942032519582124e-03
  4.4087833100798596e+11   5.2905399720958314e+02   1.1319601458740493e+05   2.9943401992706321e+07   1.8866002431234155e-03
  4.4265844488245020e+11   5.3119013385894016e+02   1.1274166164108666e+05   2.9943629169179477e+07   1.8790276940181109e-03
  4.4444574623968414e+11   5.3333489548762100e+02   1.1228912898435025e+05   2.9943855435507853e+07   1.8714854830725041e-03
  4.4624026410024634e+11   5.3548831692029557e+02   1.1183840935190889e+05   2.9944080795324069e+07   1.8639734891984815e-03
  4.4804202760187744e+11   5.3765043312225293e+02   1.1138949550725032e+05   2.9944305252246402e+07   1.8564915917875053e-03
  4.4985106599996637e+11   5.3982127919995958e+02   1.1094238024252591e+05   2.9944528809878759e+07   1.8490396707087650e-03
  4.5166740866801959e+11   5.4200089040162345e+02   1.1049705637843965e+05   2.9944751471810799e+07   1.8416176063073275e-03
  4.5349108509814899e+11   5.4418930211777877e+02   1.1005351676414325e+05   2.9944973241617955e+07   1.8342252794023874e-03
  4.5532212490154565e+11   5.4638654988185476e+02   1.0961175427712050e+05   2.9945194122861464e+07   1.8268625712853418e-03
  4.5716055780895453e+11   5.4859266937074540e+02   1.0917176182307533e+05   2.9945414119088490e+07   1.8195293637179222e-03
  4.5900641367116882e+11   5.5080769640540257e+02   1.0873353233581952e+05   2.9945633233832113e+07   1.8122255389303253e-03
  4.6085972245950885e+11   5.5303166695141056e+02   1.0829705877716985e+05   2.9945851470611438e+07   1.8049509796194975e-03
  4.6272051426630298e+11   5.5526461711956358e+02   1.0786233413683770e+05   2.9946068832931604e+07   1.7977055689472950e-03
  4.6458881930538776e+11   5.5750658316646525e+02   1.0742935143231406e+05   2.9946285324283872e+07   1.7904891905385675e-03
  4.6646466791259271e+11   5.5975760149511120e+02   1.0699810370876272e+05   2.9946500948145635e+07   1.7833017284793788e-03
  4.6834809054622711e+11   5.6201770865547246e+02   1.0656858403891882e+05   2.9946715707980566e+07   1.7761430673153137e-03
  4.7023911778758612e+11   5.6428694134510329e+02   1.0614078552297672e+05   2.9946929607238539e+07   1.7690130920496119e-03
  4.7213778034144171e+11   5.6656533640972998e+02   1.0571470128848030e+05   2.9947142649355784e+07   1.7619116881413383e-03
  4.7404410903653314e+11   5.6885293084383977e+02   1.0529032449021869e+05   2.9947354837754909e+07   1.7548387415036448e-03
  4.7595813482608911e+11   5.7114976179130690e+02   1.0486764831011932e+05   2.9947566175844960e+07   1.7477941385019885e-03
  4.7787988878830316e+11   5.7345586654596377e+02   1.0444666595714605e+05   2.9947776667021446e+07   1.7407777659524341e-03
  4.7980940212685944e+11   5.7577128255223124e+02   1.0402737066718611e+05   2.9947986314666431e+07   1.7337895111197686e-03
  4.8174670617143195e+11   5.7809604740571831e+02   1.0360975570294706e+05   2.9948195122148547e+07   1.7268292617157843e-03
  4.8369183237818701e+11   5.8043019885382444e+02   1.0319381435385754e+05   2.9948403092823096e+07   1.7198969058976256e-03
  4.8564481233030609e+11   5.8277377479636732e+02   1.0277953993595733e+05   2.9948610230032045e+07   1.7129923322659556e-03
  4.8760567773849249e+11   5.8512681328619101e+02   1.0236692579179330e+05   2.9948816537104130e+07   1.7061154298632216e-03
  4.8957446044148041e+11   5.8748935252977651e+02   1.0195596529031706e+05   2.9949022017354861e+07   1.6992660881719511e-03
  4.9155119240656378e+11   5.8986143088787651e+02   1.0154665182678361e+05   2.9949226674086634e+07   1.6924441971130602e-03
  4.9353590573010950e+11   5.9224308687613131e+02   1.0113897882264591e+05   2.9949430510588698e+07   1.6856496470440984e-03
  4.9552863263807227e+11   5.9463435916568665e+02   1.0073293972545296e+05   2.9949633530137293e+07   1.6788823287575494e-03
  4.9752940548653015e+11   5.9703528658383618e+02   1.0032852800874635e+05   2.9949835735995650e+07   1.6721421334791057e-03
  4.9953825676220392e+11   5.9944590811464468e+02   9.9925737171962697e+04   2.9950037131414041e+07   1.6654289528660450e-03
  5.0155521908297827e+11   6.0186626289957394e+02   9.9524560740329631e+04   2.9950237719629858e+07   1.6587426790054939e-03
  5.0358032519844366e+11   6.0429639023813240e+02   9.9124992264762812e+04   2.9950437503867645e+07   1.6520832044127135e-03
  5.0561360799042230e+11   6.0673632958850669e+02   9.8727025321768684e+04   2.9950636487339143e+07   1.6454504220294781e-03
  5.0765510047349323e+11   6.0918612056819188e+02   9.8330653513346842e+04   2.9950834673243351e+07   1.6388442252224474e-03
  5.0970483579555164e+11   6.1164580295466192e+02   9.7935870466881548e+04   2.9951032064766586e+07   1.6322645077813591e-03
  5.1176284723831995e+11   6.1411541668598386e+02   9.7542669835047258e+04   2.9951228665082496e+07   1.6257111639174542e-03
  5.1382916821790045e+11   6.1659500186148057e+02   9.7151045295708522e+04   2.9951424477352168e+07   1.6191840882618087e-03
  5.1590383228533087e+11   6.1908459874239702e+02   9.6760990551828916e+04   2.9951619504724111e+07   1.6126831758638152e-03
  5.1798687312710150e+11   6.2158424775252172e+02   9.6372499331365165e+04   2.9951813750334341e+07   1.6062083221894195e-03
  5.2007832456572559e+11   6.2409398947887064e+02   9.5985565387167255e+04   2.9952007217306443e+07   1.5997594231194543e-03
  5.2217822056027985e+11   6.2661386467233581e+02   9.5600182496882378e+04   2.9952199908751585e+07   1.5933363749480397e-03
  5.2428659520694971e+11   6.2914391424833957e+02   9.5216344462866284e+04   2.9952391827768587e+07   1.5869390743811047e-03
  5.2640348273959540e+11   6.3168417928751444e+02   9.4834045112077292e+04   2.9952582977443986e+07   1.5805674185346216e-03
  5.2852891753030182e+11   6.3423470103636214e+02   9.4453278295980213e+04   2.9952773360852040e+07   1.5742213049330035e-03
  5.3066293408992981e+11   6.3679552090791572e+02   9.4074037890451145e+04   2.9952962981054801e+07   1.5679006315075191e-03
  5.3280556706868976e+11   6.3936668048242768e+02   9.3696317795686948e+04   2.9953151841102187e+07   1.5616052965947826e-03
  5.3495685125669739e+11   6.4194822150803680e+02   9.3320111936106769e+04   2.9953339944031972e+07   1.5553351989351129e-03
  5.3711682158453247e+11   6.4454018590143892e+02   9.2945414260255100e+04   2.9953527292869899e+07   1.5490902376709182e-03
  5.3928551312381891e+11   6.4714261574858267e+02   9.2572218740705881e+04   2.9953713890629672e+07   1.5428703123450979e-03
  5.4146296108778748e+11   6.4975555330534496e+02   9.2200519373973730e+04   2.9953899740313038e+07   1.5366753228995621e-03
  5.4364920083183923e+11   6.5237904099820707e+02   9.1830310180419809e+04   2.9954084844909817e+07   1.5305051696736635e-03
  5.4584426785414337e+11   6.5501312142497204e+02   9.1461585204151183e+04   2.9954269207397949e+07   1.5243597534025197e-03
  5.4804819779618512e+11   6.5765783735542209e+02   9.1094338512932867e+04   2.9954452830743562e+07   1.5182389752155477e-03
  5.5026102644335767e+11   6.6031323173202918e+02   9.0728564198096938e+04   2.9954635717900980e+07   1.5121427366349490e-03
  5.5248278972555676e+11   6.6297934767066806e+02   9.0364256374446864e+04   2.9954817871812806e+07   1.5060709395741145e-03
  5.5471352371773462e+11   6.6565622846128156e+02   9.0001409180166796e+04   2.9954999295409944e+07   1.5000234863361134e-03
  5.5695326464051086e+11   6.6834391756861305e+02   8.9640016776726305e+04   2.9955179991611660e+07   1.4940002796121051e-03
  5.5920204886075146e+11   6.7104245863290168e+02   8.9280073348794191e+04   2.9955359963325635e+07   1.4880012224799031e-03
  5.6145991289215198e+11   6.7375189547058233e+02   8.8921573104147174e+04   2.9955539213447955e+07   1.4820262184024528e-03
  5.6372689339584497e+11   6.7647227207501396e+02   8.8564510273574488e+04   2.9955717744863242e+07   1.4760751712262414e-03
  5.6600302718098767e+11   6.7920363261718512e+02   8.8208879110789057e+04   2.9955895560444631e+07   1.4701479851798177e-03
  5.6828835120535303e+11   6.8194602144642363e+02   8.7854673892342282e+04   2.9956072663053855e+07   1.4642445648723713e-03
  5.7058290257594373e+11   6.8469948309113249e+02   8.7501888917529854e+04   2.9956249055541262e+07   1.4583648152921643e-03
  5.7288671854958740e+11   6.8746406225950489e+02   8.7150518508302222e+04   2.9956424740745872e+07   1.4525086418050370e-03
  5.7519983653353516e+11   6.9023980384024219e+02   8.6800557009176875e+04   2.9956599721495442e+07   1.4466759501529480e-03
  5.7752229408608240e+11   6.9302675290329887e+02   8.6451998787151228e+04   2.9956774000606459e+07   1.4408666464525205e-03
  5.7985412891717224e+11   6.9582495470060667e+02   8.6104838231612201e+04   2.9956947580884218e+07   1.4350806371935367e-03
  5.8219537888899744e+11   6.9863445466679684e+02   8.5759069754249344e+04   2.9957120465122901e+07   1.4293178292374890e-03
  5.8454608201664246e+11   7.0145529841997086e+02   8.5414687788963725e+04   2.9957292656105548e+07   1.4235781298160622e-03
  5.8690627646866870e+11   7.0428753176240241e+02   8.5071686791788277e+04   2.9957464156604134e+07   1.4178614465298045e-03
  5.8927600056774915e+11   7.0713120068129899e+02   8.4730061240795141e+04   2.9957634969379634e+07   1.4121676873465857e-03
  5.9165529279130505e+11   7.0998635134956601e+02   8.4389805636007251e+04   2.9957805097182024e+07   1.4064967606001208e-03
  5.9404419177209888e+11   7.1285303012651866e+02   8.4050914499318358e+04   2.9957974542750366e+07   1.4008485749886393e-03
  5.9644273629888879e+11   7.1573128355866652e+02   8.3713382374404275e+04   2.9958143308812827e+07   1.3952230395734046e-03
  5.9885096531704846e+11   7.1862115838045816e+02   8.3377203826634737e+04   2.9958311398086715e+07   1.3896200637772457e-03
  6.0126891792919202e+11   7.2152270151503035e+02   8.3042373442989134e+04   2.9958478813278530e+07   1.3840395573831523e-03
  6.0369663339582385e+11   7.2443596007498854e+02   8.2708885831970285e+04   2.9958645557084046e+07   1.3784814305328381e-03
  6.0613415113596875e+11   7.2736098136316241e+02   8.2376735623529574e+04   2.9958811632188261e+07   1.3729455937254928e-03
  6.0858151072780432e+11   7.3029781287336516e+02   8.2045917468972839e+04   2.9958977041265544e+07   1.3674319578162140e-03
  6.1103875190931848e+11   7.3324650229118220e+02   8.1716426040876264e+04   2.9959141786979586e+07   1.3619404340146045e-03
  6.1350591457894763e+11   7.3620709749473713e+02   8.1388256033003534e+04   2.9959305871983524e+07   1.3564709338833923e-03
  6.1598303879621643e+11   7.3917964655545973e+02   8.1061402160229787e+04   2.9959469298919912e+07   1.3510233693371631e-03
  6.1847016478240381e+11   7.4216419773888458e+02   8.0735859158451014e+04   2.9959632070420805e+07   1.3455976526408502e-03
  6.2096733292118823e+11   7.4516079950542587e+02   8.0411621784501272e+04   2.9959794189107776e+07   1.3401936964083545e-03
  6.2347458375929565e+11   7.4816950051115475e+02   8.0088684816071254e+04   2.9959955657591987e+07   1.3348114136011876e-03
  6.2599195800717346e+11   7.5119034960860813e+02   7.9767043051630419e+04   2.9960116478474211e+07   1.3294507175271736e-03
  6.2851949653964380e+11   7.5422339584757253e+02   7.9446691310342721e+04   2.9960276654344853e+07   1.3241115218390453e-03
  6.3105724039655652e+11   7.5726868847586775e+02   7.9127624431983859e+04   2.9960436187784035e+07   1.3187937405330643e-03
  6.3360523078348474e+11   7.6032627694018163e+02   7.8809837276857128e+04   2.9960595081361596e+07   1.3134972879476187e-03
  6.3616350907235693e+11   7.6339621088682827e+02   7.8493324725721031e+04   2.9960753337637164e+07   1.3082220787620173e-03
  6.3873211680215759e+11   7.6647854016258907e+02   7.8178081679703741e+04   2.9960910959160171e+07   1.3029680279950623e-03
  6.4131109567959106e+11   7.6957331481550921e+02   7.7864103060221532e+04   2.9961067948469914e+07   1.2977350510036921e-03
  6.4390048757975134e+11   7.7268058509570153e+02   7.7551383808900195e+04   2.9961224308095571e+07   1.2925230634816699e-03
  6.4650033454681726e+11   7.7580040145618068e+02   7.7239918887496970e+04   2.9961380040556278e+07   1.2873319814582828e-03
  6.4911067879472729e+11   7.7893281455367276e+02   7.6929703277821682e+04   2.9961535148361117e+07   1.2821617212970279e-03
  6.5173156270785754e+11   7.8207787524942898e+02   7.6620731981655379e+04   2.9961689634009197e+07   1.2770121996942563e-03
  6.5436302884172546e+11   7.8523563461007052e+02   7.6313000020670617e+04   2.9961843499989685e+07   1.2718833336778435e-03
  6.5700511992367261e+11   7.8840614390840710e+02   7.6006502436357056e+04   2.9961996748781849e+07   1.2667750406059508e-03
  6.5965787885355103e+11   7.9158945462426118e+02   7.5701234289943066e+04   2.9962149382855054e+07   1.2616872381657177e-03
  6.6232134870443555e+11   7.9478561844532260e+02   7.5397190662314097e+04   2.9962301404668868e+07   1.2566198443719017e-03
  6.6499557272331494e+11   7.9799468726797784e+02   7.5094366653936668e+04   2.9962452816673055e+07   1.2515727775656111e-03
  6.6768059433178638e+11   8.0121671319814357e+02   7.4792757384784840e+04   2.9962603621307634e+07   1.2465459564130806e-03
  6.7037645712677649e+11   8.0445174855213179e+02   7.4492357994259961e+04   2.9962753821002893e+07   1.2415392999043328e-03
  6.7308320488124109e+11   8.0769984585748932e+02   7.4193163641113599e+04   2.9962903418179471e+07   1.2365527273518933e-03
  6.7580088154486523e+11   8.1096105785383827e+02   7.3895169503372861e+04   2.9963052415248334e+07   1.2315861583895476e-03
  6.7852953124480664e+11   8.1423543749376790e+02   7.3598370778264041e+04   2.9963200814610895e+07   1.2266395129710674e-03
  6.8126919828637683e+11   8.1752303794365218e+02   7.3302762682138229e+04   2.9963348618658960e+07   1.2217127113689705e-03
  6.8401992715377661e+11   8.2082391258453185e+02   7.3008340450393764e+04   2.9963495829774827e+07   1.2168056741732295e-03
  6.8678176251083533e+11   8.2413811501300233e+02   7.2715099337399835e+04   2.9963642450331330e+07   1.2119183222899972e-03
  6.8955474920170007e+11   8.2746569904204000e+02   7.2423034616427758e+04   2.9963788482691813e+07   1.2070505769404627e-03
  6.9233893225159387e+11   8.3080671870191259e+02   7.2132141579570583e+04   2.9963933929210238e+07   1.2022023596595097e-03
  6.9513435686753625e+11   8.3416122824104343e+02   7.1842415537670066e+04   2.9964078792231187e+07   1.1973735922945010e-03
  6.9794106843906836e+11   8.3752928212688198e+02   7.1553851820245138e+04   2.9964223074089900e+07   1.1925641970040857e-03
  7.0075911253900745e+11   8.4091093504680885e+02   7.1266445775417349e+04   2.9964366777112316e+07   1.1877740962569559e-03
  7.0358853492417761e+11   8.4430624190901312e+02   7.0980192769835005e+04   2.9964509903615106e+07   1.1830032128305834e-03
  7.0642938153614478e+11   8.4771525784337371e+02   7.0695088188601090e+04   2.9964652455905724e+07   1.1782514698100181e-03
  7.0928169850197949e+11   8.5113803820237536e+02   7.0411127435199189e+04   2.9964794436282426e+07   1.1735187905866531e-03
  7.1214553213499744e+11   8.5457463856199684e+02   7.0128305931429393e+04   2.9964935847034313e+07   1.1688050988571566e-03
  7.1502092893550281e+11   8.5802511472260335e+02   6.9846619117327835e+04   2.9965076690441363e+07   1.1641103186221305e-03
  7.1790793559156055e+11   8.6148952270987263e+02   6.9566062451094360e+04   2.9965216968774475e+07   1.1594343741849059e-03
  7.2080659897974585e+11   8.6496791877569501e+02   6.9286631409021604e+04   2.9965356684295516e+07   1.1547771901503601e-03
  7.2371696616589355e+11   8.6846035939907222e+02   6.9008321485430308e+04   2.9965495839257311e+07   1.1501386914238385e-03
  7.2663908440589465e+11   8.7196690128707360e+02   6.8731128192589982e+04   2.9965634435903732e+07   1.1455188032098329e-03
  7.2957300114642542e+11   8.7548760137571048e+02   6.8455047060651093e+04   2.9965772476469703e+07   1.1409174510108515e-03
  7.3251876402573486e+11   8.7902251683088184e+02   6.8180073637572597e+04   2.9965909963181239e+07   1.1363345606262099e-03
  7.3547642087443726e+11   8.8257170504932469e+02   6.7906203489055129e+04   2.9966046898255497e+07   1.1317700581509188e-03
  7.3844601971624902e+11   8.8613522365949882e+02   6.7633432198471914e+04   2.9966183283900790e+07   1.1272238699745320e-03
  7.4142760876880176e+11   8.8971313052256210e+02   6.7361755366793339e+04   2.9966319122316629e+07   1.1226959227798889e-03
  7.4442123644441309e+11   8.9330548373329566e+02   6.7091168612519396e+04   2.9966454415693767e+07   1.1181861435419899e-03
  7.4742695135086389e+11   8.9691234162103660e+02   6.6821667571614249e+04   2.9966589166214220e+07   1.1136944595269041e-03
  7.5044480229220544e+11   9.0053376275064647e+02   6.6553247897434572e+04   2.9966723376051310e+07   1.1092207982905762e-03
  7.5347483826954272e+11   9.0416980592345124e+02   6.6285905260659478e+04   2.9966857047369704e+07   1.1047650876776581e-03
  7.5651710848182129e+11   9.0782053017818555e+02   6.6019635349222925e+04   2.9966990182325412e+07   1.1003272558203821e-03
  7.5957166232664392e+11   9.1148599479197264e+02   6.5754433868247230e+04   2.9967122783065904e+07   1.0959072311374539e-03
  7.6263854940106396e+11   9.1516625928127667e+02   6.5490296539974966e+04   2.9967254851730041e+07   1.0915049423329162e-03
  7.6571781950238110e+11   9.1886138340285731e+02   6.5227219103699950e+04   2.9967386390448179e+07   1.0871203183949992e-03
  7.6880952262896851e+11   9.2257142715476220e+02   6.4965197315698446e+04   2.9967517401342183e+07   1.0827532885949742e-03
  7.7191370898107581e+11   9.2629645077729094e+02   6.4704226949165612e+04   2.9967647886525445e+07   1.0784037824860936e-03
  7.7503042896163403e+11   9.3003651475396077e+02   6.4444303794148444e+04   2.9967777848102953e+07   1.0740717299024740e-03
  7.7815973317709338e+11   9.3379167981251203e+02   6.4185423657475825e+04   2.9967907288171291e+07   1.0697570609579305e-03
  7.8130167243823535e+11   9.3756200692588243e+02   6.3927582362693254e+04   2.9968036208818689e+07   1.0654597060448876e-03
  7.8445629776098511e+11   9.4134755731318205e+02   6.3670775750000459e+04   2.9968164612125032e+07   1.0611795958333410e-03
  7.8762366036727454e+11   9.4514839244072937e+02   6.3414999676181047e+04   2.9968292500161942e+07   1.0569166612696842e-03
  7.9080381168582983e+11   9.4896457402299575e+02   6.3160250014539648e+04   2.9968419874992762e+07   1.0526708335756609e-03
  7.9399680335304126e+11   9.5279616402364945e+02   6.2906522654833861e+04   2.9968546738672610e+07   1.0484420442472310e-03
  7.9720268721378894e+11   9.5664322465654664e+02   6.2653813503212870e+04   2.9968673093248423e+07   1.0442302250535478e-03
  8.0042151532227490e+11   9.6050581838672986e+02   6.2402118482151105e+04   2.9968798940758955e+07   1.0400353080358517e-03
  8.0365333994288770e+11   9.6438400793146513e+02   6.2151433530381961e+04   2.9968924283234838e+07   1.0358572255063660e-03
  8.0689821355104163e+11   9.6827785626124989e+02   6.1901754602834437e+04   2.9969049122698613e+07   1.0316959100472407e-03
  8.1015618883401843e+11   9.7218742660082205e+02   6.1653077670572122e+04   2.9969173461164739e+07   1.0275512945095353e-03
  8.1342731869184265e+11   9.7611278243021115e+02   6.1405398720725294e+04   2.9969297300639670e+07   1.0234233120120881e-03
  8.1671165623813123e+11   9.8005398748575737e+02   6.1158713756428260e+04   2.9969420643121820e+07   1.0193118959404711e-03
  8.2000925480094482e+11   9.8401110576113376e+02   6.0913018796758166e+04   2.9969543490601648e+07   1.0152169799459694e-03
  8.2332016792367505e+11   9.8798420150841002e+02   6.0668309876671105e+04   2.9969665845061693e+07   1.0111384979445185e-03
  8.2664444936590271e+11   9.9197333923908320e+02   6.0424583046937230e+04   2.9969787708476562e+07   1.0070763841156206e-03
  8.2998215310426111e+11   9.9597858372511325e+02   6.0181834374079051e+04   2.9969909082812991e+07   1.0030305729013176e-03
  8.3333333333333276e+11   9.9999999999999932e+02   5.9940059940307132e+04   2.9970029970029876e+07   9.9900099900511897e-04
